humidity,lat,lon,peak_gust_speed,pressure,rain,rain_10min,rain_12hr,rain_1hr,rain_24hr,rain_2d,rain_3d,rain_3hr,rain_6hr,rain_now,stationId,stationName,sunshine_duration,temperature,timestamp_now,timestamp_rain,timestamp_weather,uv_index,visibility,weather,wind_dir,wind_speed
100.0,23.935639,121.508944,,993.0,44.5,1.5,240.5,20.0,392.0,404.0,536.0,47.0,107.5,46.0,C0T870,鯉魚潭,,23.3,,2025-09-24T02:10:00+08:00,2025-09-24T02:00:00+08:00,,,,0.0,0.1
100.0,24.555361,121.802628,,917.3,1.0,0.0,12.5,0.5,187.0,192.0,303.5,1.0,3.0,1.0,C0UA50,西帽山,,21.6,,2025-09-24T02:10:00+08:00,2025-09-24T02:00:00+08:00,,,,155.0,5.4
96.0,22.905944,120.688056,,958.0,7.5,2.5,83.5,3.0,138.5,146.0,156.0,11.0,15.5,10.0,C0V790,萬山,,22.7,,2025-09-24T02:10:00+08:00,2025-09-24T02:00:00+08:00,,,,180.0,1.7
,23.584167,120.695634,,,,0.0,17.0,1.0,22.0,23.0,23.0,2.0,6.0,1.0,01J970,草嶺(2),,,,2025-09-24T02:10:00+08:00,,,,,,
,23.979067,120.867742,,,,0.0,13.0,0.0,16.5,16.5,16.5,1.5,6.0,1.5,C1I550,國六W023K,,,,2025-09-24T02:10:00+08:00,,,,,,
99.0,23.866003,120.452806,,1000.6,2.0,0.5,24.0,1.0,25.0,25.0,25.0,3.0,9.5,2.5,C0G830,埤頭,,25.1,,2025-09-24T02:10:00+08:00,2025-09-24T02:00:00+08:00,,,,0.0,0.1
99.0,22.99175,120.293525,,1002.7,3.0,1.0,7.0,4.0,22.5,22.5,22.5,4.0,4.0,4.0,C0O990,媽廟,,24.8,,2025-09-24T02:10:00+08:00,2025-09-24T02:00:00+08:00,,,,0.0,0.0
100.0,23.880628,121.581981,,962.4,13.0,0.0,161.5,2.5,237.0,239.5,305.5,13.0,55.0,13.0,C0T9E0,大坑,,23.5,,2025-09-24T02:10:00+08:00,2025-09-24T02:00:00+08:00,,,,2.0,0.6
99.0,22.857861,120.516667,3.1,-99.0,,0.0,27.0,9.5,77.0,81.0,81.0,18.5,19.0,13.5,72V140,旗南農改,-99.0,23.8,2025-09-24T02:00:00+08:00,2025-09-24T02:10:00+08:00,,-99,-99,陰有雨,10.0,0.6
100.0,23.74633,120.467926,3.1,-99.0,,0.0,21.0,1.5,23.0,23.0,23.5,3.5,6.5,2.5,CAJ020,國一N234K,-99.0,24.1,2025-09-24T02:00:00+08:00,2025-09-24T02:10:00+08:00,,-99,11-15,陰有雨,30.0,1.0
100.0,24.296465,120.643135,3.2,-99.0,,0.5,19.5,1.5,23.5,23.5,24.0,5.0,13.5,3.5,CAF090,國四E5K,-99.0,23.8,2025-09-24T02:00:00+08:00,2025-09-24T02:10:00+08:00,,-99,-99,陰,180.0,0.5
66.0,25.00235,121.575728,,999.0,0.0,0.0,15.0,0.0,89.5,97.0,117.0,0.0,0.5,0.0,C0AC80,文山,,30.7,,2025-09-24T02:10:00+08:00,2025-09-24T02:00:00+08:00,,,,118.0,5.0
98.0,24.003028,120.534389,1.2,-99.0,,0.0,23.0,0.5,25.0,25.0,25.0,5.5,12.5,3.5,72G600,臺中農改,-99.0,25.1,2025-09-24T02:00:00+08:00,2025-09-24T02:10:00+08:00,,-99,-99,陰,0.0,0.0
90.0,23.021375,120.347878,,996.5,5.0,1.5,10.5,5.0,31.0,31.5,31.5,7.5,7.5,6.5,C0O970,虎頭埤,,23.6,,2025-09-24T02:10:00+08:00,2025-09-24T02:00:00+08:00,,,,61.0,1.8
,23.594153,120.944286,,,,0.0,42.0,1.5,94.5,99.5,144.0,9.0,14.0,5.0,C1I450,望鄉山,,,,2025-09-24T02:10:00+08:00,,,,,,
,25.134398,121.476914,,,,0.0,2.0,0.0,38.0,38.0,68.0,0.0,0.0,0.0,A1A9U0,桃源國中,,,,2025-09-24T02:10:00+08:00,,,,,,
100.0,22.454275,120.666219,,940.9,21.0,3.0,63.5,6.5,256.5,309.5,408.0,26.5,32.5,24.0,C0R820,白鷺,,22.6,,2025-09-24T02:10:00+08:00,2025-09-24T02:00:00+08:00,,,,243.0,0.7
98.0,23.657717,120.595144,1.6,-99.0,,0.0,17.5,1.5,21.0,21.0,21.5,2.5,6.0,2.0,C2K630,荷苞,-99.0,23.3,2025-09-24T02:00:00+08:00,2025-09-24T02:10:00+08:00,,-99,-99,陰,100.0,0.9
99.0,23.457656,120.460517,,999.9,1.0,0.5,10.5,1.0,16.5,16.5,17.0,2.0,2.5,1.5,C0M730,嘉義市東區,,24.6,,2025-09-24T02:10:00+08:00,2025-09-24T02:00:00+08:00,,,,157.0,0.6
99.0,23.719183,120.442036,,1000.1,3.0,0.0,20.0,2.0,23.5,23.5,23.5,3.5,6.0,3.0,C0K330,虎尾,,24.7,,2025-09-24T02:10:00+08:00,2025-09-24T02:00:00+08:00,,,,50.0,0.9
,24.646103,121.151106,,,,0.0,2.0,0.0,3.0,3.0,3.0,0.5,1.0,0.5,81D660,花園派出所,,,,2025-09-24T02:10:00+08:00,,,,,,
92.0,23.126769,121.401914,,1005.8,15.5,0.0,60.0,5.0,104.0,107.5,155.0,15.5,29.0,15.5,C0SB60,白守蓮,,26.5,,2025-09-24T02:10:00+08:00,2025-09-24T02:00:00+08:00,,,,161.0,2.2
,23.961922,120.991131,,,,0.0,13.5,0.0,14.5,14.5,14.5,2.0,10.0,2.0,C1I250,鯉潭,,,,2025-09-24T02:10:00+08:00,,,,,,
92.0,23.901669,120.509389,,999.1,3.0,0.5,28.5,1.5,29.5,29.5,29.5,6.5,12.0,3.5,C0G820,田尾,,25.8,,2025-09-24T02:10:00+08:00,2025-09-24T02:00:00+08:00,,,,0.0,0.0
,23.985549,120.892835,,,,0.0,13.0,1.0,16.0,16.0,16.0,2.0,6.0,2.0,01H680,北山(2),,,,2025-09-24T02:10:00+08:00,,,,,,
-99.0,22.534361,120.54,,-99.0,15.5,0.0,43.5,3.0,92.5,102.0,118.5,16.0,16.5,15.5,C0R220,潮州,,-99.0,,2025-09-24T02:10:00+08:00,2025-09-24T02:00:00+08:00,,,,-99.0,-99.0
,25.094893,121.56991,,,,0.0,2.0,0.0,42.0,42.0,66.5,0.0,0.0,0.0,A1AG80,金面山,,,,2025-09-24T02:10:00+08:00,,,,,,
100.0,23.369892,120.248047,,1003.0,2.0,0.0,13.0,1.0,19.5,19.5,19.5,2.0,2.5,2.0,C0M520,東後寮,,24.8,,2025-09-24T02:10:00+08:00,2025-09-24T02:00:00+08:00,,,,106.0,0.5
100.0,24.836391,121.199371,4.7,-99.0,,0.0,1.0,0.0,2.0,2.5,5.5,0.0,1.0,0.0,CAC770,國三N072K,-99.0,23.3,2025-09-24T02:00:00+08:00,2025-09-24T02:10:00+08:00,,-99,3-6,陰有靄,200.0,2.2
,22.245154,120.835687,,,,0.0,31.0,9.0,61.0,77.0,123.0,19.0,23.0,16.0,01R000,壽卡,,,,2025-09-24T02:10:00+08:00,,,,,,
-99.0,22.507747,120.394511,,-99.0,-99.0,,,,,,,,,,C0V720,林園,,-99.0,,,2025-09-24T02:00:00+08:00,,,,-99.0,-99.0
100.0,23.809928,121.539828,,953.6,33.5,0.0,85.0,6.0,169.0,175.5,233.0,36.0,59.0,33.5,C0T9A0,月眉山,,23.8,,2025-09-24T02:10:00+08:00,2025-09-24T02:00:00+08:00,,,,151.0,2.0
100.0,22.684872,121.005644,,952.5,11.0,0.0,115.0,8.5,229.0,260.5,374.0,19.5,45.5,11.0,C0S700,知本,,23.6,,2025-09-24T02:10:00+08:00,2025-09-24T02:00:00+08:00,,,,49.0,2.5
100.0,22.954453,121.229922,,962.2,3.5,0.0,207.5,2.5,346.0,355.0,395.0,7.0,65.0,3.5,C0S950,七塊厝,,24.9,,2025-09-24T02:10:00+08:00,2025-09-24T02:00:00+08:00,,,,113.0,2.5
,23.641944,120.654117,,,,0.0,17.5,1.5,22.0,22.0,22.0,3.0,6.0,1.5,C1I131,桶頭,,,,2025-09-24T02:10:00+08:00,,,,,,
89.0,25.627975,122.079744,24.1,996.1,,0.0,15.0,0.0,15.5,15.5,21.0,6.5,9.0,0.0,466950,彭佳嶼,0.0,26.9,2025-09-24T02:00:00+08:00,2025-09-24T02:10:00+08:00,,0,16-20,陰,140.0,10.0
98.0,24.648769,120.772436,,1002.6,2.0,0.5,14.0,2.0,15.5,15.5,15.5,4.5,11.0,2.5,C0E910,海埔,,25.7,,2025-09-24T02:10:00+08:00,2025-09-24T02:00:00+08:00,,,,203.0,0.7
100.0,24.179597,121.495639,,950.4,59.5,3.0,366.0,28.0,702.0,727.0,930.5,83.0,188.5,62.5,C0T820,天祥,,21.8,,2025-09-24T02:10:00+08:00,2025-09-24T02:00:00+08:00,,,,299.0,0.4
97.0,22.738578,120.446797,,1001.3,7.5,0.0,9.5,6.0,50.0,54.0,56.0,8.0,8.0,7.5,C0V350,溪埔,,23.8,,2025-09-24T02:10:00+08:00,2025-09-24T02:00:00+08:00,,,,1.0,1.4
100.0,24.864781,121.773961,,943.8,0.5,0.0,11.0,0.5,108.0,117.5,156.5,0.5,0.5,0.5,C0U980,坪林石牌,,23.9,,2025-09-24T02:10:00+08:00,2025-09-24T02:00:00+08:00,,,,159.0,8.5
85.0,22.792467,121.192669,,1002.9,37.0,0.0,113.0,5.0,168.0,206.0,256.5,55.5,72.5,37.0,C0SB20,富岡,,28.1,,2025-09-24T02:10:00+08:00,2025-09-24T02:00:00+08:00,,,,96.0,5.8
,24.272392,120.849047,,,,0.0,14.0,1.0,17.5,17.5,17.5,4.0,9.0,3.0,C1F9F1,伯公龍,,,,2025-09-24T02:10:00+08:00,,,,,,
,25.108056,121.814722,,,,0.0,19.0,0.0,46.0,47.0,54.0,0.0,0.0,0.0,NUP810,員山子,,,,2025-09-24T02:10:00+08:00,,,,,,
,24.397972,120.986022,,,,0.0,10.0,1.5,11.5,11.5,12.0,3.5,6.5,2.0,C1E461,松安,,,,2025-09-24T02:10:00+08:00,,,,,,
,22.888322,120.645986,,,,0.5,64.0,2.0,104.5,110.0,113.0,9.5,14.0,9.0,C1V340,大津,,,,2025-09-24T02:10:00+08:00,,,,,,
,23.405748,121.320127,,,,0.0,226.0,19.0,378.0,404.0,506.0,44.0,69.0,24.0,O1T820,太平國小,,,,2025-09-24T02:10:00+08:00,,,,,,
87.0,24.118546,120.585747,2.6,-99.0,,0.0,20.5,1.0,24.5,24.5,24.5,6.0,13.0,5.0,CAF040,國一S188K,-99.0,25.0,2025-09-24T02:00:00+08:00,2025-09-24T02:10:00+08:00,,-99,-99,陰,40.0,1.5
75.0,24.681836,121.749344,,1004.8,0.0,0.0,18.5,0.0,91.0,95.5,161.0,0.0,2.0,0.0,C0U940,羅東,,28.7,,2025-09-24T02:10:00+08:00,2025-09-24T02:00:00+08:00,,,,122.0,2.2
96.0,25.132153,121.608692,,929.9,0.0,0.0,10.5,0.0,38.0,38.0,70.0,0.0,0.0,0.0,C0A870,五指山,,22.8,,2025-09-24T02:10:00+08:00,2025-09-24T02:00:00+08:00,,,,138.0,8.4
,24.192044,121.388386,,,,4.5,257.0,17.0,392.0,415.0,613.0,54.0,143.5,45.5,C1T810,慈恩,,,,2025-09-24T02:10:00+08:00,,,,,,
,24.876212,121.562992,,,,0.0,7.0,0.0,43.0,51.0,115.0,1.0,2.0,0.0,01A440,大桶山,,,,2025-09-24T02:10:00+08:00,,,,,,
95.0,23.3052,120.14891,5.5,-99.0,,0.0,10.0,2.0,17.5,17.5,17.5,3.0,3.0,3.0,CAN110,西濱S280K,-99.0,25.5,2025-09-24T02:00:00+08:00,2025-09-24T02:10:00+08:00,,-99,7-10,陰有雨,70.0,3.1
97.0,22.623325,120.275575,,1001.6,10.5,1.0,13.0,6.5,39.5,43.0,43.5,11.5,11.5,11.5,C0V690,鼓山,,24.8,,2025-09-24T02:10:00+08:00,2025-09-24T02:00:00+08:00,,,,44.0,3.4
85.0,22.13845,120.70215,,1002.9,27.5,0.0,35.5,15.5,68.5,84.5,191.0,30.5,34.5,27.5,C0R900,竹坑,,26.6,,2025-09-24T02:10:00+08:00,2025-09-24T02:00:00+08:00,,,,147.0,7.8
,24.066172,120.735194,,,,0.0,14.0,0.0,19.5,19.5,19.5,2.5,7.5,1.5,C1F9B1,桐林,,,,2025-09-24T02:10:00+08:00,,,,,,
100.0,24.760717,121.58135,,936.2,0.0,0.0,27.5,0.0,123.5,133.5,283.0,0.5,4.5,0.0,C0AH90,福山植物園,,22.8,,2025-09-24T02:10:00+08:00,2025-09-24T02:00:00+08:00,,,,345.0,0.7
,23.265549,120.824866,,,,0.0,56.0,2.0,116.0,125.0,139.0,8.0,14.0,5.0,01V060,梅山(2),,,,2025-09-24T02:10:00+08:00,,,,,,
,25.147998,121.483915,,,,0.0,1.0,0.0,27.5,27.5,62.5,0.0,0.0,0.0,A1AG30,稻香里,,,,2025-09-24T02:10:00+08:00,,,,,,
97.0,23.079561,120.495008,,991.0,1.5,0.0,24.5,0.5,36.5,37.0,37.0,2.0,2.0,1.5,C0O830,北寮,,24.5,,2025-09-24T02:10:00+08:00,2025-09-24T02:00:00+08:00,,,,0.0,0.0
100.0,23.474264,121.410711,,984.3,17.5,0.5,167.5,9.5,285.5,297.0,419.5,28.5,90.5,18.0,C0Z280,德武,,24.1,,2025-09-24T02:10:00+08:00,2025-09-24T02:00:00+08:00,,,,303.0,1.0
100.0,23.223772,121.406639,,991.6,6.5,1.5,79.5,2.5,153.5,165.5,208.0,9.0,27.0,8.0,C0S940,石寧山,,25.7,,2025-09-24T02:10:00+08:00,2025-09-24T02:00:00+08:00,,,,158.0,3.1
100.0,22.588194,120.664944,,920.5,29.5,0.5,69.5,8.0,251.0,317.0,455.5,39.0,46.5,30.0,C0R600,舊泰武,,21.3,,2025-09-24T02:10:00+08:00,2025-09-24T02:00:00+08:00,,,,353.0,3.0
99.0,23.112883,120.297219,,1003.4,4.0,1.0,11.5,4.0,24.5,25.0,25.0,5.5,5.5,5.0,C0O900,善化,,24.9,,2025-09-24T02:10:00+08:00,2025-09-24T02:00:00+08:00,,,,94.0,0.3
99.0,23.468598,120.499369,1.3,-99.0,,0.5,11.5,0.5,17.5,17.5,18.0,1.5,2.0,1.0,CAL070,國三N295K,-99.0,23.7,2025-09-24T02:00:00+08:00,2025-09-24T02:10:00+08:00,,-99,7-10,陰,210.0,0.6
,23.854531,120.869499,,,,0.0,3.5,0.0,5.0,5.0,5.0,0.5,2.5,0.5,81H900,大觀發電廠,,,,2025-09-24T02:10:00+08:00,,,,,,
100.0,21.931672,120.838942,,992.7,9.5,0.0,10.0,7.0,10.5,12.0,64.0,9.5,10.0,9.5,C0R710,龍磐,,25.5,,2025-09-24T02:10:00+08:00,2025-09-24T02:00:00+08:00,,,,143.0,5.2
100.0,24.183258,121.641899,,889.2,13.0,1.0,117.0,11.5,287.0,308.5,511.5,16.0,36.0,14.0,C0TA80,立霧山,,20.5,,2025-09-24T02:10:00+08:00,2025-09-24T02:00:00+08:00,,,,211.0,1.1
65.0,25.134937,121.364899,,1001.5,0.0,0.0,0.0,0.0,10.5,10.5,32.5,0.0,0.0,0.0,C0AK10,太平里,,29.8,,2025-09-24T02:10:00+08:00,2025-09-24T02:00:00+08:00,,,,76.0,1.7
,23.267835,120.501621,,,,0.0,13.5,1.0,20.5,20.5,20.5,1.5,2.0,1.5,81O960,崁頭山,,,,2025-09-24T02:10:00+08:00,,,,,,
-99.0,23.493903,120.699253,,-99.0,-99.0,,,,,,,,,,C0M530,奮起湖,,-99.0,,,2025-09-24T02:00:00+08:00,,,,-99.0,-99.0
,25.168595,121.538915,,,,0.0,7.0,0.0,39.5,39.5,96.0,0.0,0.0,0.0,A1A9S0,湖田國小,,,,2025-09-24T02:10:00+08:00,,,,,,
,24.329422,121.739594,,,,0.0,21.0,0.0,156.0,168.0,279.0,0.0,1.0,0.0,01U230,大濁水,,,,2025-09-24T02:10:00+08:00,,,,,,
,23.814841,121.403464,,,,0.0,220.0,5.0,439.0,446.0,518.0,49.0,123.0,23.0,01T670,新東礦,,,,2025-09-24T02:10:00+08:00,,,,,,
84.0,24.817539,121.765608,,1005.8,0.0,0.0,6.0,0.0,76.5,82.5,130.0,0.0,0.0,0.0,C0U600,礁溪,,28.2,,2025-09-24T02:10:00+08:00,2025-09-24T02:00:00+08:00,,,,124.0,1.2
97.0,22.462467,120.440744,,1002.8,17.5,7.5,34.5,15.0,67.0,76.0,89.0,27.5,27.5,25.0,C0R640,東港,,26.1,,2025-09-24T02:10:00+08:00,2025-09-24T02:00:00+08:00,,,,108.0,4.3
,25.143993,121.566013,,,,0.0,8.5,0.0,37.0,37.5,76.5,0.0,0.0,0.0,A1AD00,菁山里,,,,2025-09-24T02:10:00+08:00,,,,,,
93.0,22.305064,120.642986,,1001.8,37.0,7.5,92.0,16.5,161.5,179.0,211.0,50.0,53.5,44.5,C0R810,內獅,,26.0,,2025-09-24T02:10:00+08:00,2025-09-24T02:00:00+08:00,,,,165.0,3.8
-99.0,10.370203,114.364286,-99.0,-99.0,,0.0,0.0,0.0,0.0,0.0,70.0,0.0,0.0,-99.0,469020,南沙島,-99.0,-99.0,2025-09-24T02:00:00+08:00,2025-09-24T02:10:00+08:00,,-99,-99,-99,-99.0,-99.0
,24.989295,121.543203,,,,0.0,6.0,0.0,65.0,68.5,86.0,0.0,0.5,0.0,A1AG70,仙跡岩,,,,2025-09-24T02:10:00+08:00,,,,,,
94.0,24.853233,121.830797,,1007.1,0.0,0.0,12.5,0.0,66.5,70.5,99.0,0.0,0.5,0.0,C0U860,頭城,,27.3,,2025-09-24T02:10:00+08:00,2025-09-24T02:00:00+08:00,,,,151.0,5.6
98.0,23.873803,120.581286,1.4,999.9,,0.0,23.0,0.5,25.5,25.5,25.5,4.5,10.0,2.5,467270,田中,0.0,24.7,2025-09-24T02:00:00+08:00,2025-09-24T02:10:00+08:00,,0,>30,陰,90.0,0.3
,25.010105,121.387637,,,,0.0,0.0,0.0,12.0,12.0,16.0,0.0,0.0,0.0,01C570,龍壽社區,,,,2025-09-24T02:10:00+08:00,,,,,,
95.0,23.978875,121.139639,3.2,-99.0,,0.5,68.5,3.0,111.5,113.0,131.5,21.5,48.5,20.0,42HA10,萬大發電廠,-99.0,19.4,2025-09-24T02:00:00+08:00,2025-09-24T02:10:00+08:00,,-99,-99,陰,250.0,0.3
,24.554803,121.034747,,,,0.0,5.5,0.5,6.5,6.5,6.5,1.0,2.5,1.0,C1E480,鳳美,,,,2025-09-24T02:10:00+08:00,,,,,,
100.0,24.590269,121.412228,,829.1,6.5,0.5,93.0,2.5,149.0,164.5,262.0,18.5,64.0,7.0,C0UA10,鴛鴦湖,,17.3,,2025-09-24T02:10:00+08:00,2025-09-24T02:00:00+08:00,,,,0.0,0.2
99.0,23.670306,120.798194,2.0,-99.0,,0.5,16.5,0.5,22.0,22.0,23.0,3.0,6.0,0.5,U2H480,臺大溪頭,-99.0,18.9,2025-09-24T02:00:00+08:00,2025-09-24T02:10:00+08:00,,-99,-99,陰,210.0,0.7
,24.925692,121.446624,,,,0.0,9.0,0.0,39.5,42.0,73.5,0.0,2.0,0.0,81AI10,建安國小,,,,2025-09-24T02:10:00+08:00,,,,,,
,22.379592,120.858181,,,,0.0,15.0,1.0,91.0,122.0,228.0,10.0,15.0,1.0,01S360,紹家,,,,2025-09-24T02:10:00+08:00,,,,,,
98.0,23.596111,120.523333,2.1,-99.0,,0.5,14.0,1.0,19.0,19.0,19.0,2.5,3.5,1.5,CAL050,國三N279K,-99.0,23.7,2025-09-24T02:00:00+08:00,2025-09-24T02:10:00+08:00,,-99,>30,陰,80.0,0.6
,25.105298,121.474712,,,,0.0,1.5,0.0,41.0,41.0,62.0,0.0,0.0,0.0,A1AB30,中洲,,,,2025-09-24T02:10:00+08:00,,,,,,
97.0,23.572911,120.245956,,1002.9,1.0,0.5,15.5,1.0,22.0,22.0,22.0,2.5,3.5,1.5,C0K510,水林,,25.1,,2025-09-24T02:10:00+08:00,2025-09-24T02:00:00+08:00,,,,39.0,0.7
,24.437089,121.379327,,,,0.0,45.0,3.0,90.0,98.0,151.0,11.0,19.0,4.0,01U080,南山,,,,2025-09-24T02:10:00+08:00,,,,,,
91.0,23.574056,120.291786,,1001.6,1.0,0.5,15.5,1.0,22.5,22.5,22.5,2.5,3.5,1.5,C0K410,北港,,25.1,,2025-09-24T02:10:00+08:00,2025-09-24T02:00:00+08:00,,,,31.0,2.1
97.0,24.831989,120.914439,,1002.3,1.5,0.0,6.5,0.5,7.5,7.5,7.5,2.5,4.0,1.5,C0D670,海天一線,,26.7,,2025-09-24T02:10:00+08:00,2025-09-24T02:00:00+08:00,,,,258.0,5.6
95.0,24.276061,120.777644,,967.6,3.0,0.0,17.0,1.5,20.5,20.5,20.5,4.0,11.5,3.0,C0F0B0,石岡,,23.8,,2025-09-24T02:10:00+08:00,2025-09-24T02:00:00+08:00,,,,0.0,0.2
67.0,24.992425,121.323172,,993.4,0.0,0.0,0.5,0.0,5.0,5.5,11.0,0.0,0.0,0.0,C0C480,桃園,,29.2,,2025-09-24T02:10:00+08:00,2025-09-24T02:00:00+08:00,,,,139.0,0.5
94.0,23.623426,120.172646,5.2,-99.0,,0.0,15.0,1.0,22.5,22.5,22.5,1.0,1.5,1.0,CAJ040,西濱S241K,-99.0,25.1,2025-09-24T02:00:00+08:00,2025-09-24T02:10:00+08:00,,-99,21-30,陰有雨,70.0,3.8
,23.668178,120.887417,,,,0.0,16.5,0.5,23.5,23.5,25.0,4.0,6.5,1.5,C1I290,豐丘,,,,2025-09-24T02:10:00+08:00,,,,,,
90.0,24.2499,121.1455,,859.4,3.5,0.0,23.0,2.0,32.5,34.5,46.0,3.5,11.5,3.5,C0FB40,中橫21.6k,,19.0,,2025-09-24T02:10:00+08:00,2025-09-24T02:00:00+08:00,,,,157.0,3.5
91.0,24.179494,120.641275,,991.7,3.0,0.5,17.5,1.0,24.0,24.0,24.0,4.0,11.0,3.5,C0F9T0,西屯,,24.8,,2025-09-24T02:10:00+08:00,2025-09-24T02:00:00+08:00,,,,334.0,1.0
,23.607222,121.376111,,,,4.5,117.0,8.0,237.5,266.5,349.0,14.5,71.0,9.0,81T770,大豐,,,,2025-09-24T02:10:00+08:00,,,,,,
,23.240357,120.696723,,,,0.0,19.0,1.0,28.0,28.0,30.0,4.0,4.0,3.0,O1V520,民權,,,,2025-09-24T02:10:00+08:00,,,,,,
,24.203483,121.018644,,,,0.0,23.0,2.0,26.0,26.0,26.5,6.5,17.0,6.0,C1F871,上谷關,,,,2025-09-24T02:10:00+08:00,,,,,,
96.0,24.448431,118.451786,5.5,-99.0,,0.0,5.5,2.5,5.5,5.5,5.5,4.0,4.5,4.0,C2W030,金門(東),-99.0,26.4,2025-09-24T02:00:00+08:00,2025-09-24T02:10:00+08:00,,-99,-99,陰,10.0,1.8
-99.0,22.646653,120.356122,,-99.0,-99.0,,,,,,,,,,C0V440,鳳山,,-99.0,,,2025-09-24T02:00:00+08:00,,,,-99.0,-99.0
,25.180294,121.548816,,,,0.0,9.5,0.0,50.0,50.0,73.0,0.0,0.0,0.0,A1AD40,小油坑,,,,2025-09-24T02:10:00+08:00,,,,,,
100.0,23.73835,121.540108,,970.1,35.5,0.5,126.0,3.5,233.5,242.5,312.0,61.0,91.5,36.0,C0Z270,蕃薯寮,,24.5,,2025-09-24T02:10:00+08:00,2025-09-24T02:00:00+08:00,,,,104.0,4.1
89.0,22.190131,120.692156,,1003.5,41.5,0.0,84.5,11.0,137.5,172.0,250.5,47.5,70.5,41.5,C0R670,楓港,,25.8,,2025-09-24T02:10:00+08:00,2025-09-24T02:00:00+08:00,,,,139.0,3.4
,23.615233,121.413331,,,,0.5,154.5,15.0,285.5,302.0,405.0,42.0,93.5,18.0,C1T970,大農,,,,2025-09-24T02:10:00+08:00,,,,,,
,24.677573,121.208601,,,,0.0,1.0,0.0,3.0,3.0,6.0,0.0,0.0,0.0,01D180,梅花,,,,2025-09-24T02:10:00+08:00,,,,,,
90.0,23.562643,120.665688,2.5,-99.0,,0.0,16.5,1.0,21.5,21.5,22.0,2.0,4.5,1.5,C2M960,外寮,-99.0,20.3,2025-09-24T02:00:00+08:00,2025-09-24T02:10:00+08:00,,-99,-99,陰,310.0,0.7
97.0,24.022122,121.132206,,881.1,12.5,0.5,40.5,1.5,66.0,67.5,86.0,13.5,28.5,13.0,C0I390,仁愛,,19.0,,2025-09-24T02:10:00+08:00,2025-09-24T02:00:00+08:00,,,,102.0,0.8
99.0,23.720575,120.541117,,998.1,2.5,0.5,22.5,2.0,25.0,25.0,25.5,4.0,8.0,3.0,C0K400,斗六,,24.2,,2025-09-24T02:10:00+08:00,2025-09-24T02:00:00+08:00,,,,61.0,0.5
99.0,23.150194,121.070025,,922.4,31.0,1.0,295.0,12.0,538.0,569.5,653.0,42.0,110.5,32.0,C0S660,下馬,,22.0,,2025-09-24T02:10:00+08:00,2025-09-24T02:00:00+08:00,,,,128.0,2.9
,22.753496,121.158652,,,,0.0,90.0,6.0,220.0,273.0,345.0,40.0,52.0,31.0,01S610,台東(7),,,,2025-09-24T02:10:00+08:00,,,,,,
100.0,24.971197,121.823711,,961.5,0.0,0.0,49.5,0.0,118.5,124.5,154.5,0.0,1.5,0.0,C0A550,泰平,,24.9,,2025-09-24T02:10:00+08:00,2025-09-24T02:00:00+08:00,,,,116.0,0.6
95.0,25.182586,121.529731,17.3,-99.0,,0.0,8.0,0.0,39.0,39.0,97.5,0.5,0.5,0.5,466910,鞍部,0.0,21.9,2025-09-24T02:00:00+08:00,2025-09-24T02:10:00+08:00,,0,>30,陰,190.0,6.9
,25.089894,121.55131,,,,0.0,2.0,0.0,49.5,49.5,83.0,0.0,0.0,0.0,A1AD50,劍南路,,,,2025-09-24T02:10:00+08:00,,,,,,
,23.826281,120.774892,,,,0.0,11.0,0.0,14.0,14.0,14.0,3.0,6.0,1.0,00H710,集集(2),,,,2025-09-24T02:10:00+08:00,,,,,,
84.0,24.848222,121.597992,,964.9,-99.0,0.0,12.5,0.0,93.0,105.5,199.0,0.5,0.5,0.0,C0A570,桶後,,25.7,,2025-09-24T02:10:00+08:00,2025-09-24T02:00:00+08:00,,,,84.0,5.9
100.0,23.324361,120.582017,2.2,-99.0,,0.0,12.5,1.0,17.5,18.0,18.0,2.0,2.0,1.5,C2M410,馬頭山,-99.0,22.7,2025-09-24T02:00:00+08:00,2025-09-24T02:10:00+08:00,,-99,-99,陰有雨,350.0,0.9
,24.984393,121.577502,,,,0.0,15.5,0.0,98.5,109.5,130.0,1.0,1.0,0.0,A1AB00,北政國中,,,,2025-09-24T02:10:00+08:00,,,,,,
,24.680903,121.748775,,,,0.0,20.0,0.0,92.0,94.0,158.0,0.0,2.0,0.0,01U190,新北城,,,,2025-09-24T02:10:00+08:00,,,,,,
100.0,22.419456,120.552375,,1002.4,36.0,5.5,67.5,15.5,114.5,138.0,184.0,43.0,43.0,41.5,C0R540,佳冬,,24.5,,2025-09-24T02:10:00+08:00,2025-09-24T02:00:00+08:00,,,,44.0,0.9
,23.087497,120.575997,,,,0.0,22.5,0.5,36.5,37.0,37.0,3.5,5.5,2.0,F1V860,甲仙,,,,2025-09-24T02:10:00+08:00,,,,,,
86.0,24.699317,121.427133,23.8,-99.0,,0.0,8.5,0.0,37.5,45.0,272.5,0.0,1.5,0.0,CAC040,拉拉山,-99.0,18.9,2025-09-24T02:00:00+08:00,2025-09-24T02:10:00+08:00,,-99,-99,陰,170.0,7.2
67.0,25.02955,121.53628,4.9,-99.0,,0.0,7.0,0.0,60.0,62.5,78.0,0.0,0.0,0.0,CAAH60,大安森林,-99.0,29.0,2025-09-24T02:00:00+08:00,2025-09-24T02:10:00+08:00,,-99,-99,陰,80.0,0.5
98.0,23.478744,120.702264,2.1,-99.0,,0.0,22.5,1.0,28.0,28.5,29.0,2.5,6.5,2.0,C2M930,石卓,-99.0,17.8,2025-09-24T02:00:00+08:00,2025-09-24T02:10:00+08:00,,-99,-99,陰有雨,20.0,0.4
97.0,23.928228,121.091411,,837.7,4.0,0.0,31.5,1.0,64.0,70.5,87.0,5.0,15.5,4.0,C0I490,萬大林道,,17.0,,2025-09-24T02:10:00+08:00,2025-09-24T02:00:00+08:00,,,,196.0,0.7
92.0,23.097486,121.373428,7.4,1003.7,,0.0,82.0,7.5,157.5,171.5,244.0,8.0,32.5,8.0,467610,成功,0.0,27.0,2025-09-24T02:00:00+08:00,2025-09-24T02:10:00+08:00,,0,7-10,陰有雨,120.0,1.8
99.0,23.756972,120.681556,1.9,-99.0,,0.0,17.0,0.0,21.5,21.5,21.5,3.0,7.0,1.0,U2HA50,臺大竹山,-99.0,24.0,2025-09-24T02:00:00+08:00,2025-09-24T02:10:00+08:00,,-99,-99,陰,330.0,0.4
95.0,23.346388,120.438888,1.3,-99.0,,0.0,10.5,0.0,17.0,17.0,17.0,1.0,1.0,0.5,CAN060,國三S311K,-99.0,23.3,2025-09-24T02:00:00+08:00,2025-09-24T02:10:00+08:00,,-99,21-30,陰,70.0,0.9
,24.463414,120.680019,,,,0.0,20.0,3.0,23.0,23.0,23.0,5.5,16.0,3.5,C1E890,國三N149K,,,,2025-09-24T02:10:00+08:00,,,,,,
93.0,23.947633,120.525456,,1000.3,3.0,0.5,26.5,1.0,28.5,28.5,28.5,5.5,13.0,3.5,C0G810,埔心,,-99.0,,2025-09-24T02:10:00+08:00,2025-09-24T02:00:00+08:00,,,,0.0,0.0
,23.247932,120.985899,,,,0.0,236.0,0.0,460.0,497.0,649.0,5.0,76.0,0.0,01S470,向陽(2),,,,2025-09-24T02:10:00+08:00,,,,,,
,24.36042,120.948417,,,,0.0,15.0,2.0,16.0,16.0,16.0,4.0,11.0,3.0,01E060,象鼻(1),,,,2025-09-24T02:10:00+08:00,,,,,,
100.0,23.991861,121.537169,,948.5,24.5,0.0,245.0,10.0,366.0,374.0,500.5,37.0,104.5,24.5,C0T9B0,水源,,23.2,,2025-09-24T02:10:00+08:00,2025-09-24T02:00:00+08:00,,,,173.0,2.9
100.0,23.881325,120.90805,2.7,-99.0,,0.0,12.0,0.0,19.0,19.5,19.5,2.0,7.5,2.0,467650,日月潭,0.0,19.8,2025-09-24T02:00:00+08:00,2025-09-24T02:10:00+08:00,,0,7-10,陰有靄,110.0,1.5
97.0,23.434628,120.239019,,1003.1,1.0,0.0,13.0,0.5,19.0,19.0,19.0,1.5,2.0,1.0,C0M650,朴子,,24.4,,2025-09-24T02:10:00+08:00,2025-09-24T02:00:00+08:00,,,,68.0,1.6
,24.825,121.288611,,,,0.0,0.0,0.0,1.5,2.0,24.5,0.0,0.0,0.0,81C700,大艽芎古道,,,,2025-09-24T02:10:00+08:00,,,,,,
,23.0325,120.6625,,,,0.0,22.5,0.5,33.5,34.0,34.0,3.0,4.5,1.0,81V840,新發國小,,,,2025-09-24T02:10:00+08:00,,,,,,
90.0,23.22881,120.29962,2.6,-99.0,,0.0,13.5,1.0,22.0,22.0,22.0,1.5,2.0,1.5,CAN140,六官養殖協會,-99.0,25.0,2025-09-24T02:00:00+08:00,2025-09-24T02:10:00+08:00,,-99,-99,陰,90.0,0.8
100.0,22.130036,120.792639,,979.2,56.5,0.0,77.0,17.0,90.5,99.0,196.5,65.0,67.0,56.5,C0R341,牡丹,,24.0,,2025-09-24T02:10:00+08:00,2025-09-24T02:00:00+08:00,,,,98.0,1.0
,23.972525,120.678996,,,,0.0,16.0,1.0,20.0,20.0,20.0,4.0,9.0,3.0,01H630,草屯(4),,,,2025-09-24T02:10:00+08:00,,,,,,
65.0,25.037822,121.564597,,996.4,-99.0,0.0,11.5,0.0,69.0,73.0,94.0,0.0,0.5,0.0,C0AC70,信義,,29.8,,2025-09-24T02:10:00+08:00,2025-09-24T02:00:00+08:00,,,,98.0,2.6
99.0,24.527806,120.770972,2.4,-99.0,,0.5,19.5,3.0,21.0,21.0,21.0,6.5,15.5,3.5,B2E890,新竹畜試,-99.0,24.5,2025-09-24T02:00:00+08:00,2025-09-24T02:10:00+08:00,,-99,-99,陰有雨,80.0,0.7
94.0,24.437042,120.778219,2.6,-99.0,,0.0,18.5,3.0,20.5,21.0,21.5,6.0,13.5,3.5,CAE560,國一S144K,-99.0,22.8,2025-09-24T02:00:00+08:00,2025-09-24T02:10:00+08:00,,-99,3-6,陰有雨,330.0,1.1
74.0,25.283128,121.519058,,1003.2,0.0,0.0,5.0,0.0,44.0,44.0,47.5,0.0,0.0,0.0,C0AI20,白沙灣,,29.2,,2025-09-24T02:10:00+08:00,2025-09-24T02:00:00+08:00,,,,115.0,4.7
,23.702777,120.762222,,,,0.0,7.5,0.0,8.0,8.0,8.0,1.0,2.5,0.0,81HB30,和雅茶園,,,,2025-09-24T02:10:00+08:00,,,,,,
92.0,24.39792,120.98599,,861.6,2.5,0.0,11.0,1.5,12.5,12.5,12.5,4.0,7.0,2.5,C0E950,松安,,18.1,,2025-09-24T02:10:00+08:00,2025-09-24T02:00:00+08:00,,,,88.0,1.2
90.0,23.056758,120.408522,,997.9,3.5,0.0,22.5,3.0,40.5,40.5,40.5,4.5,5.5,3.5,C0X200,左鎮,,25.1,,2025-09-24T02:10:00+08:00,2025-09-24T02:00:00+08:00,,,,72.0,0.4
93.0,23.604119,120.403556,,1000.9,1.5,0.0,14.5,1.0,21.0,21.0,21.0,2.5,3.5,1.5,C0M660,溪口,,24.8,,2025-09-24T02:10:00+08:00,2025-09-24T02:00:00+08:00,,,,59.0,3.1
90.0,23.753836,120.294783,4.3,-99.0,,0.0,23.5,1.5,28.0,28.0,28.0,5.0,6.0,3.0,V2K620,麥寮合作社,-99.0,24.6,2025-09-24T02:00:00+08:00,2025-09-24T02:10:00+08:00,,-99,-99,陰,40.0,2.1
94.0,24.39798,120.669487,5.0,-99.0,,0.0,18.0,2.0,21.5,21.5,21.5,4.5,13.5,3.0,CAE090,國三S156K,-99.0,23.8,2025-09-24T02:00:00+08:00,2025-09-24T02:10:00+08:00,,-99,-99,陰有雨,280.0,0.5
100.0,22.367722,120.590647,,1002.8,31.5,2.5,68.0,12.0,128.5,153.0,222.0,36.5,37.0,34.0,C0R660,枋寮,,25.7,,2025-09-24T02:10:00+08:00,2025-09-24T02:00:00+08:00,,,,133.0,2.4
99.0,22.9077,120.3513,2.1,-99.0,,4.5,17.0,12.0,40.5,41.5,41.5,13.0,13.0,8.5,CAN100,國三S366K,-99.0,23.3,2025-09-24T02:00:00+08:00,2025-09-24T02:10:00+08:00,,-99,2.9,陰有雨,110.0,1.0
97.0,24.256003,120.523381,3.5,-99.0,,0.0,24.0,1.5,28.5,28.5,28.5,7.5,17.5,6.0,C0FA30,梧棲,-99.0,25.3,2025-09-24T02:00:00+08:00,2025-09-24T02:10:00+08:00,,-99,-99,陰有雨,70.0,0.6
,24.981493,121.580302,,,,0.0,18.5,0.0,74.0,85.5,112.5,1.5,2.5,0.5,A1AC40,指南里,,,,2025-09-24T02:10:00+08:00,,,,,,
98.0,22.478475,120.943325,,965.2,4.5,0.0,13.5,0.0,86.5,118.0,189.0,8.0,9.0,4.5,C0S770,大溪山,,24.8,,2025-09-24T02:10:00+08:00,2025-09-24T02:00:00+08:00,,,,27.0,2.1
96.0,24.767147,121.057881,,989.1,1.0,0.0,3.0,0.5,4.0,4.0,4.0,1.5,1.5,1.0,C0D560,竹東,,24.6,,2025-09-24T02:10:00+08:00,2025-09-24T02:00:00+08:00,,,,199.0,2.2
,22.975659,120.467014,,,,0.0,27.0,4.0,57.0,58.0,58.0,7.0,8.0,5.0,01P190,木柵,,,,2025-09-24T02:10:00+08:00,,,,,,
,25.133897,121.498913,,,,0.0,2.0,0.0,48.0,48.0,81.5,0.0,0.0,0.0,A1A9V0,北投國小,,,,2025-09-24T02:10:00+08:00,,,,,,
,23.528204,120.856691,,,,0.5,26.0,0.5,39.0,39.5,44.0,2.5,7.0,1.0,81I530,神木,,,,2025-09-24T02:10:00+08:00,,,,,,
,23.154217,120.813603,,,,0.5,64.5,7.5,143.5,160.5,237.5,19.5,25.0,17.0,C1V220,小關山,,,,2025-09-24T02:10:00+08:00,,,,,,
97.0,24.889514,121.2636,5.0,-99.0,,0.0,0.0,0.0,0.5,0.5,0.5,0.0,0.0,0.0,CAC030,國三N063K,-99.0,24.5,2025-09-24T02:00:00+08:00,2025-09-24T02:10:00+08:00,,-99,-99,陰,220.0,3.2
93.0,22.913661,121.257469,,1000.2,0.0,0.0,127.0,0.0,224.5,239.0,276.0,3.0,43.0,0.0,C0SB40,興隆,,27.0,,2025-09-24T02:10:00+08:00,2025-09-24T02:00:00+08:00,,,,78.0,1.5
100.0,23.248397,120.986133,,771.6,24.5,2.0,299.0,10.5,546.0,586.5,754.0,32.5,117.5,26.5,C0S750,向陽,,14.3,,2025-09-24T02:10:00+08:00,2025-09-24T02:00:00+08:00,,,,184.0,0.5
97.0,24.732444,120.976153,2.2,-99.0,,0.0,5.0,1.0,5.5,5.5,5.5,2.5,3.5,2.0,C2D730,寶山農場,-99.0,24.5,2025-09-24T02:00:00+08:00,2025-09-24T02:10:00+08:00,,-99,-99,陰有雨,170.0,0.3
100.0,22.520969,120.89185,,954.7,20.0,0.0,45.5,0.5,223.5,259.0,329.0,29.0,36.5,20.0,C0SA00,歷坵,,23.8,,2025-09-24T02:10:00+08:00,2025-09-24T02:00:00+08:00,,,,103.0,1.4
93.0,24.59594,120.86071,1.8,-99.0,,0.0,10.5,1.5,12.5,13.0,14.0,3.5,7.5,2.0,CAE030,國一S123K,-99.0,24.3,2025-09-24T02:00:00+08:00,2025-09-24T02:10:00+08:00,,-99,-99,陰有雨,50.0,0.6
92.0,22.5434,120.461558,,1003.7,22.0,1.5,60.5,12.0,107.0,110.5,114.0,23.5,23.5,23.5,C0R560,新園,,25.5,,2025-09-24T02:10:00+08:00,2025-09-24T02:00:00+08:00,,,,53.0,1.3
,22.690878,120.99909,,,,0.0,112.0,8.0,229.0,259.0,358.0,19.0,47.0,11.0,01S210,知本(5),,,,2025-09-24T02:10:00+08:00,,,,,,
96.0,23.485028,120.473806,2.2,-99.0,,0.5,11.0,0.5,17.5,17.5,17.5,1.5,2.0,0.5,G2L020,嘉義農試,-99.0,23.7,2025-09-24T02:00:00+08:00,2025-09-24T02:10:00+08:00,,-99,-99,陰,100.0,0.5
,24.171842,121.571269,,,,1.0,168.5,10.0,452.0,486.0,648.5,43.0,91.5,25.5,C1T830,布洛灣,,,,2025-09-24T02:10:00+08:00,,,,,,
98.0,24.735006,121.025192,,991.2,1.0,0.0,3.5,0.5,4.5,5.0,5.0,2.0,2.5,1.0,C0D580,寶山,,23.9,,2025-09-24T02:10:00+08:00,2025-09-24T02:00:00+08:00,,,,0.0,0.0
92.0,23.553261,120.345719,,1002.1,1.5,0.0,16.0,0.5,24.0,24.0,24.0,2.5,3.5,1.5,C0M790,新港,,24.7,,2025-09-24T02:10:00+08:00,2025-09-24T02:00:00+08:00,,,,52.0,1.1
,24.221361,120.841069,,,,0.0,12.5,0.5,15.5,15.5,15.5,2.0,8.5,1.5,C1F911,新伯公,,,,2025-09-24T02:10:00+08:00,,,,,,
,24.469909,120.968785,,,,0.0,8.0,2.0,9.0,9.0,10.0,3.0,4.0,2.0,01E030,橫龍山,,,,2025-09-24T02:10:00+08:00,,,,,,
95.0,23.502278,120.171861,3.5,-99.0,,0.5,14.5,1.5,20.5,20.5,20.5,2.0,3.0,1.5,CAL090,西濱S257K,-99.0,25.2,2025-09-24T02:00:00+08:00,2025-09-24T02:10:00+08:00,,-99,7-10,陰,60.0,2.0
93.0,22.246844,120.661086,,1002.4,37.5,0.5,70.0,18.0,121.0,141.0,177.5,42.5,44.5,38.0,C0R700,枋山,,26.1,,2025-09-24T02:10:00+08:00,2025-09-24T02:00:00+08:00,,,,132.0,4.8
,24.934158,121.593283,,,,0.0,13.0,0.0,118.0,123.5,182.5,0.0,1.5,0.0,C1A9N0,四十份,,,,2025-09-24T02:10:00+08:00,,,,,,
,23.044518,120.479345,,,,0.0,26.0,2.0,49.0,50.0,50.0,2.0,4.0,2.0,01N850,南化(2),,,,2025-09-24T02:10:00+08:00,,,,,,
,24.494522,121.536435,,,,0.0,65.0,1.0,189.0,214.0,396.0,8.0,19.0,3.0,01U560,太平山(1),,,,2025-09-24T02:10:00+08:00,,,,,,
78.0,24.955778,121.631222,13.7,-99.0,,0.0,41.0,0.0,143.5,158.0,203.5,0.0,1.5,0.0,82A750,文山茶改,-99.0,26.1,2025-09-24T02:00:00+08:00,2025-09-24T02:10:00+08:00,,-99,-99,陰,60.0,3.9
98.0,23.82137,120.72293,3.5,-99.0,,0.0,13.0,0.0,16.0,16.0,16.0,2.5,6.0,1.0,CAHA00,消防署訓練中心,-99.0,23.7,2025-09-24T02:00:00+08:00,2025-09-24T02:10:00+08:00,,-99,-99,陰,220.0,0.3
,23.381471,120.530602,,,,0.5,9.5,0.5,15.0,15.0,15.5,1.5,2.0,1.5,81M690,沄水國小,,,,2025-09-24T02:10:00+08:00,,,,,,
,24.572486,120.734842,,,,0.5,19.5,3.0,21.5,21.5,21.5,6.5,16.0,4.0,C1E601,南勢,,,,2025-09-24T02:10:00+08:00,,,,,,
100.0,22.810031,121.109308,,962.4,28.5,6.5,99.0,16.0,230.5,275.0,322.0,46.0,56.5,35.0,C0SA10,檳榔四格山,,23.1,,2025-09-24T02:10:00+08:00,2025-09-24T02:00:00+08:00,,,,127.0,2.6
,24.497089,121.842481,,,,0.0,1.0,0.0,119.0,121.0,191.5,0.0,0.0,0.0,C1U930,粉鳥林,,,,2025-09-24T02:10:00+08:00,,,,,,
94.0,23.360694,120.279361,2.6,-99.0,,0.0,14.0,1.0,20.0,20.0,20.0,2.0,2.5,2.0,72M360,義竹分場,-99.0,24.8,2025-09-24T02:00:00+08:00,2025-09-24T02:10:00+08:00,,-99,-99,陰,80.0,1.0
90.0,24.951533,121.346294,,994.9,0.0,0.0,0.5,0.0,3.5,3.5,10.0,0.0,0.5,0.0,C0AD50,鶯歌,,27.4,,2025-09-24T02:10:00+08:00,2025-09-24T02:00:00+08:00,,,,245.0,3.5
,24.959713,121.53208,,,,0.0,3.0,0.0,65.0,68.5,95.5,0.0,0.5,0.0,81AH40,精忠,,,,2025-09-24T02:10:00+08:00,,,,,,
73.0,25.094819,121.717128,,1001.4,0.0,0.0,28.5,0.0,115.0,116.0,144.0,0.0,0.5,0.0,C0B010,七堵,,31.5,,2025-09-24T02:10:00+08:00,2025-09-24T02:00:00+08:00,,,,133.0,7.1
,23.740881,121.42608,,,,0.0,145.5,0.5,303.0,305.5,396.5,10.0,66.5,6.5,81T9J0,鳳義坑,,,,2025-09-24T02:10:00+08:00,,,,,,
94.0,24.192719,121.001366,,900.5,8.5,0.0,21.5,2.0,24.0,24.0,24.5,8.5,16.0,8.5,C0FB30,八仙山苗圃,,19.8,,2025-09-24T02:10:00+08:00,2025-09-24T02:00:00+08:00,,,,0.0,0.1
98.0,23.14841,120.63325,,956.9,1.5,0.0,17.0,0.5,27.0,27.0,27.5,2.0,5.0,1.5,C0V820,小林,,22.5,,2025-09-24T02:10:00+08:00,2025-09-24T02:00:00+08:00,,,,2.0,1.0
96.0,21.945583,120.802167,16.9,-99.0,,0.5,12.5,6.5,13.5,17.5,102.5,9.0,12.5,8.5,B2Q810,恆春畜試,-99.0,25.3,2025-09-24T02:00:00+08:00,2025-09-24T02:10:00+08:00,,-99,-99,陰有雨,120.0,4.3
,24.158325,120.886933,,,,0.0,16.0,0.0,18.5,18.5,18.5,3.0,9.0,2.5,C1F9D1,白毛台,,,,2025-09-24T02:10:00+08:00,,,,,,
,25.031696,121.521906,,,,0.0,3.5,0.0,49.0,52.5,66.0,0.0,0.5,0.0,A1A9Z0,中正國中,,,,2025-09-24T02:10:00+08:00,,,,,,
,23.330882,120.506972,,,,0.0,10.0,1.0,17.0,17.0,17.0,2.0,2.0,1.0,01O070,關子嶺(2),,,,2025-09-24T02:10:00+08:00,,,,,,
,23.570458,120.520964,,,,0.0,12.0,1.0,18.0,18.0,18.0,2.0,3.0,1.0,01L910,中坑(3),,,,2025-09-24T02:10:00+08:00,,,,,,
86.0,23.538372,120.702961,2.2,-99.0,,0.0,18.0,0.5,23.5,24.0,24.5,1.5,5.5,1.0,C2M950,太和,-99.0,19.9,2025-09-24T02:00:00+08:00,2025-09-24T02:10:00+08:00,,-99,-99,陰,220.0,0.6
,23.278428,121.271983,,,,0.0,164.0,8.0,320.0,351.0,448.0,29.0,68.0,20.0,O1T810,卓清國小,,,,2025-09-24T02:10:00+08:00,,,,,,
,23.535556,120.708889,,,,0.0,21.0,1.5,27.5,28.0,28.5,2.5,7.0,1.5,81M680,太和村,,,,2025-09-24T02:10:00+08:00,,,,,,
100.0,23.212777,120.355833,2.2,-99.0,,0.0,14.0,0.5,23.5,23.5,23.5,1.0,1.5,1.0,CAN070,國三S329K,-99.0,24.2,2025-09-24T02:00:00+08:00,2025-09-24T02:10:00+08:00,,-99,>30,陰,140.0,1.3
,23.110591,120.703273,,,,0.0,30.0,3.0,53.0,54.0,57.0,6.0,9.0,4.0,O1V540,高中(2),,,,2025-09-24T02:10:00+08:00,,,,,,
,23.630394,120.615417,,,,0.0,16.0,1.0,19.0,19.0,19.0,2.0,4.0,1.0,01J960,大埔,,,,2025-09-24T02:10:00+08:00,,,,,,
100.0,22.318619,120.857372,,961.0,14.5,9.0,42.5,18.5,107.5,137.0,198.0,41.0,42.5,23.5,C0S990,山豬窟,,24.3,,2025-09-24T02:10:00+08:00,2025-09-24T02:00:00+08:00,,,,152.0,4.3
,22.855418,120.617155,,,,0.0,41.0,5.0,99.0,104.0,106.0,11.0,13.0,11.0,O1R450,新豐(1),,,,2025-09-24T02:10:00+08:00,,,,,,
-99.0,23.740011,119.604189,-99.0,-99.0,,,,,,,,,,-99.0,A0W080,吉貝,-99.0,-99.0,2025-09-24T02:00:00+08:00,,,-99,-99,陰,-99.0,-99.0
90.0,24.040486,121.604878,,1005.6,7.5,0.0,94.5,3.0,209.0,221.5,312.5,9.0,38.0,7.5,C0Z180,新城,,25.8,,2025-09-24T02:10:00+08:00,2025-09-24T02:00:00+08:00,,,,205.0,1.5
99.0,24.422861,120.871833,2.2,-99.0,,0.0,15.0,2.0,16.5,16.5,18.5,4.0,10.5,2.0,K2E710,大湖分場,-99.0,22.6,2025-09-24T02:00:00+08:00,2025-09-24T02:10:00+08:00,,-99,-99,陰,90.0,0.3
91.0,22.467947,120.582894,,1000.9,24.5,4.0,64.5,12.5,164.0,187.0,220.0,29.5,30.0,28.5,C0R550,新埤,,24.8,,2025-09-24T02:10:00+08:00,2025-09-24T02:00:00+08:00,,,,308.0,0.7
97.0,22.648275,120.619247,4.0,-99.0,,0.0,42.5,7.5,139.0,164.5,193.5,28.5,31.5,26.5,C2R970,屏科大,-99.0,23.7,2025-09-24T02:00:00+08:00,2025-09-24T02:10:00+08:00,,-99,-99,陰,330.0,2.2
98.0,23.526167,120.555497,,988.7,1.5,0.5,11.5,1.5,17.5,17.5,17.5,2.5,3.0,2.0,C0M700,竹崎,,23.5,,2025-09-24T02:10:00+08:00,2025-09-24T02:00:00+08:00,,,,105.0,0.8
,25.029351,121.832514,,,,0.0,47.0,0.0,124.0,128.0,150.0,0.0,0.0,0.0,O1AH20,上林國小,,,,2025-09-24T02:10:00+08:00,,,,,,
100.0,24.87667,121.0467,3.7,-99.0,,0.0,3.0,0.5,3.5,3.5,3.5,1.5,2.0,1.0,CAD030,國一S082K,-99.0,25.0,2025-09-24T02:00:00+08:00,2025-09-24T02:10:00+08:00,,-99,-99,陰,180.0,1.8
90.0,24.928708,121.283289,,987.3,0.0,0.0,0.5,0.0,2.0,2.0,4.5,0.0,0.0,0.0,C0C490,八德,,25.7,,2025-09-24T02:10:00+08:00,2025-09-24T02:00:00+08:00,,,,9.0,1.2
95.0,23.709219,121.420106,,992.0,20.5,0.5,186.5,13.0,309.5,321.5,434.0,41.0,95.5,21.0,C0Z200,萬榮,,24.5,,2025-09-24T02:10:00+08:00,2025-09-24T02:00:00+08:00,,,,0.0,0.2
,23.667997,120.876961,,,,0.5,17.0,1.0,23.0,23.0,24.0,3.5,7.5,1.5,81I560,豐丘,,,,2025-09-24T02:10:00+08:00,,,,,,
99.0,24.711158,121.116933,,980.6,0.0,0.0,2.5,0.0,3.0,3.0,3.0,0.5,1.0,0.0,C0D540,橫山,,23.2,,2025-09-24T02:10:00+08:00,2025-09-24T02:00:00+08:00,,,,52.0,0.4
99.0,23.837053,120.701447,,984.5,1.5,0.0,15.5,0.5,19.5,19.5,19.5,3.0,7.0,1.5,C0I410,名間,,23.3,,2025-09-24T02:10:00+08:00,2025-09-24T02:00:00+08:00,,,,352.0,0.6
-99.0,20.700856,116.73,-99.0,-99.0,,,,,,,,,,-99.0,468100,東沙島,-99.0,-99.0,2025-09-24T02:00:00+08:00,,,-99,-99,-99,-99.0,-99.0
96.0,24.612194,121.157167,2.4,-99.0,,0.0,2.5,0.5,3.5,3.5,4.5,0.5,1.0,0.5,72D080,五峰站,-99.0,19.7,2025-09-24T02:00:00+08:00,2025-09-24T02:10:00+08:00,,-99,-99,陰,180.0,0.4
,24.254783,121.190261,,,,0.0,20.5,0.5,28.0,30.0,40.0,2.0,10.0,1.5,C1F9W0,德基,,,,2025-09-24T02:10:00+08:00,,,,,,
99.0,23.852481,120.320922,,1002.3,3.0,0.5,24.0,2.0,26.0,26.0,26.0,4.5,6.0,3.5,C0G740,大城,,24.4,,2025-09-24T02:10:00+08:00,2025-09-24T02:00:00+08:00,,,,54.0,0.8
97.0,24.542003,121.513453,,911.3,1.0,0.0,51.5,1.0,158.5,186.0,306.0,4.0,11.5,1.0,C0UB70,太平山中間站,,20.9,,2025-09-24T02:10:00+08:00,2025-09-24T02:00:00+08:00,,,,233.0,0.7
,23.533049,120.602587,,,,0.0,14.0,1.0,20.0,20.0,20.0,2.0,3.0,2.0,01L480,樟腦寮(2),,,,2025-09-24T02:10:00+08:00,,,,,,
100.0,24.381675,121.4203,,697.8,17.5,1.5,130.0,13.0,238.5,257.5,432.5,34.0,64.5,19.0,C0F0D0,審馬陣,,10.0,,2025-09-24T02:10:00+08:00,2025-09-24T02:00:00+08:00,,,,-99.0,-99.0
,25.162299,121.54405,,,,0.0,9.0,0.0,47.0,47.0,115.0,0.0,0.0,0.0,01A420,竹子湖,,,,2025-09-24T02:10:00+08:00,,,,,,
,23.819722,121.473333,,,,1.0,126.5,5.0,274.5,280.5,330.5,35.0,71.0,25.5,81T850,溪口國小,,,,2025-09-24T02:10:00+08:00,,,,,,
96.0,23.187875,120.0889,,1002.8,2.0,0.5,10.0,2.0,18.5,18.5,18.5,2.5,2.5,2.5,C0N010,鯤鯓國小,,25.1,,2025-09-24T02:10:00+08:00,2025-09-24T02:00:00+08:00,,,,36.0,3.1
100.0,23.193217,120.315422,,1001.5,2.0,0.0,11.5,1.5,21.0,21.0,21.0,2.0,2.5,2.0,C0X130,官田,,25.0,,2025-09-24T02:10:00+08:00,2025-09-24T02:00:00+08:00,,,,78.0,0.9
91.0,24.564569,120.824575,,997.1,2.5,0.0,13.5,2.0,15.5,15.5,15.5,4.5,10.0,2.5,C0E750,苗栗,,25.0,,2025-09-24T02:10:00+08:00,2025-09-24T02:00:00+08:00,,,,139.0,1.4
100.0,24.437419,121.381669,,883.0,5.0,0.5,44.5,4.5,90.0,99.0,150.5,12.0,20.0,5.5,C0U720,南山,,19.2,,2025-09-24T02:10:00+08:00,2025-09-24T02:00:00+08:00,,,,86.0,0.5
95.0,24.849664,121.150789,,979.4,0.5,0.0,1.0,0.0,1.5,2.0,3.0,0.5,1.0,0.5,C0D480,打鐵坑,,23.7,,2025-09-24T02:10:00+08:00,2025-09-24T02:00:00+08:00,,,,295.0,0.6
,24.548212,121.224879,,,,0.0,5.0,0.0,18.5,18.5,113.5,0.5,1.5,0.0,21D160,白石,,,,2025-09-24T02:10:00+08:00,,,,,,
,24.907093,121.580097,,,,0.0,5.0,0.0,72.5,76.0,145.5,0.0,1.5,0.0,L1A790,翡翠,,,,2025-09-24T02:10:00+08:00,,,,,,
,22.838676,121.139022,,,,0.0,184.0,3.0,298.0,315.0,367.0,68.0,106.0,48.0,O1S650,利吉國小,,,,2025-09-24T02:10:00+08:00,,,,,,
91.0,23.887894,121.000086,3.4,-99.0,,0.0,23.0,0.0,34.5,35.5,36.0,4.5,14.0,4.0,C2H9R0,卓社,-99.0,19.2,2025-09-24T02:00:00+08:00,2025-09-24T02:10:00+08:00,,-99,-99,陰,140.0,1.3
64.0,25.11575,121.492,11.5,-99.0,,0.0,1.5,0.0,33.0,33.0,53.5,0.0,0.0,0.0,G2AI50,台農院關渡站,-99.0,29.2,2025-09-24T02:00:00+08:00,2025-09-24T02:10:00+08:00,,-99,-99,陰,120.0,6.2
95.0,22.587569,120.993375,,1003.3,26.5,0.0,55.5,12.0,119.5,144.5,250.5,30.5,39.0,26.5,C0S960,香蘭,,25.6,,2025-09-24T02:10:00+08:00,2025-09-24T02:00:00+08:00,,,,93.0,1.1
96.0,23.746114,121.453411,,995.4,16.5,7.0,185.5,14.0,313.0,315.0,395.0,44.0,105.5,23.5,C0Z160,鳳林,,24.3,,2025-09-24T02:10:00+08:00,2025-09-24T02:00:00+08:00,,,,0.0,0.2
,22.813153,120.367789,,,,0.0,10.0,7.0,43.5,45.5,46.0,8.5,8.5,8.5,C1V390,尖山,,,,2025-09-24T02:10:00+08:00,,,,,,
99.0,23.975222,121.563889,3.8,-99.0,,0.0,187.5,6.0,307.0,313.5,438.5,34.5,98.5,20.0,72T250,花蓮農改,-99.0,24.5,2025-09-24T02:00:00+08:00,2025-09-24T02:10:00+08:00,,-99,-99,陰,350.0,1.6
,22.849954,121.092326,,,,4.5,153.5,21.5,297.5,321.0,368.0,57.5,79.0,44.5,81S890,初鹿國中,,,,2025-09-24T02:10:00+08:00,,,,,,
96.0,23.810742,120.6173,,994.3,1.5,0.5,21.5,1.0,24.5,24.5,24.5,4.0,8.5,2.0,C0G880,二水,,25.9,,2025-09-24T02:10:00+08:00,2025-09-24T02:00:00+08:00,,,,0.0,0.1
99.0,24.00683,120.653214,2.5,-99.0,,0.0,16.5,0.5,20.0,20.0,20.0,5.0,9.5,3.5,CAH020,國三S217K,-99.0,24.0,2025-09-24T02:00:00+08:00,2025-09-24T02:10:00+08:00,,-99,-99,陰,180.0,0.4
98.0,23.416869,120.283061,2.6,-99.0,,0.0,13.5,0.5,19.5,19.5,19.5,1.5,2.0,1.0,72M700,嘉義分場,-99.0,25.0,2025-09-24T02:00:00+08:00,2025-09-24T02:10:00+08:00,,-99,-99,陰,70.0,1.6
,23.819214,121.432069,,,,0.0,210.0,2.0,481.0,491.0,578.0,44.0,106.0,17.0,01T560,西林,,,,2025-09-24T02:10:00+08:00,,,,,,
93.0,23.628342,119.513206,4.7,-99.0,,0.0,5.5,0.0,9.5,9.5,9.5,0.0,0.0,0.0,C2W230,畜試所澎湖,-99.0,26.3,2025-09-24T02:00:00+08:00,2025-09-24T02:10:00+08:00,,-99,-99,陰,60.0,1.8
,22.428117,120.629228,,,,7.0,94.5,22.0,256.0,322.5,431.5,39.5,41.0,38.0,C1R250,力里,,,,2025-09-24T02:10:00+08:00,,,,,,
95.0,24.5362,121.1108,,854.7,0.5,0.0,6.0,0.5,7.0,7.0,7.5,1.0,3.0,0.5,C0D760,大坪苗圃,,17.1,,2025-09-24T02:10:00+08:00,2025-09-24T02:00:00+08:00,,,,205.0,0.9
98.0,24.018658,120.847072,2.0,-99.0,,0.0,13.0,0.5,18.5,18.5,18.5,1.5,6.5,1.5,C2H9F0,柑林,-99.0,23.4,2025-09-24T02:00:00+08:00,2025-09-24T02:10:00+08:00,,-99,-99,陰,190.0,0.4
94.0,24.938183,121.70975,,974.1,0.5,0.0,23.0,0.5,142.5,149.5,184.0,0.5,0.5,0.5,C0A530,坪林,,26.6,,2025-09-24T02:10:00+08:00,2025-09-24T02:00:00+08:00,,,,132.0,4.6
97.0,24.797294,121.190033,2.6,-99.0,,0.0,0.5,0.0,1.0,1.0,4.5,0.0,0.5,0.0,CAD710,國三N077K,-99.0,23.6,2025-09-24T02:00:00+08:00,2025-09-24T02:10:00+08:00,,-99,7-10,陰,180.0,0.6
97.0,23.35893,120.18026,5.1,-99.0,,0.0,11.0,1.5,17.0,17.0,17.0,3.5,3.5,3.5,CAL110,布袋國中,-99.0,25.0,2025-09-24T02:00:00+08:00,2025-09-24T02:10:00+08:00,,-99,-99,陰,80.0,1.4
94.0,24.137006,120.637969,,996.0,4.0,0.0,17.5,1.0,22.5,22.5,22.5,4.5,10.5,4.0,C0F9U0,南屯,,25.3,,2025-09-24T02:10:00+08:00,2025-09-24T02:00:00+08:00,,,,274.0,0.5
,22.969742,121.11534,,,,0.0,277.0,9.0,472.0,480.0,553.0,79.0,126.0,64.0,01S130,武陵,,,,2025-09-24T02:10:00+08:00,,,,,,
99.0,22.480277,120.531666,4.0,-99.0,,4.5,67.0,18.0,124.5,137.5,153.5,33.0,33.0,27.5,CAQ010,國三N425K,-99.0,24.0,2025-09-24T02:00:00+08:00,2025-09-24T02:10:00+08:00,,-99,-99,陰有雨,50.0,1.6
97.0,23.851597,120.499083,,998.8,3.5,0.5,27.5,2.0,28.0,28.0,28.0,6.0,11.5,4.0,C0G720,溪州,,24.8,,2025-09-24T02:10:00+08:00,2025-09-24T02:00:00+08:00,,,,0.0,0.0
98.0,21.987777,120.709119,,1001.1,16.0,0.0,18.5,10.5,20.5,27.5,115.5,16.0,18.5,16.0,C0R890,山海,,26.1,,2025-09-24T02:10:00+08:00,2025-09-24T02:00:00+08:00,,,,136.0,6.9
99.0,23.96824,120.32586,3.1,-99.0,,0.5,24.5,1.5,25.5,25.5,25.5,4.0,9.0,3.0,CAG100,王功漁港,-99.0,25.1,2025-09-24T02:00:00+08:00,2025-09-24T02:10:00+08:00,,-99,-99,陰有雨,70.0,1.7
99.0,23.428611,120.452416,2.0,-99.0,,0.0,10.0,0.5,15.5,15.5,15.5,1.5,2.0,1.0,CAL080,國三N303K,-99.0,23.7,2025-09-24T02:00:00+08:00,2025-09-24T02:10:00+08:00,,-99,7-10,陰有雨,100.0,1.3
,25.029194,121.558106,,,,0.0,10.0,0.0,69.0,72.0,91.5,0.0,0.0,0.0,A1AA00,三興國小,,,,2025-09-24T02:10:00+08:00,,,,,,
90.0,25.162078,121.544547,9.4,939.0,,0.0,7.5,0.0,38.5,38.5,102.0,0.5,0.5,0.0,466930,陽明山,0.0,23.7,2025-09-24T02:00:00+08:00,2025-09-24T02:10:00+08:00,,0,-99,陰,200.0,2.3
70.0,25.184592,121.408617,,1001.0,0.0,0.0,0.0,0.0,16.0,16.0,27.5,0.0,0.0,0.0,C0AJ30,淡水觀海,,29.5,,2025-09-24T02:10:00+08:00,2025-09-24T02:00:00+08:00,,,,120.0,11.9
97.0,22.514781,120.506914,,1000.8,22.5,3.0,71.5,14.5,121.0,128.5,139.5,26.0,26.0,25.5,C0R520,崁頂,,24.9,,2025-09-24T02:10:00+08:00,2025-09-24T02:00:00+08:00,,,,41.0,2.9
97.0,23.214972,120.135761,,1002.7,2.5,1.0,8.0,2.5,19.5,19.5,19.5,3.5,3.5,3.5,C0X280,將軍,,25.1,,2025-09-24T02:10:00+08:00,2025-09-24T02:00:00+08:00,,,,64.0,2.6
96.0,23.30609,120.290033,4.3,-99.0,,0.0,13.0,0.5,19.0,19.0,19.0,1.5,2.0,1.5,CAN010,國一N288K,-99.0,24.3,2025-09-24T02:00:00+08:00,2025-09-24T02:10:00+08:00,,-99,>30,陰,80.0,1.3
,25.091251,121.838927,,,,0.0,33.5,0.0,87.0,87.0,106.5,0.0,0.0,0.0,81AI30,大粗坑,,,,2025-09-24T02:10:00+08:00,,,,,,
95.0,24.757275,121.184792,1.3,-99.0,,0.0,0.5,0.0,1.5,1.5,2.0,0.0,0.5,0.0,C2D720,關西工作站,-99.0,23.9,2025-09-24T02:00:00+08:00,2025-09-24T02:10:00+08:00,,-99,-99,陰,70.0,0.4
100.0,21.966756,120.810269,,976.6,10.5,1.0,15.0,9.5,15.5,22.0,105.0,11.5,15.0,11.5,C0R690,墾丁,,24.9,,2025-09-24T02:10:00+08:00,2025-09-24T02:00:00+08:00,,,,151.0,2.9
,24.115092,120.811125,,,,0.0,14.0,0.0,19.0,19.0,19.0,1.0,7.0,1.0,01F680,頭汴坑,,,,2025-09-24T02:10:00+08:00,,,,,,
99.0,23.587642,121.378225,,975.1,13.5,2.5,135.0,10.5,264.5,301.0,412.0,25.0,86.5,16.0,C0Z080,富源,,23.9,,2025-09-24T02:10:00+08:00,2025-09-24T02:00:00+08:00,,,,0.0,0.1
,24.719092,121.283872,,,,0.0,16.0,0.0,21.0,22.5,52.5,1.5,14.5,0.5,C1D400,鳥嘴山,,,,2025-09-24T02:10:00+08:00,,,,,,
74.0,25.150211,121.403947,,999.9,0.0,0.0,0.0,0.0,22.5,22.5,45.0,0.0,0.0,0.0,C0AD10,八里,,30.7,,2025-09-24T02:10:00+08:00,2025-09-24T02:00:00+08:00,,,,117.0,4.6
100.0,22.588475,120.485081,,1000.8,12.0,1.0,37.0,3.5,76.0,81.0,84.5,13.0,13.0,13.0,C0R930,萬丹,,24.8,,2025-09-24T02:10:00+08:00,2025-09-24T02:00:00+08:00,,,,52.0,1.4
93.0,22.902581,121.084058,,980.6,49.0,0.0,200.5,9.5,388.5,401.5,448.0,73.0,107.5,49.0,C0S930,延平,,25.2,,2025-09-24T02:10:00+08:00,2025-09-24T02:00:00+08:00,,,,15.0,3.2
99.0,24.783583,120.914989,,1002.9,1.5,0.0,6.5,0.5,7.0,7.5,7.5,2.0,4.5,1.5,C0D680,香山濕地,,25.8,,2025-09-24T02:10:00+08:00,2025-09-24T02:00:00+08:00,,,,202.0,2.2
99.0,22.907694,121.130139,13.6,-99.0,,3.5,208.0,27.5,393.0,404.5,455.0,75.5,105.5,52.0,82S580,臺東茶改,-99.0,24.6,2025-09-24T02:00:00+08:00,2025-09-24T02:10:00+08:00,,-99,-99,陰,130.0,2.7
91.0,25.191408,121.783914,,994.7,0.0,0.0,3.0,0.0,3.0,3.0,4.5,0.0,0.5,0.0,C0B020,基隆嶼,,28.4,,2025-09-24T02:10:00+08:00,2025-09-24T02:00:00+08:00,,,,94.0,10.2
71.0,25.048711,121.550428,,1002.0,0.0,0.0,9.0,0.0,62.0,65.5,95.5,0.0,0.0,0.0,C0AH70,松山,,29.5,,2025-09-24T02:10:00+08:00,2025-09-24T02:00:00+08:00,,,,81.0,3.0
83.0,24.947603,121.705508,13.0,-99.0,,0.0,30.5,0.0,146.5,156.0,201.5,1.0,1.0,1.0,CAAD90,國五N013K,-99.0,27.2,2025-09-24T02:00:00+08:00,2025-09-24T02:10:00+08:00,,-99,7-10,陰,120.0,4.8
,23.417015,121.279375,,,,0.0,242.0,20.0,415.0,447.0,582.0,48.0,81.0,25.0,01T240,苗圃,,,,2025-09-24T02:10:00+08:00,,,,,,
,23.890642,120.485117,,,,0.5,29.0,2.0,29.5,29.5,30.0,6.0,12.0,4.0,C1G9D0,國一S218K,,,,2025-09-24T02:10:00+08:00,,,,,,
96.0,24.139256,120.5215,2.7,-99.0,,0.0,23.5,1.0,27.0,27.0,27.0,6.5,15.0,5.0,CAG040,國三N191K,-99.0,24.8,2025-09-24T02:00:00+08:00,2025-09-24T02:10:00+08:00,,-99,-99,陰,350.0,0.4
,25.113693,121.565711,,,,0.0,6.5,0.0,48.5,49.0,96.5,0.0,0.0,0.0,A1AC80,明德樂園,,,,2025-09-24T02:10:00+08:00,,,,,,
,24.461667,120.863889,,,,0.0,15.5,2.5,17.0,17.0,19.0,5.0,11.0,2.5,81E710,開礦國小,,,,2025-09-24T02:10:00+08:00,,,,,,
98.0,24.471892,120.704622,,999.4,3.5,0.5,20.5,3.5,24.0,24.0,24.0,6.0,16.5,4.0,C0E590,通霄,,24.9,,2025-09-24T02:10:00+08:00,2025-09-24T02:00:00+08:00,,,,318.0,0.5
,22.598611,120.685278,,,,0.0,71.0,6.0,343.0,422.0,606.0,33.0,39.0,22.0,01Q960,泰武(2),,,,2025-09-24T02:10:00+08:00,,,,,,
100.0,25.175675,121.522408,,886.8,0.0,0.0,6.0,0.0,31.0,31.5,89.0,0.0,0.5,0.0,C0AC40,大屯山,,21.6,,2025-09-24T02:10:00+08:00,2025-09-24T02:00:00+08:00,,,,119.0,14.2
,24.597043,121.00036,,,,0.0,4.0,0.0,5.0,5.0,5.0,1.0,2.0,0.0,01E170,南庄(1),,,,2025-09-24T02:10:00+08:00,,,,,,
93.0,22.883208,120.327508,,1000.9,10.0,3.5,15.5,12.5,33.5,34.0,34.0,13.5,13.5,13.5,C0V530,阿蓮,,24.5,,2025-09-24T02:10:00+08:00,2025-09-24T02:00:00+08:00,,,,57.0,1.1
94.0,24.820208,121.352281,,953.2,0.0,0.0,3.0,0.0,9.5,13.5,54.5,0.5,1.5,0.0,C0C460,復興,,-99.0,,2025-09-24T02:10:00+08:00,2025-09-24T02:00:00+08:00,,,,289.0,1.3
,22.898621,121.086481,,,,0.0,205.0,9.0,387.0,400.0,448.0,76.0,110.0,51.0,O1S120,鹿鳴橋,,,,2025-09-24T02:10:00+08:00,,,,,,
,23.483056,121.511389,,,,1.5,50.0,1.5,95.0,99.0,163.5,8.0,36.5,2.5,81T880,石梯坪,,,,2025-09-24T02:10:00+08:00,,,,,,
,24.4475,120.790278,,,,0.0,5.0,1.5,5.0,5.0,5.0,2.5,4.5,1.5,81E720,慈惠堂,,,,2025-09-24T02:10:00+08:00,,,,,,
98.0,23.63353,120.55239,1.2,-99.0,,0.5,14.0,1.5,17.5,17.5,17.5,2.5,4.5,1.5,A2K570,古坑(花卉中心),-99.0,23.9,2025-09-24T02:00:00+08:00,2025-09-24T02:10:00+08:00,,-99,-99,陰,0.0,0.0
,24.488418,121.426136,,,,0.0,102.0,1.0,223.0,247.0,343.0,13.0,46.0,2.0,01U780,四季,,,,2025-09-24T02:10:00+08:00,,,,,,
70.0,25.164889,121.448906,15.3,1002.7,,0.0,1.5,0.0,35.0,35.0,59.5,0.0,0.0,-990.0,466900,淡水,0.0,29.2,2025-09-24T02:00:00+08:00,2025-09-24T02:10:00+08:00,,0,>30,陰有雨,150.0,6.6
,24.971779,121.828198,,,,0.0,44.0,0.0,103.5,108.0,133.5,0.0,1.0,0.0,L1A840,太平,,,,2025-09-24T02:10:00+08:00,,,,,,
100.0,23.470489,120.955994,,640.4,-99.0,,,,,,,,,,C0I520,玉山風口,,6.5,,,2025-09-24T02:00:00+08:00,,,,88.0,2.4
,23.07211,120.536955,,,,0.0,38.5,0.5,52.5,53.0,53.0,3.0,3.5,2.0,88O950,羌黃坑,,,,2025-09-24T02:10:00+08:00,,,,,,
100.0,24.413925,121.783247,,944.1,0.5,0.0,5.5,0.0,108.0,111.5,272.5,0.5,1.0,0.5,C0UA60,樟樹山,,23.1,,2025-09-24T02:10:00+08:00,2025-09-24T02:00:00+08:00,,,,193.0,5.3
,23.010004,121.148008,,,,0.0,250.0,3.5,395.0,402.0,490.0,24.0,70.0,22.5,81S570,月眉國小,,,,2025-09-24T02:10:00+08:00,,,,,,
95.0,23.798783,120.217717,4.5,-99.0,,0.0,18.5,0.5,23.0,23.0,23.0,3.0,3.0,2.0,A0K420,麥寮,-99.0,24.7,2025-09-24T02:00:00+08:00,2025-09-24T02:10:00+08:00,,-99,-99,陰,50.0,2.4
84.0,25.233153,121.595236,,980.3,0.0,0.0,10.0,0.0,58.0,58.0,61.5,0.0,0.0,0.0,C0A931,三和,,27.9,,2025-09-24T02:10:00+08:00,2025-09-24T02:00:00+08:00,,,,118.0,3.9
95.0,24.272481,120.658314,,982.7,3.5,0.0,18.5,1.0,23.5,23.5,23.5,4.5,13.0,3.5,C0F9I0,神岡,,23.7,,2025-09-24T02:10:00+08:00,2025-09-24T02:00:00+08:00,,,,136.0,0.4
,25.123897,121.503113,,,,0.0,2.0,0.0,45.0,45.0,71.0,0.0,0.0,0.0,A1AB70,奇岩,,,,2025-09-24T02:10:00+08:00,,,,,,
,25.079005,121.696626,,,,0.0,33.0,0.0,129.0,129.0,168.0,0.0,1.0,0.0,01B030,五堵,,,,2025-09-24T02:10:00+08:00,,,,,,
,24.853611,121.4375,,,,0.0,8.0,0.0,57.0,69.0,120.5,0.0,1.5,0.0,81AI20,有木國小,,,,2025-09-24T02:10:00+08:00,,,,,,
100.0,24.414939,120.870872,2.0,-99.0,,0.0,17.0,2.0,19.0,19.0,20.0,4.5,12.0,2.5,C2E520,大湖,-99.0,22.3,2025-09-24T02:00:00+08:00,2025-09-24T02:10:00+08:00,,-99,-99,陰有雨,60.0,0.5
93.0,23.010394,120.194228,,1002.0,2.0,2.5,7.0,4.5,17.0,17.0,17.0,4.5,4.5,4.5,C0X100,臺南市北區,,25.4,,2025-09-24T02:10:00+08:00,2025-09-24T02:00:00+08:00,,,,88.0,1.3
92.0,23.125608,120.203108,,1003.0,3.0,0.5,7.5,2.5,22.0,22.5,22.5,3.5,3.5,3.5,C0X140,西港,,26.3,,2025-09-24T02:10:00+08:00,2025-09-24T02:00:00+08:00,,,,73.0,1.5
84.0,24.686306,121.716583,10.3,-99.0,,0.0,13.0,0.0,94.0,96.0,180.0,1.0,4.0,0.5,72U480,蘭陽分場,-99.0,26.7,2025-09-24T02:00:00+08:00,2025-09-24T02:10:00+08:00,,-99,-99,陰,120.0,1.2
94.0,25.006725,121.047492,5.1,1002.2,,0.0,1.5,0.0,3.0,3.0,4.5,0.0,0.5,-990.0,467050,新屋,0.0,27.4,2025-09-24T02:00:00+08:00,2025-09-24T02:10:00+08:00,,0,21-30,陰,260.0,2.8
86.0,24.735922,121.81625,,1004.5,0.0,0.0,7.0,0.0,58.5,64.5,104.5,0.0,0.0,0.0,C0UB20,壯圍,,28.2,,2025-09-24T02:10:00+08:00,2025-09-24T02:00:00+08:00,,,,144.0,8.9
,24.7798,121.497357,,,,0.0,12.0,0.0,81.0,104.0,275.0,1.0,5.0,0.0,01A430,福山(3),,,,2025-09-24T02:10:00+08:00,,,,,,
,23.793611,120.710833,,,,0.0,15.0,0.0,19.0,19.0,19.0,1.5,5.5,0.5,81H980,車籠埔,,,,2025-09-24T02:10:00+08:00,,,,,,
,24.982222,121.690278,,,,0.0,27.5,1.0,182.0,190.5,259.5,1.0,1.0,1.0,81AJ30,華梵大學,,,,2025-09-24T02:10:00+08:00,,,,,,
,25.136892,121.588912,,,,0.0,0.0,0.0,30.5,31.0,76.0,0.0,0.0,0.0,A1AC90,溪山里,,,,2025-09-24T02:10:00+08:00,,,,,,
,24.588003,120.735306,,,,0.0,17.0,1.0,18.0,18.0,18.0,5.0,14.0,2.0,01E310,南勢山,,,,2025-09-24T02:10:00+08:00,,,,,,
91.0,24.251494,120.589683,6.3,-99.0,,0.0,17.5,1.0,24.0,24.0,24.0,4.5,12.0,3.5,CAF960,國三S175K,-99.0,24.0,2025-09-24T02:00:00+08:00,2025-09-24T02:10:00+08:00,,-99,7-10,陰,80.0,2.7
,22.598647,120.960944,,,,0.0,36.5,8.5,120.5,132.5,185.0,10.5,18.0,9.5,81S920,金峰鄉公所,,,,2025-09-24T02:10:00+08:00,,,,,,
96.0,24.827853,121.014219,4.3,1001.3,,0.0,4.0,0.5,4.5,5.0,5.0,2.0,2.5,1.5,467571,新竹,0.0,25.7,2025-09-24T02:00:00+08:00,2025-09-24T02:10:00+08:00,,0,21-30,陰,140.0,1.1
99.0,24.0753,120.430481,2.6,-99.0,,0.5,29.5,1.0,30.5,30.5,30.5,6.5,15.0,3.5,C2G640,鹿港,-99.0,24.8,2025-09-24T02:00:00+08:00,2025-09-24T02:10:00+08:00,,-99,-99,陰,0.0,0.2
82.0,24.718133,121.687664,,1001.0,0.0,0.0,5.5,0.0,77.5,78.5,136.5,0.0,0.5,0.0,C0U900,內城,,27.5,,2025-09-24T02:10:00+08:00,2025-09-24T02:00:00+08:00,,,,89.0,0.4
,23.754486,120.883956,,,,0.5,12.0,1.0,17.5,17.5,19.5,3.0,6.5,2.0,C1I310,西巒,,,,2025-09-24T02:10:00+08:00,,,,,,
79.0,24.989964,121.656972,15.4,-99.0,,0.0,32.0,0.0,131.5,137.5,198.0,1.0,1.5,1.0,CAAD70,國五S006K,-99.0,28.1,2025-09-24T02:00:00+08:00,2025-09-24T02:10:00+08:00,,-99,7-10,陰,80.0,5.7
96.0,23.903319,120.376069,,1002.6,-99.0,,,,,,,,,,C0G730,二林,,24.8,,,2025-09-24T02:00:00+08:00,,,,59.0,0.6
93.0,23.118847,120.360833,,1000.0,3.0,0.0,17.5,2.0,30.0,30.5,30.5,3.5,4.5,3.0,C0O860,大內,,24.6,,2025-09-24T02:10:00+08:00,2025-09-24T02:00:00+08:00,,,,0.0,0.2
100.0,22.204481,120.750989,,989.1,50.0,0.5,87.5,26.0,148.5,171.5,269.0,64.0,65.0,50.5,C0R800,丹路,,24.7,,2025-09-24T02:10:00+08:00,2025-09-24T02:00:00+08:00,,,,43.0,4.6
100.0,22.765833,120.328888,5.5,-99.0,,0.0,11.5,4.5,33.5,34.5,35.0,5.5,5.5,5.5,CAP030,國一N351K,-99.0,23.8,2025-09-24T02:00:00+08:00,2025-09-24T02:10:00+08:00,,-99,-99,陰有雨,50.0,3.2
100.0,23.988304,120.508092,1.3,-99.0,,0.5,27.0,1.0,28.5,28.5,28.5,6.0,13.5,3.0,CAG030,國一S207K,-99.0,24.8,2025-09-24T02:00:00+08:00,2025-09-24T02:10:00+08:00,,-99,7-10,陰有靄,250.0,0.8
,23.739861,120.870126,,,,0.0,8.5,0.5,12.0,12.0,13.0,2.0,5.0,1.0,81I550,郡坑,,,,2025-09-24T02:10:00+08:00,,,,,,
,23.9246,121.006903,,,,0.0,20.5,0.0,26.5,27.0,28.0,3.0,13.0,2.5,C1I260,北坑,,,,2025-09-24T02:10:00+08:00,,,,,,
,25.109012,121.657791,,,,0.0,17.0,0.0,97.0,97.0,131.0,0.0,0.0,0.0,NUP490,復興國小,,,,2025-09-24T02:10:00+08:00,,,,,,
100.0,23.508208,120.813242,3.1,-99.0,,0.0,27.5,0.5,40.0,42.5,50.5,2.5,7.0,0.5,467530,阿里山,0.0,13.4,2025-09-24T02:00:00+08:00,2025-09-24T02:10:00+08:00,,0,-99,陰,290.0,0.3
,25.083096,121.52841,,,,0.0,3.0,0.0,37.0,37.0,57.0,0.0,0.0,0.0,A1AG50,劍潭山,,,,2025-09-24T02:10:00+08:00,,,,,,
,23.539612,120.66493,,,,0.0,16.0,1.0,20.0,20.5,20.5,2.0,4.5,1.5,81M810,瑞里國小,,,,2025-09-24T02:10:00+08:00,,,,,,
,25.129193,121.576412,,,,0.0,10.5,0.0,50.5,50.5,96.5,0.0,0.5,0.0,A1AA20,平等國小,,,,2025-09-24T02:10:00+08:00,,,,,,
68.0,25.133314,121.740475,15.8,1002.7,,0.0,42.0,0.0,129.5,129.5,143.5,0.5,2.5,0.0,466940,基隆,0.0,29.7,2025-09-24T02:00:00+08:00,2025-09-24T02:10:00+08:00,,0,>30,陰,140.0,7.6
100.0,24.081389,120.556667,7.8,-99.0,,0.0,23.5,1.0,28.0,28.0,28.0,6.5,14.0,5.0,A0G720,彰師大,-99.0,25.1,2025-09-24T02:00:00+08:00,2025-09-24T02:10:00+08:00,,-99,-99,陰有雨,150.0,6.0
,24.30505,120.813208,,,,0.0,16.0,2.0,19.0,19.0,19.0,4.0,11.0,3.0,01E230,卓蘭(2),,,,2025-09-24T02:10:00+08:00,,,,,,
89.0,24.026875,121.1205,7.3,-99.0,,0.0,39.5,1.5,59.0,60.0,71.0,12.5,27.5,12.5,C2H9N0,仁愛東眼,-99.0,18.8,2025-09-24T02:00:00+08:00,2025-09-24T02:10:00+08:00,,-99,-99,陰,290.0,1.6
91.0,23.425381,120.522903,,987.3,1.0,0.0,9.5,0.0,15.5,15.5,16.0,1.0,1.5,1.0,C0M640,中埔,,23.7,,2025-09-24T02:10:00+08:00,2025-09-24T02:00:00+08:00,,,,134.0,1.2
95.0,23.881975,120.289544,,1002.3,3.0,0.0,22.0,1.5,23.5,23.5,23.5,3.5,5.0,3.0,C0G970,三豐,,24.8,,2025-09-24T02:10:00+08:00,2025-09-24T02:00:00+08:00,,,,82.0,2.1
100.0,22.076989,120.802439,,941.9,19.0,0.0,33.5,6.0,49.0,73.0,192.5,28.0,33.5,19.0,C0R750,四林格山,,23.7,,2025-09-24T02:10:00+08:00,2025-09-24T02:00:00+08:00,,,,125.0,8.0
87.0,24.266761,121.741031,,1006.5,0.0,0.0,26.5,0.0,156.0,183.5,313.0,0.0,0.0,0.0,C0T9D0,和中,,25.7,,2025-09-24T02:10:00+08:00,2025-09-24T02:00:00+08:00,,,,8.0,1.5
94.0,24.107058,120.624103,,999.1,4.0,0.0,19.5,1.0,23.5,23.5,23.5,5.0,11.0,4.0,C0F9S0,烏日,,25.2,,2025-09-24T02:10:00+08:00,2025-09-24T02:00:00+08:00,,,,328.0,0.6
86.0,22.079678,120.714425,15.1,-99.0,,0.0,9.0,4.5,16.5,24.0,103.0,9.0,9.0,9.0,12Q980,恆春工作站,-99.0,26.7,2025-09-24T02:00:00+08:00,2025-09-24T02:10:00+08:00,,-99,-99,陰,130.0,7.5
,24.943989,121.649599,,,,0.0,16.5,0.0,59.0,64.5,97.5,0.0,0.5,0.0,L1A820,十三股,,,,2025-09-24T02:10:00+08:00,,,,,,
66.0,25.037658,121.514853,14.2,1002.0,,0.0,3.0,0.0,43.5,46.0,62.5,0.0,0.0,0.0,466920,臺北,0.0,30.1,2025-09-24T02:00:00+08:00,2025-09-24T02:10:00+08:00,,0,>30,陰,130.0,5.3
99.0,24.066147,120.660919,4.0,-99.0,,0.0,16.0,1.0,20.5,20.5,20.5,4.0,9.0,3.0,CAF050,國三N208K,-99.0,24.7,2025-09-24T02:00:00+08:00,2025-09-24T02:10:00+08:00,,-99,-99,陰,360.0,0.6
95.0,22.478205,120.415136,,1003.6,14.0,6.0,27.0,12.0,57.5,63.5,72.5,22.0,22.0,20.0,C0V900,汕尾,,26.1,,2025-09-24T02:10:00+08:00,2025-09-24T02:00:00+08:00,,,,134.0,9.5
,23.537022,120.607797,,,,0.0,14.0,1.0,18.5,18.5,18.5,2.0,3.0,2.0,C1M480,獨立山,,,,2025-09-24T02:10:00+08:00,,,,,,
,25.032491,121.611605,,,,0.0,21.0,0.0,101.0,105.0,131.5,0.5,1.0,0.0,A1AC60,九如里,,,,2025-09-24T02:10:00+08:00,,,,,,
99.0,26.169467,119.923158,7.7,996.4,,0.0,3.5,0.5,5.0,5.0,8.5,1.0,3.0,0.5,467990,馬祖,0.0,26.4,2025-09-24T02:00:00+08:00,2025-09-24T02:10:00+08:00,,0,3-6,陰有雨,100.0,2.6
95.0,24.966128,121.008583,,1004.2,0.5,0.0,2.5,0.0,3.0,3.0,3.0,0.5,1.0,0.5,C0C730,中大臨海站,,27.3,,2025-09-24T02:10:00+08:00,2025-09-24T02:00:00+08:00,,,,291.0,2.4
92.0,23.25727,119.66762,10.5,999.7,,0.0,2.0,1.0,13.0,13.0,13.0,1.5,1.5,1.5,467300,東吉島,0.0,26.1,2025-09-24T02:00:00+08:00,2025-09-24T02:10:00+08:00,,0,3-6,陰有雨,90.0,7.3
99.0,22.7405,120.490503,,998.5,15.5,0.0,21.5,11.0,70.0,75.0,77.5,17.5,17.5,15.5,C0R490,九如,,24.1,,2025-09-24T02:10:00+08:00,2025-09-24T02:00:00+08:00,,,,20.0,1.4
,25.175833,121.689444,,,,0.0,19.5,0.0,87.0,87.0,102.0,0.0,0.5,0.0,81AH50,萬里國小,,,,2025-09-24T02:10:00+08:00,,,,,,
,23.403797,121.459474,,,,0.0,97.0,3.0,147.0,151.0,265.0,10.0,75.0,3.0,01S270,樟原(1),,,,2025-09-24T02:10:00+08:00,,,,,,
95.0,22.802525,120.216369,,1003.1,1.5,0.0,10.5,1.0,31.5,32.0,32.0,1.5,1.5,1.5,C0V870,文安,,25.2,,2025-09-24T02:10:00+08:00,2025-09-24T02:00:00+08:00,,,,34.0,2.9
99.0,23.585386,120.555581,,985.9,1.5,0.5,14.0,1.0,18.5,18.5,18.5,2.0,3.5,2.0,C0M770,梅山,,23.8,,2025-09-24T02:10:00+08:00,2025-09-24T02:00:00+08:00,,,,0.0,0.2
,24.935556,121.886944,,,,0.0,38.0,0.0,76.5,78.5,94.0,0.0,0.0,0.0,81U900,大溪國小,,,,2025-09-24T02:10:00+08:00,,,,,,
,23.666719,121.370128,,,,1.5,163.5,12.0,302.0,336.5,484.0,44.0,84.0,19.5,C1T950,太安,,,,2025-09-24T02:10:00+08:00,,,,,,
93.0,23.3215,121.339656,,990.9,18.5,3.0,198.5,5.0,356.0,369.5,478.5,37.0,72.0,21.5,C0Z061,玉里,,24.5,,2025-09-24T02:10:00+08:00,2025-09-24T02:00:00+08:00,,,,346.0,2.0
,24.367306,120.901656,,,,0.0,16.5,1.5,17.5,17.5,17.5,3.5,12.0,2.5,C1E711,馬拉邦山,,,,2025-09-24T02:10:00+08:00,,,,,,
81.0,25.017842,121.942083,10.3,-99.0,,0.0,27.0,0.0,41.5,44.5,55.0,0.0,0.5,0.0,C2A880,福隆,-99.0,28.8,2025-09-24T02:00:00+08:00,2025-09-24T02:10:00+08:00,,-99,-99,陰,150.0,3.5
88.0,23.313644,121.459994,,1003.3,6.0,0.0,57.5,0.0,100.5,105.0,154.5,7.5,30.5,6.0,C0SB80,長濱漁港,,28.2,,2025-09-24T02:10:00+08:00,2025-09-24T02:00:00+08:00,,,,123.0,5.1
,25.131395,121.545613,,,,0.0,5.0,0.0,45.5,45.5,86.0,0.0,0.0,0.0,A1AA10,格致國中,,,,2025-09-24T02:10:00+08:00,,,,,,
,22.725061,121.03782,,,,0.0,199.5,14.0,352.5,396.5,472.5,20.0,66.5,18.0,81S930,射馬干,,,,2025-09-24T02:10:00+08:00,,,,,,
,24.538278,121.002836,,,,0.0,7.5,1.0,8.5,8.5,9.5,2.0,4.0,1.0,C1E670,南礦,,,,2025-09-24T02:10:00+08:00,,,,,,
,24.641389,121.278611,,,,0.0,7.0,0.0,18.0,21.0,37.5,1.0,3.0,0.5,81D670,田埔分校,,,,2025-09-24T02:10:00+08:00,,,,,,
90.0,24.675286,121.587061,,957.4,0.5,0.0,6.5,0.0,43.5,52.0,257.5,0.5,3.0,0.5,C0U650,玉蘭,,23.8,,2025-09-24T02:10:00+08:00,2025-09-24T02:00:00+08:00,,,,57.0,4.8
99.0,22.142069,120.894356,,992.9,15.5,0.0,19.5,13.0,26.0,31.5,110.0,18.0,18.5,15.5,C0R790,九棚,,25.1,,2025-09-24T02:10:00+08:00,2025-09-24T02:00:00+08:00,,,,166.0,3.6
,23.036624,120.708888,,,,0.0,42.0,2.0,90.0,94.0,100.0,7.0,14.0,4.0,O1V510,寶山,,,,2025-09-24T02:10:00+08:00,,,,,,
96.0,23.895703,120.94135,,932.5,2.0,0.0,16.0,0.0,21.5,21.5,24.5,2.0,9.0,2.0,C0I370,魚池,,21.6,,2025-09-24T02:10:00+08:00,2025-09-24T02:00:00+08:00,,,,235.0,0.5
100.0,23.126042,120.46055,2.0,-99.0,,0.0,22.0,0.5,33.0,33.0,33.5,2.0,2.0,1.5,C2O930,玉井,-99.0,23.8,2025-09-24T02:00:00+08:00,2025-09-24T02:10:00+08:00,,-99,-99,陰,40.0,0.6
95.0,23.106694,120.327528,2.9,-99.0,,0.5,16.0,3.5,29.0,29.0,29.0,5.0,5.0,4.0,CAN090,國三S342K,-99.0,23.7,2025-09-24T02:00:00+08:00,2025-09-24T02:10:00+08:00,,-99,3-6,陰有雨,70.0,1.2
68.0,25.063861,121.340164,,977.1,0.0,0.0,0.0,0.0,5.5,5.5,9.0,0.0,0.0,0.0,C0C690,國一五楊N44K,,27.7,,2025-09-24T02:10:00+08:00,2025-09-24T02:00:00+08:00,,,,132.0,1.1
100.0,23.972169,120.952425,,956.0,1.5,0.0,14.5,0.0,16.0,16.0,16.0,2.0,9.5,1.5,C0H890,埔里,,22.8,,2025-09-24T02:10:00+08:00,2025-09-24T02:00:00+08:00,,,,173.0,0.4
96.0,24.131764,121.295717,,701.4,28.0,0.5,177.5,9.5,326.0,345.5,490.5,33.5,83.5,28.5,C0I530,小奇萊,,10.5,,2025-09-24T02:10:00+08:00,2025-09-24T02:00:00+08:00,,,,156.0,8.5
,23.905333,120.846983,,,,0.5,10.0,0.5,14.5,15.0,15.0,2.0,5.0,1.5,C1I220,樟湖,,,,2025-09-24T02:10:00+08:00,,,,,,
100.0,24.388792,121.268675,,695.3,8.0,0.0,68.0,3.5,111.5,117.5,145.5,13.5,43.0,8.0,C0F9Z0,雪山東峰,,9.9,,2025-09-24T02:10:00+08:00,2025-09-24T02:00:00+08:00,,,,66.0,2.9
,23.028691,120.592901,,,,0.5,35.0,1.0,53.0,53.0,53.0,3.0,4.0,2.5,88V560,集來,,,,2025-09-24T02:10:00+08:00,,,,,,
,22.926574,120.509127,,,,0.0,29.0,5.0,71.0,72.0,72.0,11.0,12.0,8.0,O1V820,圓富國中,,,,2025-09-24T02:10:00+08:00,,,,,,
,22.653117,120.630973,,,,0.0,41.5,10.5,164.0,194.0,226.0,28.5,29.0,25.5,81R640,佳義國小,,,,2025-09-24T02:10:00+08:00,,,,,,
88.0,26.358836,120.483631,12.4,-99.0,,,,,,,,,,-99.0,CAW010,東引,-99.0,28.1,2025-09-24T02:00:00+08:00,,,-99,3-6,陰有靄,110.0,3.5
100.0,24.753033,121.641303,,951.5,0.0,0.0,8.0,0.0,83.0,88.0,146.5,0.5,1.0,0.0,C0U520,雙連埤,,23.5,,2025-09-24T02:10:00+08:00,2025-09-24T02:00:00+08:00,,,,61.0,0.3
96.0,25.027072,121.153317,,996.5,0.0,0.0,1.0,0.0,4.0,4.0,5.5,0.0,0.5,0.0,C0C590,觀音,,25.9,,2025-09-24T02:10:00+08:00,2025-09-24T02:00:00+08:00,,,,209.0,1.6
,24.742156,120.906944,,,,0.0,6.0,1.0,6.0,6.0,6.0,2.0,4.0,1.0,O1D580,內湖國小,,,,2025-09-24T02:10:00+08:00,,,,,,
99.0,23.583897,121.514806,,991.2,10.0,0.0,97.0,6.5,177.5,207.5,270.5,20.0,51.5,10.0,C0T9I0,豐濱,,25.7,,2025-09-24T02:10:00+08:00,2025-09-24T02:00:00+08:00,,,,259.0,1.8
,24.080775,120.962997,,,,0.0,15.0,0.0,17.5,17.5,17.5,2.0,7.0,1.5,C1H900,清流,,,,2025-09-24T02:10:00+08:00,,,,,,
,22.708369,120.649251,,,,0.0,65.0,17.0,275.0,302.0,331.0,42.0,49.0,33.0,01Q930,三地門,,,,2025-09-24T02:10:00+08:00,,,,,,
98.0,24.273503,120.947617,3.5,-99.0,,0.0,15.0,1.5,16.0,16.0,16.0,4.0,11.0,3.5,C2FA00,烏石坑,-99.0,19.7,2025-09-24T02:00:00+08:00,2025-09-24T02:10:00+08:00,,-99,-99,陰,90.0,1.3
100.0,24.332372,120.717144,4.2,-99.0,,0.0,18.0,2.0,21.5,21.5,22.0,5.0,12.5,3.5,CAF950,國一N158K,-99.0,23.3,2025-09-24T02:00:00+08:00,2025-09-24T02:10:00+08:00,,-99,7-10,陰,130.0,0.9
100.0,24.897536,121.792444,,897.4,0.5,0.0,15.0,0.0,69.5,73.0,111.0,1.0,2.0,0.5,C0U950,鶯子嶺,,22.2,,2025-09-24T02:10:00+08:00,2025-09-24T02:00:00+08:00,,,,130.0,19.0
99.0,24.226944,121.308522,4.3,-99.0,,1.5,146.5,8.0,243.5,263.5,435.5,24.5,72.5,20.0,E2HA20,畢祿溪站,-99.0,14.4,2025-09-24T02:00:00+08:00,2025-09-24T02:10:00+08:00,,-99,-99,陰有雨,210.0,0.6
99.0,24.601775,121.000214,,979.7,0.5,0.0,5.0,0.5,6.0,6.0,6.0,2.0,2.5,0.5,C0E430,南庄,,23.0,,2025-09-24T02:10:00+08:00,2025-09-24T02:00:00+08:00,,,,0.0,0.2
,24.161555,121.653037,,,,0.0,74.5,6.5,212.0,217.0,345.0,9.5,21.0,7.0,81T1A0,崇德國小,,,,2025-09-24T02:10:00+08:00,,,,,,
98.0,23.347467,120.414428,,999.2,1.0,0.0,9.5,0.5,16.5,16.5,16.5,1.0,1.5,1.0,C0X210,白河,,24.1,,2025-09-24T02:10:00+08:00,2025-09-24T02:00:00+08:00,,,,136.0,1.0
,23.563333,120.868728,,,,0.0,24.5,1.5,37.5,39.0,43.0,4.0,7.5,2.0,C1I340,新興橋,,,,2025-09-24T02:10:00+08:00,,,,,,
92.0,24.173142,120.722289,,987.8,2.0,0.0,17.5,0.5,22.0,22.0,22.0,3.0,11.5,2.0,C0F970,大坑,,25.4,,2025-09-24T02:10:00+08:00,2025-09-24T02:00:00+08:00,,,,7.0,1.3
,24.600282,121.529309,,,,0.0,0.0,0.0,14.5,18.0,110.5,0.0,0.0,0.0,81U870,樂水分校,,,,2025-09-24T02:10:00+08:00,,,,,,
,24.614906,121.637272,,,,0.0,44.0,0.0,142.0,152.0,360.0,5.0,21.0,1.0,01U790,清水,,,,2025-09-24T02:10:00+08:00,,,,,,
100.0,22.592333,120.614306,,999.7,16.5,0.5,35.5,6.0,130.5,160.0,208.0,23.0,27.5,17.0,C0R190,赤山,,24.7,,2025-09-24T02:10:00+08:00,2025-09-24T02:00:00+08:00,,,,10.0,0.8
100.0,24.510856,121.608044,,811.3,3.5,0.0,86.0,1.5,291.0,327.5,579.5,8.5,24.5,3.5,C0U960,翠峰湖,,16.2,,2025-09-24T02:10:00+08:00,2025-09-24T02:00:00+08:00,,,,195.0,3.2
,24.526914,120.830806,,,,0.5,15.5,2.5,16.5,16.5,16.5,5.5,11.0,3.0,C1E770,公館,,,,2025-09-24T02:10:00+08:00,,,,,,
97.0,23.761225,120.688156,,986.5,1.5,0.0,17.5,0.5,22.0,22.0,22.0,3.0,7.0,1.5,C0I110,竹山,,23.7,,2025-09-24T02:10:00+08:00,2025-09-24T02:00:00+08:00,,,,357.0,1.0
-99.0,25.01125,121.508111,,-99.0,0.0,0.0,1.5,0.0,43.5,45.0,57.0,0.0,0.5,0.0,C0AH10,永和,,-99.0,,2025-09-24T02:10:00+08:00,2025-09-24T02:00:00+08:00,,,,-99.0,-99.0
-99.0,23.75555,120.318925,,-99.0,-99.0,,,,,,,,,,C0K250,崙背,,-99.0,,,2025-09-24T02:00:00+08:00,,,,-99.0,-99.0
,25.030298,121.490307,,,,0.0,1.0,0.0,31.0,33.0,39.0,0.0,0.0,0.0,A1AB20,雙園,,,,2025-09-24T02:10:00+08:00,,,,,,
98.0,22.598,120.99775,6.9,-99.0,,0.0,57.0,12.5,127.5,150.5,237.0,32.0,40.0,25.0,E2S960,太麻里(2),-99.0,25.0,2025-09-24T02:00:00+08:00,2025-09-24T02:10:00+08:00,,-99,-99,陰,10.0,1.0
96.0,23.272603,120.247622,,1003.1,2.5,0.5,12.5,1.5,20.0,20.0,20.0,3.0,3.0,3.0,C0X230,鹽水,,24.9,,2025-09-24T02:10:00+08:00,2025-09-24T02:00:00+08:00,,,,78.0,1.4
99.0,23.748675,120.609642,,993.8,2.0,0.0,22.0,2.0,24.5,24.5,24.5,4.0,8.0,2.0,C0K470,林內,,23.8,,2025-09-24T02:10:00+08:00,2025-09-24T02:00:00+08:00,,,,0.0,0.0
91.0,24.985917,121.239833,6.1,-99.0,,0.0,0.5,0.0,2.0,2.0,6.5,0.0,0.0,0.0,A2C560,農工中心,-99.0,26.6,2025-09-24T02:00:00+08:00,2025-09-24T02:10:00+08:00,,-99,-99,陰,210.0,0.8
,24.157728,121.623597,,,,0.0,76.5,5.0,241.5,260.5,388.0,11.5,24.0,9.0,C1TA00,太魯閣,,,,2025-09-24T02:10:00+08:00,,,,,,
93.0,24.295534,120.695976,3.6,-99.0,,0.0,18.5,1.5,22.0,22.0,23.0,4.5,12.5,3.5,CAF020,國一S162K,-99.0,23.5,2025-09-24T02:00:00+08:00,2025-09-24T02:10:00+08:00,,-99,-99,陰有雨,300.0,0.5
97.0,22.453108,120.887572,,990.2,4.5,0.0,27.0,0.0,107.0,133.0,218.5,16.5,21.0,4.5,C0SA80,土阪,,26.4,,2025-09-24T02:10:00+08:00,2025-09-24T02:00:00+08:00,,,,43.0,1.8
,22.67206,121.037516,,,,0.0,78.5,4.0,151.0,173.0,255.5,7.0,27.5,6.5,81S560,三和國小,,,,2025-09-24T02:10:00+08:00,,,,,,
100.0,23.434056,120.727169,2.2,-99.0,,0.5,21.5,1.5,28.5,28.5,29.5,3.0,7.0,1.5,C2M940,日野賀,-99.0,19.3,2025-09-24T02:00:00+08:00,2025-09-24T02:10:00+08:00,,-99,-99,陰,210.0,0.3
,23.274033,120.911764,,,,0.5,272.0,7.0,505.5,537.0,615.5,36.0,93.0,20.5,C1V190,南天池,,,,2025-09-24T02:10:00+08:00,,,,,,
72.0,25.07639,121.4964,12.1,-99.0,,0.0,2.0,0.0,39.5,40.0,58.0,0.0,0.5,0.0,CAA020,國一S026K,-99.0,29.8,2025-09-24T02:00:00+08:00,2025-09-24T02:10:00+08:00,,-99,7-10,陰,110.0,6.0
,22.560122,120.488328,,,,0.0,45.0,3.0,83.0,88.0,92.0,13.0,13.0,13.0,O1R620,新庄國小,,,,2025-09-24T02:10:00+08:00,,,,,,
,24.085275,120.484036,,,,0.0,26.0,1.0,29.0,29.0,29.0,6.0,14.0,4.0,01G090,頭汴,,,,2025-09-24T02:10:00+08:00,,,,,,
,24.970278,121.926111,,,,0.0,26.5,0.0,62.5,65.0,78.5,0.0,0.0,0.0,81U890,大里國小,,,,2025-09-24T02:10:00+08:00,,,,,,
,24.936401,121.710339,,,,0.0,26.0,0.0,163.0,171.0,222.0,0.0,0.0,0.0,01A450,坪林(4),,,,2025-09-24T02:10:00+08:00,,,,,,
,23.469067,120.701672,,,,0.0,18.5,1.0,23.5,23.5,24.0,2.5,5.0,1.5,81M660,阿里山國小,,,,2025-09-24T02:10:00+08:00,,,,,,
94.0,24.254668,121.007374,,774.9,4.5,0.0,31.0,1.5,36.5,36.5,37.5,5.0,21.0,4.5,C0FB00,大雪山,,15.8,,2025-09-24T02:10:00+08:00,2025-09-24T02:00:00+08:00,,,,321.0,1.4
,24.887277,121.421373,,,,0.0,5.0,0.0,35.0,38.0,67.0,0.0,0.0,0.0,01A210,大豹,,,,2025-09-24T02:10:00+08:00,,,,,,
99.0,23.299075,120.664767,,957.1,2.0,1.0,17.5,2.0,24.0,24.0,24.5,3.5,3.5,3.0,C0M800,茶山,,22.1,,2025-09-24T02:10:00+08:00,2025-09-24T02:00:00+08:00,,,,0.0,0.0
91.0,24.79778,121.0089,5.3,-99.0,,0.0,4.0,1.0,4.5,4.5,4.5,2.0,2.5,2.0,CAD050,國一N094K,-99.0,25.0,2025-09-24T02:00:00+08:00,2025-09-24T02:10:00+08:00,,-99,-99,陰有雨,190.0,1.2
100.0,22.430439,120.8938,,906.6,7.0,0.0,30.0,0.0,102.0,131.5,244.0,17.5,25.0,7.0,C0S980,勝林山,,22.0,,2025-09-24T02:10:00+08:00,2025-09-24T02:00:00+08:00,,,,133.0,4.3
,22.525964,120.676125,,,,0.0,57.0,8.0,236.0,265.0,389.5,30.5,37.5,19.0,88R460,來義,,,,2025-09-24T02:10:00+08:00,,,,,,
,24.985827,121.887489,,,,0.0,36.0,0.0,101.0,111.0,132.0,0.0,0.0,0.0,O1AH30,吉林國小,,,,2025-09-24T02:10:00+08:00,,,,,,
,23.105439,120.682922,,,,0.5,31.5,1.5,50.5,51.0,53.0,4.5,9.0,2.5,81V820,建山國小,,,,2025-09-24T02:10:00+08:00,,,,,,
98.0,22.416933,120.519661,,1003.1,27.5,3.0,54.0,14.0,87.5,100.5,125.5,32.5,32.5,30.5,C0R920,塭仔,,25.0,,2025-09-24T02:10:00+08:00,2025-09-24T02:00:00+08:00,,,,81.0,2.8
94.0,24.184536,120.528972,,1002.1,5.5,0.0,23.5,1.0,27.0,27.0,27.0,6.5,16.0,5.5,C0F9R0,龍井,,25.2,,2025-09-24T02:10:00+08:00,2025-09-24T02:00:00+08:00,,,,312.0,0.4
,24.397796,120.986018,,,,0.0,11.0,2.0,13.0,13.0,13.0,4.0,7.0,2.0,01E080,松安,,,,2025-09-24T02:10:00+08:00,,,,,,
100.0,23.455167,121.495028,,998.5,1.5,0.0,50.0,0.5,73.5,77.5,128.0,4.0,30.5,1.5,C0T9M0,靜浦,,26.0,,2025-09-24T02:10:00+08:00,2025-09-24T02:00:00+08:00,,,,168.0,3.2
,24.156667,120.756667,,,,0.0,16.0,0.5,21.0,21.0,21.0,2.0,10.0,1.5,81F890,坪廓分校,,,,2025-09-24T02:10:00+08:00,,,,,,
99.0,23.911469,120.687331,,992.4,2.0,0.0,15.5,0.0,20.0,20.0,20.0,4.0,8.0,2.0,C0I460,南投,,24.8,,2025-09-24T02:10:00+08:00,2025-09-24T02:00:00+08:00,,,,179.0,1.5
100.0,24.78333,121.1211,2.6,-99.0,,0.0,1.5,0.0,2.0,2.0,2.5,1.0,1.0,0.5,CAD080,國三N085K,-99.0,23.8,2025-09-24T02:00:00+08:00,2025-09-24T02:10:00+08:00,,-99,21-30,陰,40.0,0.9
77.0,25.08694,121.6869,17.1,-99.0,,0.0,29.0,0.0,117.0,117.0,150.5,0.0,1.0,0.0,CAB020,國一S006K,-99.0,29.6,2025-09-24T02:00:00+08:00,2025-09-24T02:10:00+08:00,,-99,-99,陰,120.0,6.0
95.0,24.904794,121.043628,,994.3,0.5,0.0,2.5,0.0,3.0,3.5,3.5,1.0,2.0,0.5,C0D650,湖口,,26.1,,2025-09-24T02:10:00+08:00,2025-09-24T02:00:00+08:00,,,,215.0,1.5
-99.0,23.389125,120.716647,,-99.0,-99.0,,,,,,,,,,C0M810,里佳,,-99.0,,,2025-09-24T02:00:00+08:00,,,,-99.0,-99.0
100.0,23.080106,120.591758,2.1,-99.0,,0.0,21.5,0.5,35.5,36.0,36.0,2.5,5.5,1.5,C2V250,甲仙,-99.0,22.4,2025-09-24T02:00:00+08:00,2025-09-24T02:10:00+08:00,,-99,-99,陰,340.0,1.1
,23.406364,120.603339,,,,0.5,12.5,1.0,15.5,15.5,15.5,1.5,1.5,1.5,C1M600,頭凍,,,,2025-09-24T02:10:00+08:00,,,,,,
95.0,23.081672,120.062894,6.3,-99.0,,0.5,8.5,2.5,18.5,19.0,19.0,3.0,3.0,2.5,72N240,七股研究中心,-99.0,24.9,2025-09-24T02:00:00+08:00,2025-09-24T02:10:00+08:00,,-99,-99,陰有雨,90.0,3.0
75.0,24.95083,121.3958,9.0,-99.0,,0.0,2.0,0.0,15.5,17.0,30.0,0.0,0.0,0.0,CAA070,國三N046K,-99.0,29.7,2025-09-24T02:00:00+08:00,2025-09-24T02:10:00+08:00,,-99,-99,陰,90.0,4.2
,23.224869,121.412806,,,,0.5,101.5,0.5,179.5,190.5,244.5,12.0,29.0,5.0,81S910,膽曼,,,,2025-09-24T02:10:00+08:00,,,,,,
100.0,24.363714,121.444667,,664.5,-99.0,,,,,,,,,,C0F0E0,南湖圈谷A,,8.3,,,2025-09-24T02:00:00+08:00,,,,112.0,11.7
97.0,24.372178,120.583125,,1002.7,4.0,0.0,18.5,2.0,22.5,22.5,22.5,5.0,14.5,4.0,C0FA20,溫寮,,25.2,,2025-09-24T02:10:00+08:00,2025-09-24T02:00:00+08:00,,,,19.0,0.8
97.0,22.614594,120.26468,7.5,-99.0,,0.5,11.0,5.0,33.5,36.0,37.0,10.0,10.5,9.5,CAP070,高雄燈塔,-99.0,24.9,2025-09-24T02:00:00+08:00,2025-09-24T02:10:00+08:00,,-99,-99,陰有雨,100.0,4.0
94.0,23.728081,120.787347,2.1,-99.0,,0.5,14.5,0.5,18.0,18.0,18.5,3.0,7.0,0.5,C2I090,鳳凰,-99.0,20.8,2025-09-24T02:00:00+08:00,2025-09-24T02:10:00+08:00,,-99,-99,陰,90.0,0.6
94.0,24.347817,120.705686,,987.0,2.0,0.0,14.5,1.5,17.5,17.5,17.5,4.5,9.5,2.0,C0F9Q0,外埔,,25.0,,2025-09-24T02:10:00+08:00,2025-09-24T02:00:00+08:00,,,,0.0,0.0
,23.025684,120.337183,,,,0.0,9.0,3.0,32.0,32.0,32.0,4.0,4.0,4.0,01O710,虎頭埤,,,,2025-09-24T02:10:00+08:00,,,,,,
99.0,24.823239,121.730383,,966.3,0.0,0.0,9.5,0.0,106.5,111.5,219.5,0.0,0.0,0.0,C0UB00,淡大蘭陽校園,,24.8,,2025-09-24T02:10:00+08:00,2025-09-24T02:00:00+08:00,,,,136.0,2.6
93.0,23.023541,120.111633,,1004.2,3.5,0.5,9.5,4.0,21.0,21.0,21.0,4.0,4.0,4.0,C0N030,四草,,25.1,,2025-09-24T02:10:00+08:00,2025-09-24T02:00:00+08:00,,,,334.0,2.1
73.0,25.066881,121.658778,,1000.2,1.0,0.0,25.5,0.0,102.0,104.0,145.0,1.5,2.0,1.0,C0AH00,汐止,,29.0,,2025-09-24T02:10:00+08:00,2025-09-24T02:00:00+08:00,,,,114.0,3.2
-99.0,23.226933,120.256242,,-99.0,-99.0,,,,,,,,,,C0X060,下營,,-99.0,,,2025-09-24T02:00:00+08:00,,,,-99.0,-99.0
,24.938878,121.355555,,,,0.0,1.0,0.0,7.0,7.0,18.0,0.0,0.0,0.0,01A220,三峽,,,,2025-09-24T02:10:00+08:00,,,,,,
99.0,24.637056,120.864778,,1001.8,1.5,0.0,9.5,1.0,11.0,11.0,11.0,3.0,6.5,1.5,C0E740,造橋,,24.9,,2025-09-24T02:10:00+08:00,2025-09-24T02:00:00+08:00,,,,0.0,0.2
,23.635204,121.530893,,,,0.0,111.5,1.5,168.0,171.0,227.5,19.0,66.5,4.5,81T870,東興部落,,,,2025-09-24T02:10:00+08:00,,,,,,
96.0,24.726316,120.940643,3.2,-99.0,,0.0,5.5,1.0,5.5,5.5,5.5,2.5,4.0,1.5,CAD010,國一S105K,-99.0,24.6,2025-09-24T02:00:00+08:00,2025-09-24T02:10:00+08:00,,-99,7-10,陰,110.0,0.8
,24.560997,120.836,,,,0.0,12.5,2.0,14.5,14.5,14.5,4.0,9.0,2.5,C1E900,國一N128K,,,,2025-09-24T02:10:00+08:00,,,,,,
-99.0,22.757806,120.30575,,-99.0,3.5,0.0,17.0,1.0,40.5,31.0,-99.0,3.5,3.5,3.5,C0V760,橋頭,,-99.0,,2025-09-24T02:10:00+08:00,2025-09-24T02:00:00+08:00,,,,-99.0,-99.0
98.0,24.539133,120.920042,,980.5,1.5,0.0,9.5,1.5,11.5,11.5,12.0,3.0,5.5,1.5,C0E820,獅潭,,23.4,,2025-09-24T02:10:00+08:00,2025-09-24T02:00:00+08:00,,,,0.0,0.2
,24.47039,121.777318,,,,0.0,1.5,0.0,116.5,122.5,240.5,0.0,0.5,0.0,81U860,金岳國小,,,,2025-09-24T02:10:00+08:00,,,,,,
,24.102039,120.879897,,,,0.0,18.5,0.0,22.5,22.5,22.5,3.0,10.0,2.5,C1H920,長豐,,,,2025-09-24T02:10:00+08:00,,,,,,
,24.780225,121.180437,,,,0.0,1.0,0.0,1.0,1.0,2.0,0.0,1.0,0.0,01D300,關西(3),,,,2025-09-24T02:10:00+08:00,,,,,,
80.0,24.763975,121.756528,11.6,1006.4,,0.0,2.5,0.0,68.0,74.5,129.0,0.0,0.5,0.0,467080,宜蘭,0.0,28.8,2025-09-24T02:00:00+08:00,2025-09-24T02:10:00+08:00,,0,>30,陰,140.0,4.5
79.0,25.129142,121.577086,,957.8,0.0,0.0,10.5,0.0,52.5,52.5,101.0,0.0,0.5,0.0,C0AH40,平等,,26.1,,2025-09-24T02:10:00+08:00,2025-09-24T02:00:00+08:00,,,,203.0,4.2
100.0,23.797131,121.542514,,980.1,32.0,0.0,85.0,5.0,169.5,179.0,240.5,38.0,62.0,32.0,C0T9F0,水璉,,24.8,,2025-09-24T02:10:00+08:00,2025-09-24T02:00:00+08:00,,,,123.0,0.3
,25.110338,121.803301,,,,0.0,27.0,0.0,85.0,85.0,95.0,0.0,1.0,0.0,01A380,瑞芳(2),,,,2025-09-24T02:10:00+08:00,,,,,,
,22.766264,121.024368,,,,0.0,303.0,18.0,492.0,577.0,644.0,43.0,128.0,29.0,01S560,南鵝,,,,2025-09-24T02:10:00+08:00,,,,,,
93.0,23.492864,120.290611,,1002.6,1.0,0.0,12.0,0.5,18.5,18.5,18.5,1.5,2.0,1.0,C0M740,六腳,,25.1,,2025-09-24T02:10:00+08:00,2025-09-24T02:00:00+08:00,,,,55.0,0.3
,24.940081,121.087161,,,,0.0,1.0,0.0,2.5,2.5,2.5,0.5,1.0,0.0,C1C510,水尾,,,,2025-09-24T02:10:00+08:00,,,,,,
94.0,24.882853,121.265547,,981.2,0.0,0.0,1.0,0.0,1.5,1.5,2.0,0.0,0.5,0.0,C0C630,大溪,,24.5,,2025-09-24T02:10:00+08:00,2025-09-24T02:00:00+08:00,,,,230.0,2.3
,25.059541,121.820556,,,,0.0,53.0,0.0,125.0,130.0,148.0,0.0,0.0,0.0,01AF90,三貂嶺,,,,2025-09-24T02:10:00+08:00,,,,,,
96.0,24.457703,118.328989,,1000.7,2.0,0.0,4.0,1.0,4.0,4.0,4.0,2.0,2.0,2.0,C0W150,金寧,,26.4,,2025-09-24T02:10:00+08:00,2025-09-24T02:00:00+08:00,,,,55.0,3.7
93.0,24.218294,121.689142,,1002.2,2.0,0.0,39.5,1.5,182.0,208.5,392.5,7.0,10.0,2.0,C0Z310,清水斷崖,,25.3,,2025-09-24T02:10:00+08:00,2025-09-24T02:00:00+08:00,,,,338.0,1.1
99.0,23.453994,120.749517,,900.3,0.5,0.0,21.0,0.0,27.0,27.0,27.5,1.5,6.0,0.5,C0M820,達邦,,19.8,,2025-09-24T02:10:00+08:00,2025-09-24T02:00:00+08:00,,,,0.0,0.0
82.0,24.521958,121.833175,,1005.4,0.0,0.0,2.5,0.0,112.0,113.0,189.0,0.0,0.0,0.0,C0U760,東澳,,28.6,,2025-09-24T02:10:00+08:00,2025-09-24T02:00:00+08:00,,,,154.0,2.2
100.0,23.468114,121.374069,,979.9,34.5,2.5,166.0,16.5,287.5,306.0,416.5,51.5,114.0,37.0,C0Z070,舞鶴,,23.5,,2025-09-24T02:10:00+08:00,2025-09-24T02:00:00+08:00,,,,297.0,1.8
,24.634003,121.716908,,,,0.0,46.0,2.0,160.5,166.0,322.0,5.5,18.5,3.0,C1U670,寒溪,,,,2025-09-24T02:10:00+08:00,,,,,,
79.0,24.675456,121.794583,17.6,-99.0,,0.0,17.5,0.0,79.0,84.0,141.5,0.0,6.0,0.0,CAUB50,國五S047K,-99.0,28.8,2025-09-24T02:00:00+08:00,2025-09-24T02:10:00+08:00,,-99,-99,陰,100.0,10.4
,22.526997,120.678346,,,,0.0,57.0,6.0,230.0,268.0,392.0,31.0,38.0,19.0,01Q350,新來義,,,,2025-09-24T02:10:00+08:00,,,,,,
,24.018778,121.004456,,,,0.0,17.0,0.0,24.0,24.0,24.5,3.0,8.0,3.0,C1I400,凌霄,,,,2025-09-24T02:10:00+08:00,,,,,,
80.0,24.596944,121.857089,,1003.4,0.0,0.0,8.5,0.0,48.5,49.0,125.0,0.0,4.0,0.0,C0UB10,蘇澳,,28.8,,2025-09-24T02:10:00+08:00,2025-09-24T02:00:00+08:00,,,,154.0,7.4
97.0,24.145736,120.684075,2.8,994.9,,0.0,16.0,0.5,22.5,22.5,22.5,3.0,9.5,2.5,467490,臺中,0.0,24.5,2025-09-24T02:00:00+08:00,2025-09-24T02:10:00+08:00,,0,>30,陰,0.0,0.2
,25.052193,121.582507,,,,0.0,11.0,0.0,82.0,83.0,108.5,0.0,0.0,0.0,A1AB40,玉成,,,,2025-09-24T02:10:00+08:00,,,,,,
,23.472849,120.907956,,,,0.0,58.0,2.0,120.0,132.0,187.0,7.0,15.0,4.0,O1I360,楠溪,,,,2025-09-24T02:10:00+08:00,,,,,,
94.0,23.253328,120.375253,,1001.0,1.5,0.0,18.0,0.5,26.5,26.5,26.5,1.5,1.5,1.5,C0X320,柳營,,24.1,,2025-09-24T02:10:00+08:00,2025-09-24T02:00:00+08:00,,,,190.0,0.6
,22.590969,120.933236,,,,0.0,75.0,3.0,214.0,251.0,354.5,24.0,38.0,20.0,C1S820,金峰,,,,2025-09-24T02:10:00+08:00,,,,,,
91.0,22.416211,120.926942,,1004.4,1.0,0.0,9.0,0.0,46.5,65.0,178.0,4.0,6.5,1.0,C0S970,加津林,,27.5,,2025-09-24T02:10:00+08:00,2025-09-24T02:00:00+08:00,,,,72.0,3.6
,23.173338,120.595163,,,,0.0,19.0,0.0,29.0,29.0,29.0,3.0,5.0,1.0,01O760,關山,,,,2025-09-24T02:10:00+08:00,,,,,,
,24.663333,121.397222,,,,0.0,9.0,1.0,22.0,26.0,80.0,2.5,5.0,2.0,81C790,華陵,,,,2025-09-24T02:10:00+08:00,,,,,,
98.0,24.031261,120.688133,2.7,-99.0,,0.0,14.5,0.5,18.5,18.5,18.5,3.5,8.0,2.5,G2F820,農業試驗所,-99.0,24.8,2025-09-24T02:00:00+08:00,2025-09-24T02:10:00+08:00,,-99,-99,陰,120.0,0.6
93.0,26.220358,119.974881,,1001.8,1.0,0.0,4.0,1.0,4.5,4.5,10.5,1.5,3.0,1.0,C0W220,北竿,,27.5,,2025-09-24T02:10:00+08:00,2025-09-24T02:00:00+08:00,,,,284.0,2.6
95.0,25.006066,121.097072,,996.1,0.0,0.0,0.5,0.0,2.0,2.0,2.0,0.0,0.5,0.0,C0C750,新興坑尾,,26.5,,2025-09-24T02:10:00+08:00,2025-09-24T02:00:00+08:00,,,,222.0,3.5
,24.115569,121.605006,,,,0.0,127.5,5.0,301.0,309.5,432.5,16.5,66.5,11.5,C1Z110,三棧,,,,2025-09-24T02:10:00+08:00,,,,,,
,22.457746,120.922713,,,,0.0,11.5,0.0,69.5,99.5,178.0,4.5,10.0,2.5,81S880,愛國埔分校,,,,2025-09-24T02:10:00+08:00,,,,,,
91.0,22.584861,120.543442,,1001.5,10.0,0.5,18.0,3.5,62.0,71.0,82.5,10.5,12.0,10.5,C0R650,竹田,,25.4,,2025-09-24T02:10:00+08:00,2025-09-24T02:00:00+08:00,,,,286.0,0.3
90.0,24.105169,120.492131,,1001.6,4.0,0.5,25.0,1.0,29.0,29.0,29.0,7.0,15.0,4.5,C0G9B0,和美,,25.5,,2025-09-24T02:10:00+08:00,2025-09-24T02:00:00+08:00,,,,33.0,0.8
73.0,25.002703,121.628328,,995.4,0.0,0.0,31.5,0.0,132.0,139.5,190.0,0.5,1.5,0.0,C0AH80,深坑,,29.6,,2025-09-24T02:10:00+08:00,2025-09-24T02:00:00+08:00,,,,98.0,4.2
85.0,23.589978,120.180394,5.6,-99.0,,0.0,11.0,0.5,15.5,15.5,15.5,0.5,1.0,0.5,12J990,口湖工作站,-99.0,24.9,2025-09-24T02:00:00+08:00,2025-09-24T02:10:00+08:00,,-99,-99,陰,50.0,3.8
97.0,21.945666,120.745705,,1002.8,10.5,0.0,10.5,9.0,11.0,12.0,80.0,10.5,10.5,10.5,C0R880,後壁湖,,27.1,,2025-09-24T02:10:00+08:00,2025-09-24T02:00:00+08:00,,,,100.0,11.8
,23.986803,121.076117,,,,0.0,36.0,1.5,56.5,57.0,61.0,9.5,23.5,9.0,C1I330,楓樹林,,,,2025-09-24T02:10:00+08:00,,,,,,
92.0,24.267064,121.000793,,777.6,4.5,0.0,31.0,1.5,36.5,36.5,38.0,5.0,20.0,4.5,C0FA60,鞍馬山工作站,,15.6,,2025-09-24T02:10:00+08:00,2025-09-24T02:00:00+08:00,,,,356.0,1.8
99.0,22.507667,120.587817,,998.1,15.0,0.0,35.0,3.0,103.5,121.5,172.0,15.5,17.0,15.0,C0R950,萬隆國小,,24.3,,2025-09-24T02:10:00+08:00,2025-09-24T02:00:00+08:00,,,,256.0,1.1
99.0,23.828206,120.801467,,975.2,2.0,0.5,10.5,0.5,13.0,13.0,13.0,3.5,6.0,2.5,C0I380,集集,,23.3,,2025-09-24T02:10:00+08:00,2025-09-24T02:00:00+08:00,,,,110.0,1.2
-99.0,22.833111,120.683889,,-99.0,-99.0,,,,,,,,,,C0R100,尾寮山,,-99.0,,,2025-09-24T02:00:00+08:00,,,,-99.0,-99.0
,22.886245,120.664037,,,,0.5,56.5,5.5,91.0,94.5,95.5,7.5,9.5,6.0,81V960,茂林國小,,,,2025-09-24T02:10:00+08:00,,,,,,
,24.609167,121.686944,,,,0.0,38.0,2.5,141.0,150.0,346.5,4.0,12.5,3.0,88U940,寒溪,,,,2025-09-24T02:10:00+08:00,,,,,,
95.0,23.619744,120.140036,,1002.8,0.0,0.5,13.5,0.5,19.5,19.5,19.5,0.5,1.5,0.5,C0K600,箔子寮,,25.2,,2025-09-24T02:10:00+08:00,2025-09-24T02:00:00+08:00,,,,65.0,2.8
,24.421669,120.923831,,,,0.5,12.5,2.0,13.5,13.5,16.5,4.5,9.0,2.0,C1E681,南勢山,,,,2025-09-24T02:10:00+08:00,,,,,,
,23.959722,120.686389,,,,0.0,15.5,0.5,19.5,19.5,19.5,4.0,8.5,3.0,81HA60,中興新村,,,,2025-09-24T02:10:00+08:00,,,,,,
,23.421147,121.267631,,,,0.5,164.5,11.5,286.5,302.5,378.5,38.0,58.0,17.0,C1Z240,中平林道,,,,2025-09-24T02:10:00+08:00,,,,,,
,23.286017,120.390378,,,,0.0,12.0,0.0,18.5,18.5,18.5,0.5,1.0,0.5,C1O940,東山服務區,,,,2025-09-24T02:10:00+08:00,,,,,,
,24.687014,120.960275,,,,0.0,5.0,1.0,5.0,5.0,5.0,2.0,3.0,1.0,01E240,珊珠湖,,,,2025-09-24T02:10:00+08:00,,,,,,
100.0,23.286817,121.411975,,977.2,5.0,0.0,127.5,0.0,176.0,180.5,248.0,8.0,23.0,5.0,C0S830,長濱,,25.1,,2025-09-24T02:10:00+08:00,2025-09-24T02:00:00+08:00,,,,116.0,3.0
,24.858889,121.36,,,,0.0,0.5,0.0,9.5,12.0,21.5,0.0,0.5,0.0,81AI00,五寮國小,,,,2025-09-24T02:10:00+08:00,,,,,,
,24.618333,121.285833,,,,0.0,6.5,0.0,23.0,27.0,43.0,1.0,2.5,0.0,81D770,秀巒國小,,,,2025-09-24T02:10:00+08:00,,,,,,
,24.789844,120.952712,,,,0.0,4.0,0.0,5.0,5.0,5.0,2.0,3.0,1.0,O1D590,成德中學,,,,2025-09-24T02:10:00+08:00,,,,,,
,25.154997,121.503915,,,,0.0,3.0,0.0,41.0,41.0,98.5,0.0,0.0,0.0,A1A9T0,大屯國小,,,,2025-09-24T02:10:00+08:00,,,,,,
,23.561737,120.922408,,,,0.0,46.0,2.5,75.5,78.0,91.5,9.0,18.5,4.5,81HB40,東埔吊橋,,,,2025-09-24T02:10:00+08:00,,,,,,
94.0,24.912375,121.143047,,985.8,0.0,0.0,1.5,0.0,3.0,4.0,4.0,0.0,1.0,0.0,C0C660,楊梅,,25.6,,2025-09-24T02:10:00+08:00,2025-09-24T02:00:00+08:00,,,,165.0,1.4
,23.084972,120.788475,,,,0.0,68.5,7.0,149.5,160.5,198.0,12.5,18.5,11.0,C1V580,溪南(特),,,,2025-09-24T02:10:00+08:00,,,,,,
96.0,24.8926,121.745736,9.6,-99.0,,0.0,19.0,0.0,162.0,180.0,236.5,0.0,0.0,0.0,C2A540,四堵,-99.0,25.2,2025-09-24T02:00:00+08:00,2025-09-24T02:10:00+08:00,,-99,-99,陰,180.0,2.1
-99.0,24.9944,119.449556,,-99.0,-99.0,,,,,,,,,,C0W160,烏坵,,-99.0,,,2025-09-24T02:00:00+08:00,,,,-99.0,-99.0
-99.0,23.0835,120.251897,-99.0,-99.0,,0.5,9.5,3.5,27.0,27.0,27.0,4.5,4.5,-99.0,CAN150,國一N315K,-99.0,-99.0,2025-09-24T02:00:00+08:00,2025-09-24T02:10:00+08:00,,-99,-99,陰有雨,-99.0,-99.0
99.0,22.205403,120.887614,,981.4,14.5,0.0,18.0,12.5,37.0,48.5,115.5,15.5,16.0,14.5,C0R720,旭海,,24.4,,2025-09-24T02:10:00+08:00,2025-09-24T02:00:00+08:00,,,,146.0,6.3
99.0,24.576533,121.495333,,964.2,0.0,0.0,30.5,0.0,101.0,115.0,192.5,1.5,7.0,0.0,C0UA00,土場,,23.2,,2025-09-24T02:10:00+08:00,2025-09-24T02:00:00+08:00,,,,317.0,1.1
97.0,23.120802,120.079676,6.7,-99.0,,1.0,6.5,2.5,16.0,16.5,16.5,2.5,2.5,1.5,CAN130,水試所海水繁養殖中心,-99.0,25.2,2025-09-24T02:00:00+08:00,2025-09-24T02:10:00+08:00,,-99,-99,陰有雨,90.0,3.7
97.0,24.618069,120.948578,,992.4,1.0,0.0,6.5,0.5,7.5,7.5,8.0,2.0,3.5,1.0,C0E850,大河,,23.9,,2025-09-24T02:10:00+08:00,2025-09-24T02:00:00+08:00,,,,94.0,0.5
96.0,23.679019,120.395561,,1001.4,2.0,0.5,20.0,2.0,26.5,26.5,26.5,4.5,6.0,2.5,C0K390,土庫,,24.5,,2025-09-24T02:10:00+08:00,2025-09-24T02:00:00+08:00,,,,60.0,1.9
93.0,23.458911,120.153831,,1003.4,2.5,0.5,15.0,2.5,20.5,20.5,20.5,3.0,4.0,3.0,C0M710,東石,,25.1,,2025-09-24T02:10:00+08:00,2025-09-24T02:00:00+08:00,,,,69.0,0.8
92.0,22.645017,120.311233,,1000.6,10.5,0.5,15.5,5.0,44.5,46.5,47.5,11.0,11.0,11.0,C0V700,三民,,25.1,,2025-09-24T02:10:00+08:00,2025-09-24T02:00:00+08:00,,,,56.0,1.5
98.0,23.171639,121.249378,,979.0,21.5,1.5,203.5,14.0,404.5,428.5,582.0,35.5,88.5,23.0,C0T9N0,富里,,23.8,,2025-09-24T02:10:00+08:00,2025-09-24T02:00:00+08:00,,,,54.0,1.1
,23.661789,120.807647,,,,0.5,17.5,0.5,24.5,24.5,26.0,3.5,7.0,1.0,C1I101,溪頭,,,,2025-09-24T02:10:00+08:00,,,,,,
,23.325933,121.439636,,,,0.0,128.0,0.0,206.0,211.0,265.0,17.0,43.0,15.0,01S260,忠勇,,,,2025-09-24T02:10:00+08:00,,,,,,
100.0,22.609022,120.985328,,948.9,28.5,0.0,60.0,15.0,96.0,102.5,122.5,35.0,43.0,28.5,C0S690,太麻里,,23.7,,2025-09-24T02:10:00+08:00,2025-09-24T02:00:00+08:00,,,,71.0,2.3
,23.84869,120.935333,,,,0.0,13.0,0.0,24.5,26.0,26.5,1.5,8.0,1.5,81H920,德化國小,,,,2025-09-24T02:10:00+08:00,,,,,,
98.0,23.689694,120.851036,,949.0,1.0,0.0,12.5,0.5,16.5,17.0,18.0,2.5,5.5,1.0,C0I080,信義,,21.7,,2025-09-24T02:10:00+08:00,2025-09-24T02:00:00+08:00,,,,0.0,0.2
,23.529649,120.739968,,,,0.0,17.0,0.0,21.0,21.0,22.0,0.0,4.0,0.0,O1M650,外來吉,,,,2025-09-24T02:10:00+08:00,,,,,,
,25.155898,121.489815,,,,0.0,1.5,0.0,38.0,38.5,88.5,0.0,0.0,0.0,A1AD80,貴子坑,,,,2025-09-24T02:10:00+08:00,,,,,,
67.0,25.11649,121.27551,13.8,-99.0,,0.0,0.5,0.0,2.0,2.0,4.5,0.0,0.5,0.0,CAC050,西濱S023K,-99.0,29.7,2025-09-24T02:00:00+08:00,2025-09-24T02:10:00+08:00,,-99,>30,陰,100.0,8.0
99.0,22.991703,120.645722,2.2,-99.0,,0.5,40.0,1.0,69.5,72.5,72.5,4.5,7.0,4.0,E2P980,六龜林試,-99.0,22.4,2025-09-24T02:00:00+08:00,2025-09-24T02:10:00+08:00,,-99,-99,陰有雨,0.0,0.0
100.0,22.084681,120.863353,,968.1,29.0,0.0,59.5,18.0,64.0,65.5,192.0,56.0,56.0,29.0,C0R760,南仁湖,,24.0,,2025-09-24T02:10:00+08:00,2025-09-24T02:00:00+08:00,,,,190.0,4.8
89.0,23.596314,119.67275,,1002.1,0.0,0.0,2.5,0.0,9.0,9.0,9.0,0.0,0.0,0.0,C0W200,湖西,,26.7,,2025-09-24T02:10:00+08:00,2025-09-24T02:00:00+08:00,,,,76.0,7.4
95.0,23.419719,120.388894,,1000.5,1.0,0.0,10.0,0.5,16.0,16.0,16.0,1.0,1.5,1.0,C0M690,水上,,24.5,,2025-09-24T02:10:00+08:00,2025-09-24T02:00:00+08:00,,,,244.0,1.3
,25.061696,121.511708,,,,0.0,2.5,0.0,43.5,44.5,62.0,0.0,0.0,0.0,A1A9X0,太平國小,,,,2025-09-24T02:10:00+08:00,,,,,,
97.0,23.551742,120.428444,,1000.6,1.0,0.0,12.0,0.5,19.5,19.5,19.5,1.5,2.5,1.0,C0M760,民雄,,24.7,,2025-09-24T02:10:00+08:00,2025-09-24T02:00:00+08:00,,,,96.0,0.6
,23.602442,121.520492,,,,0.0,86.0,4.0,149.0,167.0,222.0,16.0,49.0,5.0,01T730,豐濱,,,,2025-09-24T02:10:00+08:00,,,,,,
79.0,24.982411,121.668089,13.3,-99.0,,0.0,36.5,0.5,169.5,178.0,245.0,3.0,3.0,3.0,CAAD80,國五N008K,-99.0,27.6,2025-09-24T02:00:00+08:00,2025-09-24T02:10:00+08:00,,-99,7-10,陰,160.0,3.5
90.0,22.682078,121.060236,,1004.7,7.0,0.0,142.5,4.0,202.0,220.0,303.5,9.5,52.0,7.0,C0SB10,美和,,26.8,,2025-09-24T02:10:00+08:00,2025-09-24T02:00:00+08:00,,,,194.0,1.9
71.0,25.028458,121.386561,,978.0,0.0,0.0,0.0,0.0,10.0,10.0,20.0,0.0,0.0,0.0,C0C680,龜山,,28.0,,2025-09-24T02:10:00+08:00,2025-09-24T02:00:00+08:00,,,,132.0,3.2
73.0,25.115597,121.513167,,1001.9,0.0,0.0,2.0,0.0,49.5,49.5,80.5,0.0,0.0,0.0,C0AI40,石牌,,30.4,,2025-09-24T02:10:00+08:00,2025-09-24T02:00:00+08:00,,,,124.0,4.7
97.0,24.841667,121.953133,,961.5,0.0,0.0,3.0,0.0,5.5,5.5,9.5,0.0,0.0,0.0,C0U750,龜山島,,25.0,,2025-09-24T02:10:00+08:00,2025-09-24T02:00:00+08:00,,,,158.0,12.3
63.0,24.991622,121.491792,,1000.0,0.0,0.0,0.5,0.0,37.0,38.0,48.5,0.0,0.0,0.0,C0AG80,中和,,30.1,,2025-09-24T02:10:00+08:00,2025-09-24T02:00:00+08:00,,,,119.0,2.8
,24.035278,120.724444,,,,0.0,13.0,0.5,18.0,18.0,18.0,2.5,6.5,1.5,81F900,峰谷國小,,,,2025-09-24T02:10:00+08:00,,,,,,
100.0,24.562947,120.7485,,998.9,4.0,0.0,20.5,3.0,22.0,22.0,22.0,6.5,16.5,4.0,C0E810,西湖,,24.8,,2025-09-24T02:10:00+08:00,2025-09-24T02:00:00+08:00,,,,312.0,0.5
,24.637836,121.573656,,,,0.0,12.5,0.0,61.5,68.0,241.5,0.5,2.5,0.0,C1U501,牛鬥,,,,2025-09-24T02:10:00+08:00,,,,,,
,23.710574,120.917657,,,,0.0,13.0,1.0,19.0,20.0,30.0,3.0,6.0,1.0,01H470,西巒,,,,2025-09-24T02:10:00+08:00,,,,,,
80.0,22.336306,120.621722,,1002.0,31.5,4.5,76.0,14.0,144.0,176.5,242.0,40.5,41.5,36.0,C0R940,加祿堂,,27.1,,2025-09-24T02:10:00+08:00,2025-09-24T02:00:00+08:00,,,,137.0,7.5
96.0,23.946503,120.585597,,999.5,3.0,0.0,21.5,0.5,25.5,25.5,25.5,4.5,10.5,3.0,C0G650,員林,,26.0,,2025-09-24T02:10:00+08:00,2025-09-24T02:00:00+08:00,,,,275.0,0.8
,24.968892,121.595301,,,,0.0,31.5,0.0,152.5,167.0,204.5,1.5,2.0,0.5,A1AD60,貓空,,,,2025-09-24T02:10:00+08:00,,,,,,
98.0,24.494171,121.536209,,804.5,4.0,1.0,55.0,3.0,154.0,176.0,351.5,8.0,16.0,5.0,C0UB90,太平山莊,,16.4,,2025-09-24T02:10:00+08:00,2025-09-24T02:00:00+08:00,,,,-99.0,-99.0
,23.132568,121.122873,,,,0.0,286.0,4.0,505.0,530.0,613.0,15.0,111.0,7.0,01S440,新武(3),,,,2025-09-24T02:10:00+08:00,,,,,,
91.0,22.869214,121.223228,,1001.0,11.0,0.5,126.0,2.0,235.0,239.5,278.0,22.0,64.0,11.5,C0SB30,新蘭,,27.3,,2025-09-24T02:10:00+08:00,2025-09-24T02:00:00+08:00,,,,61.0,2.5
71.0,25.223628,121.643967,,1000.0,0.0,0.0,15.5,0.0,66.0,66.0,69.5,0.0,0.0,0.0,C0A940,金山,,28.9,,2025-09-24T02:10:00+08:00,2025-09-24T02:00:00+08:00,,,,172.0,2.2
100.0,23.682947,121.5274,,927.9,6.0,0.5,115.0,1.0,169.5,171.0,218.5,16.5,66.5,6.5,C0T9H0,加路蘭山,,23.1,,2025-09-24T02:10:00+08:00,2025-09-24T02:00:00+08:00,,,,103.0,5.2
95.0,23.930925,121.595153,,1005.6,12.5,0.0,137.5,2.0,213.5,215.5,316.0,21.0,63.0,12.5,C0Z150,吉安光華,,24.3,,2025-09-24T02:10:00+08:00,2025-09-24T02:00:00+08:00,,,,28.0,1.2
95.0,22.739558,120.530778,,998.5,15.0,0.0,23.0,7.5,75.0,82.5,86.5,17.0,17.0,15.0,C0R160,鹽埔,,23.9,,2025-09-24T02:10:00+08:00,2025-09-24T02:00:00+08:00,,,,28.0,1.5
,23.265355,120.445893,,,,0.0,11.0,0.0,18.0,18.0,18.0,2.0,2.0,1.0,01O190,東原,,,,2025-09-24T02:10:00+08:00,,,,,,
97.0,22.730432,120.312516,2.0,1002.9,,0.5,22.5,1.5,49.0,56.0,56.5,5.0,5.0,4.5,467441,高雄,0.0,24.4,2025-09-24T02:00:00+08:00,2025-09-24T02:10:00+08:00,,0,21-30,陰有雨,0.0,0.2
98.0,23.634556,120.477333,3.2,-99.0,,0.0,15.5,1.5,21.5,21.5,21.5,2.5,4.5,2.5,72K220,雲林分場,-99.0,24.6,2025-09-24T02:00:00+08:00,2025-09-24T02:10:00+08:00,,-99,-99,陰,50.0,1.8
99.0,23.903208,120.963364,2.5,-99.0,,0.0,17.5,0.0,23.0,23.0,23.0,2.5,11.0,2.0,72HA00,埔里分場,-99.0,21.3,2025-09-24T02:00:00+08:00,2025-09-24T02:10:00+08:00,,-99,-99,陰,120.0,0.3
67.0,25.117494,121.537169,,1002.4,0.0,0.0,2.5,0.0,56.0,56.0,102.5,0.0,0.0,0.0,C0A9C0,天母,,29.5,,2025-09-24T02:10:00+08:00,2025-09-24T02:00:00+08:00,,,,111.0,3.5
69.0,25.084275,121.265767,,1001.3,0.0,0.0,1.5,0.0,6.5,6.5,14.0,0.0,0.0,0.0,C0C620,蘆竹,,29.5,,2025-09-24T02:10:00+08:00,2025-09-24T02:00:00+08:00,,,,107.0,4.7
,24.664908,121.308185,,,,0.0,18.5,0.0,34.0,34.0,113.5,5.0,13.0,0.0,21D150,玉峰,,,,2025-09-24T02:10:00+08:00,,,,,,
99.0,24.2049,120.6552,2.9,-99.0,,0.0,17.0,1.0,23.0,23.0,23.0,4.0,11.0,3.0,CAF010,國一N174K,-99.0,24.0,2025-09-24T02:00:00+08:00,2025-09-24T02:10:00+08:00,,-99,21-30,陰有雨,330.0,0.9
96.0,25.07125,121.780794,,920.3,0.0,0.0,54.5,0.0,132.5,135.0,163.0,0.0,3.5,0.0,C0AH30,五分山,,22.8,,2025-09-24T02:10:00+08:00,2025-09-24T02:00:00+08:00,,,,107.0,8.9
94.0,22.709889,120.639944,,991.8,-99.0,,,,,,,,,,C0R150,三地門,,23.8,,,2025-09-24T02:00:00+08:00,,,,0.0,0.2
,23.240423,120.696717,,,,0.5,19.5,2.0,28.0,28.5,30.5,4.5,5.0,3.5,81V830,那瑪夏國中,,,,2025-09-24T02:10:00+08:00,,,,,,
,22.305,120.644722,,,,1.5,90.0,15.0,168.5,189.5,227.0,45.0,48.5,41.5,81R660,內獅國小,,,,2025-09-24T02:10:00+08:00,,,,,,
100.0,22.405264,120.753181,,828.3,30.5,11.0,111.0,16.0,300.0,356.5,525.5,54.0,72.5,41.5,C0R440,大漢山,,18.5,,2025-09-24T02:10:00+08:00,2025-09-24T02:00:00+08:00,,,,95.0,7.1
100.0,24.950281,121.196314,7.4,-99.0,,0.0,0.5,0.0,1.0,1.0,1.0,0.0,0.5,0.0,CAC760,國一高架N063K,-99.0,25.6,2025-09-24T02:00:00+08:00,2025-09-24T02:10:00+08:00,,-99,3-6,陰有靄,230.0,3.4
96.0,24.505781,121.113921,,788.1,1.0,0.0,11.5,1.0,13.5,14.0,14.5,1.5,6.0,1.0,C0E960,觀霧分站,,15.8,,2025-09-24T02:10:00+08:00,2025-09-24T02:00:00+08:00,,,,157.0,0.4
88.0,22.35572,120.90374,10.0,1005.0,,0.0,9.5,0.0,51.5,84.5,174.5,5.0,9.5,-990.0,467540,大武,0.0,28.3,2025-09-24T02:00:00+08:00,2025-09-24T02:10:00+08:00,,0,-99,陰有雷,110.0,5.7
-99.0,22.975481,120.466769,,-99.0,-99.0,,,,,,,,,,C0V360,內門,,-99.0,,,2025-09-24T02:00:00+08:00,,,,-99.0,-99.0
,24.632808,121.160575,,,,0.0,2.5,0.0,3.0,3.0,4.5,0.5,1.0,0.0,C1D420,太閣南,,,,2025-09-24T02:10:00+08:00,,,,,,
,23.134911,120.716711,,,,0.0,29.5,2.0,53.5,55.5,62.5,4.5,7.5,3.5,C1V231,高中,,,,2025-09-24T02:10:00+08:00,,,,,,
96.0,23.455047,120.331439,,1002.4,1.0,0.0,11.0,1.0,18.0,18.0,18.0,1.5,2.0,1.0,C0M680,太保,,24.6,,2025-09-24T02:10:00+08:00,2025-09-24T02:00:00+08:00,,,,63.0,0.7
66.0,24.944503,121.386972,6.3,-99.0,,0.0,2.5,0.0,12.5,13.5,27.0,0.0,0.0,0.0,72AI40,桃改臺北,-99.0,28.8,2025-09-24T02:00:00+08:00,2025-09-24T02:10:00+08:00,,-99,-99,陰,140.0,1.6
97.0,24.648563,120.831834,3.9,1000.2,,0.0,10.5,1.5,12.5,12.5,12.5,3.0,7.5,2.0,467280,後龍,0.0,25.3,2025-09-24T02:00:00+08:00,2025-09-24T02:10:00+08:00,,0,3-6,陰有雨,180.0,0.6
,25.00865,121.638017,,,,0.0,28.5,0.0,149.5,156.5,209.0,3.5,3.5,3.5,C1A750,石碇服務區,,,,2025-09-24T02:10:00+08:00,,,,,,
97.0,23.568632,120.624165,2.5,-99.0,,0.5,18.0,1.5,22.5,22.5,23.0,2.5,5.0,2.0,C2M970,碧湖,-99.0,19.8,2025-09-24T02:00:00+08:00,2025-09-24T02:10:00+08:00,,-99,-99,陰,270.0,1.0
96.0,24.797653,121.173239,,986.7,0.5,0.0,1.0,0.0,1.5,1.5,3.5,0.5,1.0,0.5,C0D700,關西,,24.3,,2025-09-24T02:10:00+08:00,2025-09-24T02:00:00+08:00,,,,114.0,0.6
,23.509597,120.79,,,,0.0,20.5,0.0,25.0,25.5,26.5,2.5,7.0,0.0,F1M710,二萬坪,,,,2025-09-24T02:10:00+08:00,,,,,,
92.0,24.000394,120.431683,,1002.6,4.0,0.5,29.0,1.5,29.5,29.5,29.5,7.0,14.0,4.5,C0G800,埔鹽,,26.3,,2025-09-24T02:10:00+08:00,2025-09-24T02:00:00+08:00,,,,0.0,0.0
,22.532409,120.954393,,,,0.0,23.0,0.0,148.0,178.0,271.0,9.0,15.0,8.0,O1S660,賓茂國小,,,,2025-09-24T02:10:00+08:00,,,,,,
,24.182576,121.203514,,,,0.0,51.0,2.0,72.0,74.0,96.0,6.0,20.0,6.0,01H210,翠巒,,,,2025-09-24T02:10:00+08:00,,,,,,
95.0,24.254322,120.720692,,977.0,3.5,0.0,18.5,1.0,22.0,22.0,22.5,4.5,12.0,3.5,C0F9M0,豐原,,25.7,,2025-09-24T02:10:00+08:00,2025-09-24T02:00:00+08:00,,,,38.0,1.3
,25.034164,121.619664,,,,0.0,16.0,0.0,99.5,101.5,128.5,1.0,1.0,1.0,C1AI50,國三N016K,,,,2025-09-24T02:10:00+08:00,,,,,,
,23.0805,120.692997,,,,0.0,40.0,1.0,66.5,68.0,68.5,4.0,5.5,3.5,F1V850,六龜,,,,2025-09-24T02:10:00+08:00,,,,,,
100.0,23.290728,121.348528,,954.1,16.5,3.5,179.0,4.0,327.5,353.5,468.5,37.0,74.0,20.0,C0Z330,安通山,,23.7,,2025-09-24T02:10:00+08:00,2025-09-24T02:00:00+08:00,,,,105.0,2.2
94.0,24.248517,120.903319,,900.2,4.0,0.0,14.5,1.5,16.5,16.5,16.5,4.5,9.5,4.0,C0F0C0,中坑,,19.6,,2025-09-24T02:10:00+08:00,2025-09-24T02:00:00+08:00,,,,0.0,0.2
94.0,23.038386,120.2367,3.1,1003.7,,1.0,9.0,3.5,23.0,23.0,23.0,4.0,4.0,3.0,467420,永康,0.0,24.9,2025-09-24T02:00:00+08:00,2025-09-24T02:10:00+08:00,,0,-99,陰有雨,70.0,0.7
,24.056661,120.911322,,,,0.0,18.5,0.5,22.0,22.0,22.0,3.0,11.5,2.5,81H960,北港國小,,,,2025-09-24T02:10:00+08:00,,,,,,
64.0,25.240002,121.448102,,1003.6,0.0,0.0,0.5,0.0,17.0,17.0,26.0,0.0,0.0,0.0,C0AJ60,六塊厝,,30.0,,2025-09-24T02:10:00+08:00,2025-09-24T02:00:00+08:00,,,,115.0,2.5
74.0,25.11583,121.7286,14.6,-99.0,,0.0,35.5,0.0,137.5,139.0,155.5,0.5,1.5,0.0,CAB010,國一S001K,-99.0,29.7,2025-09-24T02:00:00+08:00,2025-09-24T02:10:00+08:00,,-99,>30,陰,200.0,5.5
100.0,22.538122,120.966875,,981.6,11.0,0.0,26.5,0.0,118.0,148.5,228.5,11.5,15.0,11.0,C0S790,金崙,,25.1,,2025-09-24T02:10:00+08:00,2025-09-24T02:00:00+08:00,,,,56.0,1.9
95.0,24.489681,120.790853,,986.6,4.0,0.0,18.0,3.0,20.0,20.5,21.0,6.0,14.0,4.0,C0E780,銅鑼,,24.6,,2025-09-24T02:10:00+08:00,2025-09-24T02:00:00+08:00,,,,175.0,1.3
94.0,23.464644,120.554144,,979.6,1.0,0.5,10.5,0.5,15.5,15.5,15.5,1.5,2.0,1.5,C0M720,番路,,23.5,,2025-09-24T02:10:00+08:00,2025-09-24T02:00:00+08:00,,,,136.0,0.5
,23.972934,121.605986,,,,0.0,101.0,0.0,202.0,213.0,312.0,9.0,38.0,9.0,O1T840,花蓮,,,,2025-09-24T02:10:00+08:00,,,,,,
,24.766464,121.119178,,,,0.0,2.5,0.5,3.5,3.5,3.5,1.5,2.0,1.0,C1D630,飛鳳山,,,,2025-09-24T02:10:00+08:00,,,,,,
,25.084692,121.591709,,,,0.0,5.5,0.0,64.0,64.5,90.5,0.0,0.0,0.0,A1AA40,碧湖國小,,,,2025-09-24T02:10:00+08:00,,,,,,
99.0,22.660269,120.494027,1.9,-99.0,,0.5,14.5,8.5,49.0,56.0,58.0,11.5,12.0,10.0,C2R170,屏東,-99.0,24.1,2025-09-24T02:00:00+08:00,2025-09-24T02:10:00+08:00,,-99,-99,陰,30.0,0.4
-99.0,24.388594,121.236339,,-99.0,-99.0,,,,,,,,,,C0F0A0,雪山圈谷A,,-99.0,,,2025-09-24T02:00:00+08:00,,,,-99.0,-99.0
94.0,23.975128,121.613275,7.5,1006.6,,0.0,81.5,0.5,166.5,176.5,282.5,7.0,31.5,6.5,466990,花蓮,0.0,25.4,2025-09-24T02:00:00+08:00,2025-09-24T02:10:00+08:00,,0,>30,陰,320.0,3.8
100.0,21.993578,120.861633,,1004.1,11.0,0.0,15.0,4.0,19.0,21.5,100.5,13.5,15.0,11.0,C0R680,佳樂水,,27.0,,2025-09-24T02:10:00+08:00,2025-09-24T02:00:00+08:00,,,,101.0,6.3
69.0,25.086594,121.472331,,1001.2,0.0,0.0,1.0,0.0,31.0,31.0,49.0,0.0,1.0,0.0,C0AD30,蘆洲,,30.0,,2025-09-24T02:10:00+08:00,2025-09-24T02:00:00+08:00,,,,121.0,4.0
,23.706388,121.4125,,,,3.5,155.5,10.5,267.0,275.0,368.0,20.0,79.5,17.5,81T1C0,明利國小,,,,2025-09-24T02:10:00+08:00,,,,,,
96.0,24.834444,121.066111,2.8,-99.0,,0.0,3.0,0.0,3.5,3.5,4.0,1.0,1.5,1.0,72D680,新埔工作站,-99.0,24.7,2025-09-24T02:00:00+08:00,2025-09-24T02:10:00+08:00,,-99,-99,陰,80.0,1.2
100.0,22.702394,121.082761,,1007.6,20.0,3.0,153.5,17.0,242.5,264.0,347.5,26.5,59.0,23.0,C0SA60,知本水試所,,25.6,,2025-09-24T02:10:00+08:00,2025-09-24T02:00:00+08:00,,,,189.0,0.9
95.0,22.627422,120.298803,,1001.5,13.0,1.0,16.5,7.5,44.0,47.0,47.5,14.0,14.0,14.0,C0V490,新興,,24.7,,2025-09-24T02:10:00+08:00,2025-09-24T02:00:00+08:00,,,,90.0,1.0
,25.017093,121.574405,,,,0.0,16.0,0.0,80.5,86.0,119.0,0.0,1.0,0.0,A1AC70,挹翠山莊,,,,2025-09-24T02:10:00+08:00,,,,,,
,25.038894,121.556406,,,,0.0,11.0,0.0,66.0,70.0,89.0,0.0,0.0,0.0,A1AA80,市政中心,,,,2025-09-24T02:10:00+08:00,,,,,,
79.0,24.241394,121.712472,,1005.9,1.5,0.0,41.5,1.5,173.0,196.5,381.5,2.5,5.0,1.5,C0TA50,和仁,,27.9,,2025-09-24T02:10:00+08:00,2025-09-24T02:00:00+08:00,,,,215.0,4.9
,24.035,121.186111,,,,0.0,56.0,0.5,132.5,141.5,188.0,10.5,35.5,9.5,81HB20,廬山國小,,,,2025-09-24T02:10:00+08:00,,,,,,
,23.561831,120.928349,,,,0.0,49.0,2.0,79.0,81.0,95.0,9.0,18.0,5.0,01H400,東埔,,,,2025-09-24T02:10:00+08:00,,,,,,
,23.913225,121.052483,,,,0.0,31.0,0.5,44.0,47.0,53.0,6.5,22.5,6.0,C1I030,武界,,,,2025-09-24T02:10:00+08:00,,,,,,
65.0,25.0111,121.448716,,1001.1,0.0,0.0,0.5,0.0,22.5,23.0,31.0,0.0,0.5,0.0,C0AJ80,板橋,,30.1,,2025-09-24T02:10:00+08:00,2025-09-24T02:00:00+08:00,,,,120.0,3.7
67.0,25.051478,121.446756,,1001.6,0.0,0.0,0.5,0.0,22.5,24.0,39.5,0.0,0.0,0.0,C0ACA0,新莊,,29.0,,2025-09-24T02:10:00+08:00,2025-09-24T02:00:00+08:00,,,,73.0,0.7
98.0,22.572152,120.311191,,1002.2,11.0,1.0,14.5,6.0,40.0,43.5,46.0,12.0,12.0,12.0,C0V890,前鎮,,24.8,,2025-09-24T02:10:00+08:00,2025-09-24T02:00:00+08:00,,,,96.0,2.8
,24.635269,120.820796,,,,0.0,10.0,1.0,12.0,12.0,12.0,2.0,7.0,1.0,01E390,大潭,,,,2025-09-24T02:10:00+08:00,,,,,,
,24.613062,121.525585,,,,0.0,24.0,0.0,74.0,80.0,222.0,1.0,5.0,0.0,01U060,梵梵(2),,,,2025-09-24T02:10:00+08:00,,,,,,
95.0,24.1081,120.434576,3.5,-99.0,,0.0,28.0,0.5,30.0,30.0,30.0,7.0,15.5,4.0,CAG070,西濱S173K,-99.0,25.2,2025-09-24T02:00:00+08:00,2025-09-24T02:10:00+08:00,,-99,16-20,陰,90.0,0.7
99.0,23.924703,120.547533,,1000.6,2.5,0.5,25.0,1.0,27.5,27.5,27.5,5.0,12.0,3.0,C0G920,永靖,,25.0,,2025-09-24T02:10:00+08:00,2025-09-24T02:00:00+08:00,,,,0.0,0.0
77.0,25.066739,121.628153,10.0,-99.0,,0.0,15.0,0.0,89.5,90.0,125.5,0.0,1.0,0.0,CAA010,國一N013K,-99.0,29.2,2025-09-24T02:00:00+08:00,2025-09-24T02:10:00+08:00,,-99,-99,陰,80.0,2.9
94.0,23.8068,120.367939,2.7,-99.0,,0.0,23.5,2.0,26.0,26.0,26.0,3.5,6.0,3.0,V2K610,大庄合作社,-99.0,24.8,2025-09-24T02:00:00+08:00,2025-09-24T02:10:00+08:00,,-99,-99,陰有雨,50.0,0.8
,22.657883,121.02325,,,,0.0,98.0,12.5,176.5,203.5,276.5,22.5,48.0,17.5,C1S800,華源,,,,2025-09-24T02:10:00+08:00,,,,,,
96.0,24.044302,120.381361,,1003.4,4.5,0.5,29.0,1.5,29.0,29.0,29.0,7.0,14.0,5.0,C0G960,福寶,,25.5,,2025-09-24T02:10:00+08:00,2025-09-24T02:00:00+08:00,,,,48.0,2.0
99.0,23.674194,120.255722,,1002.8,2.0,0.0,20.5,1.0,27.5,27.5,27.5,3.5,4.0,2.0,C0K590,雲林東勢,,25.0,,2025-09-24T02:10:00+08:00,2025-09-24T02:00:00+08:00,,,,43.0,1.3
,24.1605,120.831961,,,,0.0,17.0,0.5,22.0,22.0,22.0,3.0,9.5,2.5,C1F9E1,龍安,,,,2025-09-24T02:10:00+08:00,,,,,,
99.0,22.42565,120.49521,13.8,-99.0,,2.5,50.5,16.5,76.5,89.0,111.0,34.0,34.0,28.5,CAQ030,崎峰國小,-99.0,25.2,2025-09-24T02:00:00+08:00,2025-09-24T02:10:00+08:00,,-99,-99,陰有雨,110.0,3.9
94.0,24.93917,121.3239,5.7,-99.0,,0.0,0.0,0.0,4.5,5.0,10.5,0.0,0.0,0.0,CAA080,國三S054K,-99.0,25.5,2025-09-24T02:00:00+08:00,2025-09-24T02:10:00+08:00,,-99,>30,陰,240.0,2.2
72.0,24.921836,121.544725,,995.4,8.5,1.0,36.0,4.5,64.0,67.5,138.5,11.5,17.5,9.5,C0AI10,屈尺,,30.6,,2025-09-24T02:10:00+08:00,2025-09-24T02:00:00+08:00,,,,133.0,4.8
,23.345833,121.303333,,,,0.5,159.5,17.5,317.0,329.0,456.5,52.0,72.0,22.0,81T900,卓溪國小,,,,2025-09-24T02:10:00+08:00,,,,,,
100.0,23.492842,121.306883,,887.7,24.0,0.5,238.0,23.0,467.5,506.5,693.0,51.0,80.5,24.5,C0Z250,瑞穗林道,,19.9,,2025-09-24T02:10:00+08:00,2025-09-24T02:00:00+08:00,,,,137.0,1.1
100.0,22.024633,120.69355,,986.5,11.0,0.0,13.0,8.5,26.5,31.0,110.5,11.0,13.0,11.0,C0R730,大坪頂,,24.6,,2025-09-24T02:10:00+08:00,2025-09-24T02:00:00+08:00,,,,129.0,3.9
,22.642801,120.952564,,,,0.0,206.0,35.0,378.0,423.0,517.0,73.0,106.0,61.0,O1S680,金針山,,,,2025-09-24T02:10:00+08:00,,,,,,
99.0,24.675432,120.847389,4.3,-99.0,,0.5,8.0,1.0,9.0,9.0,9.0,3.0,6.0,1.0,CAE060,國三N119K,-99.0,25.0,2025-09-24T02:00:00+08:00,2025-09-24T02:10:00+08:00,,-99,3-6,陰有靄,210.0,0.9
93.0,22.279725,120.889208,,1005.2,11.0,8.0,33.5,16.5,65.5,88.0,123.0,28.0,33.5,19.0,C0S840,南田,,26.4,,2025-09-24T02:10:00+08:00,2025-09-24T02:00:00+08:00,,,,68.0,3.7
,23.360891,119.500614,,,,0.0,4.0,2.0,12.0,12.0,12.0,2.0,2.0,2.0,01W010,望安,,,,2025-09-24T02:10:00+08:00,,,,,,
,24.531772,121.451236,,,,0.0,120.0,3.0,198.0,224.0,324.0,22.0,80.0,7.0,01U070,留茂安,,,,2025-09-24T02:10:00+08:00,,,,,,
99.0,22.812222,120.314166,2.7,-99.0,,0.0,12.5,7.0,34.5,36.0,36.0,7.5,7.5,7.5,CAP020,國一S346K,-99.0,23.6,2025-09-24T02:00:00+08:00,2025-09-24T02:10:00+08:00,,-99,-99,陰有雨,10.0,1.3
,23.430078,121.312632,,,,0.0,220.0,15.0,392.0,408.0,523.0,38.0,62.0,17.0,01T230,立山,,,,2025-09-24T02:10:00+08:00,,,,,,
,23.934019,120.811994,,,,0.0,9.5,0.0,13.0,13.0,13.0,1.5,4.5,1.0,C1I211,蘆竹湳,,,,2025-09-24T02:10:00+08:00,,,,,,
97.0,24.120939,121.189303,3.7,-99.0,,0.0,95.0,2.0,142.5,145.5,157.5,10.0,60.0,10.0,C2H9Q0,北東眼山,-99.0,15.1,2025-09-24T02:00:00+08:00,2025-09-24T02:10:00+08:00,,-99,-99,陰,100.0,0.9
,23.761508,120.832956,,,,0.0,10.0,0.0,13.5,13.5,14.0,3.0,6.0,1.5,C1I510,線浸林道,,,,2025-09-24T02:10:00+08:00,,,,,,
96.0,22.650775,120.527192,,999.9,11.0,0.0,16.5,6.0,56.5,65.5,68.5,13.5,14.0,11.0,C0R570,麟洛,,25.3,,2025-09-24T02:10:00+08:00,2025-09-24T02:00:00+08:00,,,,0.0,0.1
99.0,24.700036,120.859128,,1003.6,1.5,0.0,6.5,1.0,7.5,7.5,7.5,2.0,4.5,1.5,C0E930,龍鳳,,25.8,,2025-09-24T02:10:00+08:00,2025-09-24T02:00:00+08:00,,,,126.0,0.6
89.0,22.667203,121.475328,,994.2,0.0,0.0,79.0,0.0,124.5,137.0,186.0,0.0,22.0,0.0,C0S730,綠島,,26.4,,2025-09-24T02:10:00+08:00,2025-09-24T02:00:00+08:00,,,,116.0,2.9
91.0,24.246428,120.833047,,962.4,2.0,0.0,16.0,0.5,19.5,19.5,19.5,3.0,10.5,2.0,C0F850,東勢,,23.8,,2025-09-24T02:10:00+08:00,2025-09-24T02:00:00+08:00,,,,190.0,0.4
95.0,22.760558,120.267211,,1001.3,2.5,0.5,14.0,1.5,41.0,43.5,43.5,3.0,3.0,3.0,C0V610,梓官,,24.6,,2025-09-24T02:10:00+08:00,2025-09-24T02:00:00+08:00,,,,27.0,0.9
,23.574615,120.746747,,,,0.0,18.0,0.0,23.0,23.0,24.0,1.0,5.0,0.0,O1M640,豐山,,,,2025-09-24T02:10:00+08:00,,,,,,
96.0,22.392861,120.55478,,1003.7,31.5,2.0,62.5,14.5,110.5,134.0,182.0,37.0,37.5,33.5,C0R910,下寮,,25.8,,2025-09-24T02:10:00+08:00,2025-09-24T02:00:00+08:00,,,,133.0,2.3
88.0,24.067969,121.209389,12.5,-99.0,,0.0,111.5,1.5,186.5,202.0,256.5,20.0,68.0,19.5,C2H9K0,屯原,-99.0,15.8,2025-09-24T02:00:00+08:00,2025-09-24T02:10:00+08:00,,-99,-99,陰有雨,320.0,3.4
92.0,24.213106,120.703933,,982.2,2.0,0.0,17.5,0.5,22.0,22.0,22.0,3.0,11.5,2.0,C0F9O0,潭子,,24.2,,2025-09-24T02:10:00+08:00,2025-09-24T02:00:00+08:00,,,,0.0,0.2
,25.069191,121.615007,,,,0.0,9.0,0.0,75.5,75.5,102.0,0.0,0.5,0.0,A1AA50,東湖國小,,,,2025-09-24T02:10:00+08:00,,,,,,
86.0,24.800636,121.813892,,1007.5,0.0,0.0,2.5,0.0,83.0,92.5,131.5,0.0,0.0,0.0,C0U970,大福,,27.4,,2025-09-24T02:10:00+08:00,2025-09-24T02:00:00+08:00,,,,143.0,6.5
75.0,24.993969,121.662917,,981.2,3.5,0.0,32.0,0.0,156.0,164.5,230.0,3.5,3.5,3.5,C0A640,石碇,,27.9,,2025-09-24T02:10:00+08:00,2025-09-24T02:00:00+08:00,,,,156.0,2.3
92.0,24.375492,120.749184,3.2,-99.0,,0.5,19.5,2.5,22.5,22.5,22.5,5.0,14.5,3.0,CAE050,國一S152K,-99.0,22.8,2025-09-24T02:00:00+08:00,2025-09-24T02:10:00+08:00,,-99,7-10,陰,30.0,1.1
99.0,22.971003,120.539853,1.8,-99.0,,0.0,31.0,1.5,54.5,55.0,55.5,4.5,6.0,4.0,C2V260,月眉,-99.0,23.4,2025-09-24T02:00:00+08:00,2025-09-24T02:10:00+08:00,,-99,-99,陰有雨,340.0,0.5
96.0,24.423753,118.240186,,999.5,1.0,0.0,2.0,0.5,2.0,2.0,2.0,1.0,1.0,1.0,C0W240,九宮,,26.3,,2025-09-24T02:10:00+08:00,2025-09-24T02:00:00+08:00,,,,30.0,1.3
89.0,24.8284,121.40888,,911.1,0.0,0.0,5.5,0.0,42.5,53.0,133.0,0.0,1.0,0.0,C0C790,東眼山,,22.8,,2025-09-24T02:10:00+08:00,2025-09-24T02:00:00+08:00,,,,261.0,1.4
,23.525556,121.376111,,,,0.0,203.0,10.5,328.5,356.5,496.5,28.5,91.5,15.0,81T890,瑞北國小,,,,2025-09-24T02:10:00+08:00,,,,,,
100.0,23.069131,121.126219,,837.3,19.0,0.0,248.5,7.5,416.0,437.5,542.0,26.0,92.5,19.0,C0S760,紅石,,18.3,,2025-09-24T02:10:00+08:00,2025-09-24T02:00:00+08:00,,,,196.0,0.7
100.0,23.011789,120.249453,3.0,-99.0,,1.5,14.0,6.0,28.5,28.5,28.5,6.5,6.5,5.0,CAN040,國一N323K,-99.0,23.7,2025-09-24T02:00:00+08:00,2025-09-24T02:10:00+08:00,,-99,-99,陰有雨,90.0,1.5
,22.112611,120.756597,,,,0.0,32.0,7.5,51.5,61.0,165.0,31.0,31.5,24.0,C1R290,石門山,,,,2025-09-24T02:10:00+08:00,,,,,,
,25.029293,121.582905,,,,0.0,15.5,0.0,84.5,89.5,110.5,1.0,2.0,0.0,A1AG40,四獸山,,,,2025-09-24T02:10:00+08:00,,,,,,
99.0,23.340258,120.379661,2.4,-99.0,,0.0,7.5,0.5,11.5,11.5,11.5,0.5,0.5,0.5,A2N290,蘭花園區,-99.0,24.2,2025-09-24T02:00:00+08:00,2025-09-24T02:10:00+08:00,,-99,-99,陰,130.0,0.4
96.0,24.498589,120.673878,,1003.5,3.5,0.5,20.0,3.5,22.5,22.5,22.5,6.0,17.0,4.0,C0E920,通霄漁港,,24.8,,2025-09-24T02:10:00+08:00,2025-09-24T02:00:00+08:00,,,,153.0,0.6
93.0,23.020333,121.323642,,998.4,3.5,0.0,103.0,3.5,163.5,170.5,221.5,3.5,33.5,3.5,C0SA30,都歷,,26.2,,2025-09-24T02:10:00+08:00,2025-09-24T02:00:00+08:00,,,,291.0,1.3
98.0,22.829528,121.077694,10.4,-99.0,,,,,,,,,,-99.0,72S200,班鳩分場,-99.0,23.0,2025-09-24T02:00:00+08:00,,,-99,-99,陰有雨,40.0,3.0
100.0,23.737456,120.417944,,1002.2,2.5,0.5,18.0,2.0,21.0,21.0,21.0,3.5,6.0,3.0,C0K580,高鐵雲林,,24.3,,2025-09-24T02:10:00+08:00,2025-09-24T02:00:00+08:00,,,,30.0,0.3
-99.0,23.460833,120.375833,-99.0,-99.0,,0.0,11.5,0.5,18.5,18.5,18.5,1.5,2.0,-99.0,CAL030,國一N268K,-99.0,-99.0,2025-09-24T02:00:00+08:00,2025-09-24T02:10:00+08:00,,-99,-99,陰,-99.0,-99.0
96.0,23.646064,120.431525,,1000.2,2.0,0.5,17.0,2.0,23.5,23.5,23.5,3.5,5.0,2.5,C0K450,大埤,,24.5,,2025-09-24T02:10:00+08:00,2025-09-24T02:00:00+08:00,,,,46.0,2.7
,25.015833,121.804444,,,,0.0,58.5,0.0,129.0,131.5,166.0,0.0,1.5,0.0,81AH70,柑林國小,,,,2025-09-24T02:10:00+08:00,,,,,,
,24.862306,121.551378,,,,0.0,25.0,0.0,92.0,108.0,220.0,4.0,9.0,0.0,01AD90,覽勝橋,,,,2025-09-24T02:10:00+08:00,,,,,,
,24.579364,121.079947,,,,0.0,4.0,0.0,5.0,5.0,5.0,0.5,2.0,0.0,C1D410,白蘭,,,,2025-09-24T02:10:00+08:00,,,,,,
,24.2775,121.263333,,,,0.5,75.0,5.0,125.0,131.0,158.0,12.5,39.5,8.0,81F970,松茂部落,,,,2025-09-24T02:10:00+08:00,,,,,,
97.0,22.508275,120.359141,,1002.1,16.0,3.5,22.0,11.5,53.5,59.5,66.0,19.5,19.5,19.5,C0V840,鳳鼻頭,,25.6,,2025-09-24T02:10:00+08:00,2025-09-24T02:00:00+08:00,,,,93.0,3.8
97.0,24.23192,120.9786,,799.0,7.5,0.0,25.0,2.5,29.0,29.0,29.5,7.5,17.0,7.5,C0FB20,雪山橋,,15.8,,2025-09-24T02:10:00+08:00,2025-09-24T02:00:00+08:00,,,,333.0,1.2
,24.42585,121.749405,,,,0.0,19.0,0.0,134.0,139.0,333.0,2.0,4.0,2.0,01U450,樟林,,,,2025-09-24T02:10:00+08:00,,,,,,
,23.949895,120.854392,,,,0.0,12.0,0.0,15.5,15.5,15.5,1.5,6.5,1.5,81I520,九份二山,,,,2025-09-24T02:10:00+08:00,,,,,,
87.0,24.819144,121.782378,12.5,-99.0,,0.0,2.5,0.0,69.5,78.0,120.0,0.0,0.0,0.0,CAUB30,國五S031K,-99.0,28.5,2025-09-24T02:00:00+08:00,2025-09-24T02:10:00+08:00,,-99,16-20,陰,120.0,5.8
95.0,24.154094,121.164517,3.7,-99.0,,0.0,56.0,1.5,69.0,70.0,74.5,5.5,34.0,5.5,C2H9M0,發祥,-99.0,18.7,2025-09-24T02:00:00+08:00,2025-09-24T02:10:00+08:00,,-99,-99,陰,320.0,2.1
,25.037192,121.585606,,,,0.0,13.5,0.0,82.5,87.0,107.5,0.0,1.0,0.0,A1AA60,留公國中,,,,2025-09-24T02:10:00+08:00,,,,,,
,22.910218,120.716048,,,,0.0,67.0,0.0,129.0,139.0,156.0,8.0,14.0,7.0,O1V550,多納(1),,,,2025-09-24T02:10:00+08:00,,,,,,
81.0,25.018244,121.273697,11.4,-99.0,,0.0,0.5,0.0,3.0,3.0,4.5,0.0,0.5,0.0,CAC020,國二E009K,-99.0,28.2,2025-09-24T02:00:00+08:00,2025-09-24T02:10:00+08:00,,-99,>30,陰,180.0,3.2
,23.728722,120.712097,,,,0.0,16.0,0.5,20.5,20.5,20.5,3.0,7.0,1.0,C1I201,中心崙,,,,2025-09-24T02:10:00+08:00,,,,,,
91.0,22.968258,120.257689,,1001.7,4.0,4.0,12.5,7.0,27.5,28.0,28.0,8.0,8.0,8.0,C0X160,仁德,,25.6,,2025-09-24T02:10:00+08:00,2025-09-24T02:00:00+08:00,,,,53.0,0.5
100.0,23.735269,121.420131,,943.5,19.0,3.0,178.5,15.5,336.0,340.0,439.5,45.5,93.0,22.0,C0T9G0,鳳林山,,22.5,,2025-09-24T02:10:00+08:00,2025-09-24T02:00:00+08:00,,,,232.0,0.4
95.0,23.678725,120.478347,,997.2,2.0,0.0,17.0,1.5,21.0,21.0,21.0,2.5,4.5,2.0,C0K460,斗南,,24.7,,2025-09-24T02:10:00+08:00,2025-09-24T02:00:00+08:00,,,,46.0,2.2
90.0,23.061614,120.298197,,1003.4,5.0,1.0,13.0,4.0,31.5,32.0,32.0,6.0,6.0,6.0,C0O980,新市,,25.3,,2025-09-24T02:10:00+08:00,2025-09-24T02:00:00+08:00,,,,0.0,0.0
98.0,24.085272,121.173572,,785.6,13.0,0.5,69.0,1.0,115.5,127.0,152.5,13.5,43.5,13.5,C0I480,梅峰,,14.6,,2025-09-24T02:10:00+08:00,2025-09-24T02:00:00+08:00,,,,137.0,0.7
96.0,22.680555,120.328611,3.6,-99.0,,0.0,24.5,3.0,56.0,59.0,59.5,6.0,6.0,6.0,CAP040,國一N361K,-99.0,24.5,2025-09-24T02:00:00+08:00,2025-09-24T02:10:00+08:00,,-99,7-10,陰有靄,70.0,2.0
,24.40135,120.837533,,,,0.5,19.0,3.5,20.0,20.0,20.5,6.5,14.5,4.0,C1E691,南湖,,,,2025-09-24T02:10:00+08:00,,,,,,
,24.011505,120.822421,,,,0.0,12.0,0.0,15.5,15.5,15.5,1.5,6.0,1.5,81H950,福龜國小,,,,2025-09-24T02:10:00+08:00,,,,,,
92.0,22.993161,120.152181,,1003.2,3.5,1.0,7.0,4.0,20.5,20.5,20.5,4.5,4.5,4.5,C0X190,安平,,24.8,,2025-09-24T02:10:00+08:00,2025-09-24T02:00:00+08:00,,,,65.0,1.1
,23.72541,120.876679,,,,0.5,10.0,0.5,14.5,14.5,17.0,2.5,6.0,1.5,81I540,上安,,,,2025-09-24T02:10:00+08:00,,,,,,
100.0,22.463447,120.533892,,1004.0,35.0,5.5,65.0,19.5,122.5,141.0,163.0,41.0,41.0,40.5,C0R850,林邊,,24.3,,2025-09-24T02:10:00+08:00,2025-09-24T02:00:00+08:00,,,,100.0,0.8
,24.204558,121.453956,,,,1.0,333.0,8.5,603.5,627.5,779.5,47.5,179.5,37.0,C1T800,洛韶,,,,2025-09-24T02:10:00+08:00,,,,,,
,25.002193,121.575304,,,,0.0,14.0,0.0,85.5,93.5,114.0,0.0,0.5,0.0,A1AA90,博嘉國小,,,,2025-09-24T02:10:00+08:00,,,,,,
94.0,23.296581,120.385592,,1001.2,1.0,0.0,12.5,0.5,19.5,19.5,19.5,1.0,1.5,1.0,C0X050,東河,,24.1,,2025-09-24T02:10:00+08:00,2025-09-24T02:00:00+08:00,,,,0.0,0.0
96.0,22.893178,120.401947,,997.0,7.0,2.0,13.0,6.5,42.5,44.5,44.5,9.5,9.5,9.0,C0V370,古亭坑,,24.0,,2025-09-24T02:10:00+08:00,2025-09-24T02:00:00+08:00,,,,0.0,0.0
95.0,23.336427,120.138033,,1002.7,2.5,0.5,11.0,2.5,18.0,18.0,18.0,3.0,3.0,3.0,C0M880,好美里,,25.1,,2025-09-24T02:10:00+08:00,2025-09-24T02:00:00+08:00,,,,79.0,4.1
98.0,23.633639,120.551889,1.8,994.2,,0.0,17.0,1.5,20.5,20.5,21.0,2.5,5.0,2.0,467290,古坑,0.0,24.1,2025-09-24T02:00:00+08:00,2025-09-24T02:10:00+08:00,,0,>30,陰有雨,0.0,0.1
90.0,22.742908,120.743678,,889.6,23.5,1.0,148.0,16.5,333.0,361.5,409.0,32.0,50.5,24.5,C0R130,阿禮,,19.9,,2025-09-24T02:10:00+08:00,2025-09-24T02:00:00+08:00,,,,74.0,0.9
,24.42364,120.869835,,,,0.0,15.0,1.0,16.0,16.0,18.0,3.0,10.0,2.0,01E270,大湖(1),,,,2025-09-24T02:10:00+08:00,,,,,,
73.0,24.96,121.4306,9.6,-99.0,,0.0,2.5,0.0,28.0,32.0,48.5,0.0,1.5,0.0,CAA060,國三S042K,-99.0,29.8,2025-09-24T02:00:00+08:00,2025-09-24T02:10:00+08:00,,-99,7-10,陰,90.0,3.0
98.0,22.898792,120.51907,1.9,-99.0,,0.5,28.0,7.0,76.5,78.0,78.0,13.0,14.0,9.5,C2V310,美濃,-99.0,23.8,2025-09-24T02:00:00+08:00,2025-09-24T02:10:00+08:00,,-99,-99,陰有雨,340.0,0.7
-99.0,24.186117,121.316086,,-99.0,-99.0,,,,,,,,,,C0T790,大禹嶺,,-99.0,,,2025-09-24T02:00:00+08:00,,,,-99.0,-99.0
97.0,24.312558,120.824361,,963.7,3.0,0.0,16.5,2.0,19.0,19.0,19.0,4.5,11.0,3.0,C0E791,卓蘭,,23.4,,2025-09-24T02:10:00+08:00,2025-09-24T02:00:00+08:00,,,,132.0,0.7
99.0,22.646611,120.356083,6.5,-99.0,,0.0,28.5,3.0,64.5,66.5,68.0,8.0,8.0,8.0,G2P820,鳳山農試,-99.0,23.9,2025-09-24T02:00:00+08:00,2025-09-24T02:10:00+08:00,,-99,-99,陰有雨,90.0,2.3
,22.654873,120.466375,,,,0.0,19.0,5.0,46.0,51.0,52.0,8.0,9.0,8.0,00Q070,屏東(5),,,,2025-09-24T02:10:00+08:00,,,,,,
96.0,23.57543,120.14121,6.6,-99.0,,0.0,14.0,1.0,19.5,19.5,19.5,1.0,2.0,1.0,CAJ050,海口故事園區,-99.0,25.5,2025-09-24T02:00:00+08:00,2025-09-24T02:10:00+08:00,,-99,-99,陰有雨,60.0,4.2
99.0,24.051142,120.909361,2.1,-99.0,,0.0,18.5,0.0,22.5,22.5,22.5,2.5,10.5,2.5,C2H9G0,百勝,-99.0,22.0,2025-09-24T02:00:00+08:00,2025-09-24T02:10:00+08:00,,-99,-99,陰,0.0,0.2
,24.071242,120.820419,,,,0.0,14.5,0.0,21.0,21.0,21.0,1.5,7.5,1.0,C1F9J1,清水林,,,,2025-09-24T02:10:00+08:00,,,,,,
,22.809417,121.050528,,,,2.0,135.5,17.0,327.0,374.5,435.0,48.0,61.0,33.0,C1S860,利嘉,,,,2025-09-24T02:10:00+08:00,,,,,,
97.0,24.908472,121.185333,4.6,-99.0,,0.0,1.5,0.0,2.5,2.5,2.5,0.0,1.0,0.0,82C160,茶改場,-99.0,25.0,2025-09-24T02:00:00+08:00,2025-09-24T02:10:00+08:00,,-99,-99,陰,230.0,1.3
99.0,24.343922,121.656317,,941.9,13.5,0.0,109.0,5.0,275.5,312.5,471.5,19.0,44.5,13.5,C0Z220,和平林道,,22.6,,2025-09-24T02:10:00+08:00,2025-09-24T02:00:00+08:00,,,,114.0,2.0
99.0,23.331169,120.508025,,962.0,0.5,0.5,11.0,1.0,18.0,18.0,18.5,1.5,2.0,1.0,C0X240,關子嶺,,22.7,,2025-09-24T02:10:00+08:00,2025-09-24T02:00:00+08:00,,,,197.0,0.6
89.0,23.955116,120.662376,1.8,-99.0,,0.0,16.0,0.5,21.0,21.0,21.0,4.5,9.0,3.0,CAH010,國三N223K,-99.0,24.3,2025-09-24T02:00:00+08:00,2025-09-24T02:10:00+08:00,,-99,>30,陰,240.0,0.6
100.0,24.143186,121.284231,25.0,-99.0,,0.0,60.5,0.5,71.5,73.0,88.5,5.0,17.0,4.5,A0Z080,合歡山,-99.0,9.9,2025-09-24T02:00:00+08:00,2025-09-24T02:10:00+08:00,,-99,-99,陰,190.0,13.6
100.0,22.121825,120.836781,,963.0,32.0,0.5,52.0,16.0,60.0,64.5,181.0,50.5,50.5,32.5,C0R830,高士,,23.1,,2025-09-24T02:10:00+08:00,2025-09-24T02:00:00+08:00,,,,35.0,3.3
90.0,22.202308,120.705236,,997.9,55.0,0.5,105.5,18.5,147.5,174.0,255.0,63.0,77.5,55.5,C0R741,獅子,,26.0,,2025-09-24T02:10:00+08:00,2025-09-24T02:00:00+08:00,,,,152.0,3.8
81.0,24.307169,121.770069,,1005.5,-99.0,0.0,7.5,0.0,107.5,116.0,191.5,0.0,0.0,0.0,C0Z230,和平,,27.1,,2025-09-24T02:10:00+08:00,2025-09-24T02:00:00+08:00,,,,202.0,7.5
100.0,22.845555,120.295,5.4,-99.0,,0.5,10.0,7.5,34.5,35.5,35.5,7.5,7.5,7.0,CAP010,國一S342K,-99.0,23.8,2025-09-24T02:00:00+08:00,2025-09-24T02:10:00+08:00,,-99,-99,陰有雨,10.0,3.7
,23.222178,120.400432,,,,0.0,21.0,1.0,32.0,32.0,32.0,2.0,2.0,2.0,01O750,王爺宮,,,,2025-09-24T02:10:00+08:00,,,,,,
83.0,25.055192,121.925264,,1003.3,0.0,0.0,25.5,0.0,33.5,38.0,52.0,0.0,0.0,0.0,C0AJ90,澳底,,28.7,,2025-09-24T02:10:00+08:00,2025-09-24T02:00:00+08:00,,,,151.0,9.8
,23.962025,120.845272,,,,0.0,13.0,0.0,17.0,17.0,17.0,2.0,6.5,2.0,C1I230,九份二山,,,,2025-09-24T02:10:00+08:00,,,,,,
,25.113593,121.569411,,,,0.0,6.0,0.0,53.5,53.5,98.0,0.0,0.5,0.0,A1AB80,雙溪,,,,2025-09-24T02:10:00+08:00,,,,,,
95.0,24.214641,120.490744,,1002.6,5.5,0.5,24.0,1.0,27.5,27.5,27.5,7.5,16.5,6.0,C0FA40,臺中電廠,,25.1,,2025-09-24T02:10:00+08:00,2025-09-24T02:00:00+08:00,,,,96.0,0.9
95.0,24.215281,120.62445,,985.3,4.0,0.0,18.0,1.0,25.0,25.0,25.0,4.5,12.0,4.0,C0F9X0,大雅,,23.9,,2025-09-24T02:10:00+08:00,2025-09-24T02:00:00+08:00,,,,37.0,0.9
69.0,25.08,121.6475,11.0,-99.0,,0.0,20.5,0.0,83.5,85.0,118.0,0.5,1.0,0.5,CAA030,國三S010K,-99.0,28.8,2025-09-24T02:00:00+08:00,2025-09-24T02:10:00+08:00,,-99,-99,陰,160.0,4.8
,23.755254,120.612491,,,,0.0,21.0,2.0,23.0,23.0,23.0,4.0,8.0,2.0,01J930,林內(1),,,,2025-09-24T02:10:00+08:00,,,,,,
,24.705412,121.183143,,,,0.0,1.5,0.0,3.0,3.0,3.0,0.5,1.0,0.5,81D650,內灣國小,,,,2025-09-24T02:10:00+08:00,,,,,,
75.0,25.13605,121.53987,18.1,-99.0,,0.0,4.2,0.0,36.8,36.8,72.0,0.0,0.0,0.0,A0A460,文化大學,-99.0,25.9,2025-09-24T02:00:00+08:00,2025-09-24T02:10:00+08:00,,-99,-99,陰,110.0,6.9
,23.107777,120.738611,,,,0.5,28.5,1.5,49.5,50.5,53.5,3.0,3.5,2.0,81V930,竹林,,,,2025-09-24T02:10:00+08:00,,,,,,
91.0,23.380864,120.167778,,1003.8,3.5,0.5,12.0,2.5,18.5,18.5,18.5,4.0,4.0,4.0,C0M750,布袋,,25.2,,2025-09-24T02:10:00+08:00,2025-09-24T02:00:00+08:00,,,,146.0,1.6
,23.001003,121.130944,,,,0.0,273.5,12.5,444.0,450.0,541.5,34.5,84.5,33.0,81S900,加拿國小,,,,2025-09-24T02:10:00+08:00,,,,,,
74.0,24.982361,121.471042,10.9,-99.0,,0.0,1.0,0.0,30.5,32.0,43.0,0.0,0.0,0.0,CAA050,國三S037K,-99.0,29.6,2025-09-24T02:00:00+08:00,2025-09-24T02:10:00+08:00,,-99,-99,陰,50.0,2.5
,24.279567,121.02549,,,,0.0,30.0,0.0,37.0,37.0,39.0,4.0,19.0,3.0,01F350,雪嶺,,,,2025-09-24T02:10:00+08:00,,,,,,
97.0,24.495722,120.829111,4.1,-99.0,,0.5,17.5,2.5,18.5,18.5,19.5,5.5,12.5,3.0,K2E360,苗栗農改,-99.0,23.8,2025-09-24T02:00:00+08:00,2025-09-24T02:10:00+08:00,,-99,-99,陰,60.0,1.7
97.0,23.368928,121.382931,,906.6,12.5,1.0,242.5,7.5,388.5,408.0,503.0,29.0,62.5,13.5,C0Z290,赤柯山,,21.3,,2025-09-24T02:10:00+08:00,2025-09-24T02:00:00+08:00,,,,132.0,5.0
78.0,25.064433,121.381972,10.0,-99.0,,0.0,0.0,0.0,11.5,12.0,31.0,0.0,0.0,0.0,CAA990,國一N039K,-99.0,28.1,2025-09-24T02:00:00+08:00,2025-09-24T02:10:00+08:00,,-99,>30,陰,90.0,4.2
97.0,24.751724,120.905028,4.3,-99.0,,0.0,6.0,0.5,6.5,6.5,6.5,2.0,4.0,1.5,CAD110,西濱S082K,-99.0,25.4,2025-09-24T02:00:00+08:00,2025-09-24T02:10:00+08:00,,-99,3-6,陰有靄,190.0,1.2
,25.039991,121.619405,,,,0.0,12.0,0.0,114.5,115.0,148.0,1.0,1.0,1.0,A1AA70,舊莊國小,,,,2025-09-24T02:10:00+08:00,,,,,,
99.0,24.75861,120.9608,2.5,-99.0,,0.0,5.0,1.0,5.5,5.5,6.0,2.5,3.5,2.0,CAD090,國三S103K,-99.0,24.1,2025-09-24T02:00:00+08:00,2025-09-24T02:10:00+08:00,,-99,7-10,陰有雨,190.0,0.6
96.0,24.967652,121.185165,5.2,-99.0,,0.0,1.0,0.0,1.5,1.5,2.0,0.0,0.5,0.0,C2C410,中央大學,-99.0,26.0,2025-09-24T02:00:00+08:00,2025-09-24T02:10:00+08:00,,-99,-99,陰,220.0,2.4
100.0,24.962606,121.888875,,946.5,0.5,0.0,23.5,0.0,54.0,58.0,71.5,0.5,0.5,0.5,C0UA70,桃源谷,,23.3,,2025-09-24T02:10:00+08:00,2025-09-24T02:00:00+08:00,,,,150.0,9.6
98.0,24.225972,120.800917,2.2,-99.0,,0.0,17.0,1.5,21.0,21.0,21.0,4.5,11.5,3.5,K2F750,種苗繁殖,-99.0,22.0,2025-09-24T02:00:00+08:00,2025-09-24T02:10:00+08:00,,-99,-99,陰,170.0,0.6
100.0,24.352825,121.308286,4.5,-99.0,,0.0,85.0,4.0,150.5,158.5,188.0,14.0,51.5,10.0,A0F010,武陵,-99.0,16.1,2025-09-24T02:00:00+08:00,2025-09-24T02:10:00+08:00,,-99,-99,陰有雨,60.0,1.3
,23.870853,121.508081,,,,1.0,158.0,8.0,290.0,294.0,360.5,39.0,72.5,38.0,C1Z120,壽豐,,,,2025-09-24T02:10:00+08:00,,,,,,
97.0,24.345061,120.588025,,1000.3,4.0,0.0,19.5,2.0,24.5,24.5,24.5,5.5,14.5,4.0,C0F9K0,大安,,24.9,,2025-09-24T02:10:00+08:00,2025-09-24T02:00:00+08:00,,,,173.0,0.3
100.0,24.89583,121.1342,4.0,-99.0,,0.0,1.0,0.0,2.0,2.5,2.5,0.5,0.5,0.0,CAC010,國一S072K,-99.0,24.3,2025-09-24T02:00:00+08:00,2025-09-24T02:10:00+08:00,,-99,3-6,陰有靄,170.0,1.5
-99.0,22.9677,120.685703,-99.0,-99.0,,,,,,,,,,-99.0,E2P990,扇平林試,-99.0,-99.0,2025-09-24T02:00:00+08:00,,,-99,-99,陰,-99.0,-99.0
98.0,24.29515,121.03651,,714.6,5.0,0.0,32.0,2.0,39.5,39.5,42.5,5.5,18.0,5.0,C0FA90,小雪山林道,,9.7,,2025-09-24T02:10:00+08:00,2025-09-24T02:00:00+08:00,,,,135.0,2.3
99.0,23.8004,120.467383,,999.9,-99.0,,,,,,,,,,C0K420,西螺,,24.6,,,2025-09-24T02:00:00+08:00,,,,0.0,0.0
92.0,23.222064,120.40085,,988.4,1.5,0.0,21.5,1.0,32.5,32.5,32.5,2.0,2.0,1.5,C0O840,王爺宮,,23.7,,2025-09-24T02:10:00+08:00,2025-09-24T02:00:00+08:00,,,,76.0,0.7
99.0,24.708978,120.888897,,1000.1,1.5,0.0,7.5,0.5,8.0,8.0,8.0,2.5,5.0,1.5,C0E420,竹南,,25.8,,2025-09-24T02:10:00+08:00,2025-09-24T02:00:00+08:00,,,,0.0,0.0
,23.496606,120.663506,,,,0.0,14.5,1.0,18.5,18.5,18.5,1.5,2.5,1.5,C1M610,石磐龍,,,,2025-09-24T02:10:00+08:00,,,,,,
96.0,24.791042,121.675047,,955.0,0.0,0.0,10.5,0.0,89.5,104.0,200.5,0.0,3.0,0.0,C0U870,大礁溪,,24.5,,2025-09-24T02:10:00+08:00,2025-09-24T02:00:00+08:00,,,,34.0,4.1
65.0,25.096356,121.516506,,1000.1,0.0,0.0,3.0,0.0,46.5,46.5,70.0,0.0,0.0,0.0,C0A770,科教館,,29.8,,2025-09-24T02:10:00+08:00,2025-09-24T02:00:00+08:00,,,,106.0,3.3
,23.805589,120.837618,,,,0.0,8.0,0.0,10.5,10.5,11.0,2.0,5.0,1.0,81H930,玉峰國小,,,,2025-09-24T02:10:00+08:00,,,,,,
86.0,25.036003,121.864242,,1001.6,0.0,0.0,33.5,0.0,102.0,104.5,121.0,0.0,0.0,0.0,C0A890,雙溪,,29.2,,2025-09-24T02:10:00+08:00,2025-09-24T02:00:00+08:00,,,,162.0,1.2
80.0,25.123697,121.862239,,1004.3,0.0,0.0,34.5,0.0,42.5,45.5,52.0,0.0,1.0,0.0,C0AJ50,水湳洞,,28.8,,2025-09-24T02:10:00+08:00,2025-09-24T02:00:00+08:00,,,,130.0,5.1
,24.333611,120.920278,,,,0.0,18.5,2.5,19.5,19.5,19.5,4.5,13.5,3.0,81F910,博屋瑪國小,,,,2025-09-24T02:10:00+08:00,,,,,,
99.0,23.590856,120.888864,1.8,-99.0,,0.0,26.0,1.5,37.0,37.5,44.5,5.5,10.0,2.5,U2HA30,臺大和社,-99.0,20.7,2025-09-24T02:00:00+08:00,2025-09-24T02:10:00+08:00,,-99,-99,陰有雨,140.0,0.3
,23.591131,120.888861,,,,0.5,25.0,1.5,36.0,36.5,43.5,5.5,9.5,2.5,C1I070,和社,,,,2025-09-24T02:10:00+08:00,,,,,,
95.0,23.380564,119.494075,,997.6,3.5,0.5,6.0,4.0,15.5,15.5,15.5,4.0,4.0,4.0,C0W190,望安,,25.4,,2025-09-24T02:10:00+08:00,2025-09-24T02:00:00+08:00,,,,95.0,4.6
,25.054444,121.696389,,,,0.5,50.5,1.0,150.5,155.0,189.0,1.0,2.5,1.0,81AJ20,東山,,,,2025-09-24T02:10:00+08:00,,,,,,
93.0,22.594789,120.960825,,990.5,22.5,0.0,73.0,6.5,179.5,215.5,319.5,28.0,36.5,22.5,C0S920,金峰嘉蘭,,24.7,,2025-09-24T02:10:00+08:00,2025-09-24T02:00:00+08:00,,,,65.0,2.4
,25.163293,121.568014,,,,0.0,13.5,0.0,55.0,55.0,106.0,0.0,0.0,0.0,A1AD10,擎天崗,,,,2025-09-24T02:10:00+08:00,,,,,,
100.0,22.076075,120.836794,,978.3,37.5,0.5,58.0,14.5,67.0,71.5,216.0,52.0,54.0,38.0,C0R280,檳榔,,23.5,,2025-09-24T02:10:00+08:00,2025-09-24T02:00:00+08:00,,,,319.0,0.5
100.0,23.877586,120.514222,0.6,-99.0,,0.5,28.5,2.0,29.5,29.5,29.5,5.5,12.0,3.0,C2G840,北斗,-99.0,24.8,2025-09-24T02:00:00+08:00,2025-09-24T02:10:00+08:00,,-99,-99,陰有雨,0.0,0.0
78.0,25.14583,121.7217,7.8,-99.0,,0.0,29.5,0.0,114.5,114.5,133.5,0.5,1.0,0.0,CAB050,國三N002K,-99.0,28.7,2025-09-24T02:00:00+08:00,2025-09-24T02:10:00+08:00,,-99,-99,陰,190.0,2.2
76.0,25.207031,121.690022,,997.7,0.0,0.0,5.5,0.0,26.5,26.5,29.0,0.0,0.0,0.0,C0AJ20,野柳,,28.9,,2025-09-24T02:10:00+08:00,2025-09-24T02:00:00+08:00,,,,132.0,14.4
,24.066314,120.953395,,,,0.0,17.0,0.0,19.0,19.0,19.0,3.0,9.0,3.0,01H720,清流(1),,,,2025-09-24T02:10:00+08:00,,,,,,
,22.667011,120.590911,,,,0.0,31.0,7.0,100.5,128.5,142.5,21.0,23.5,20.0,C1R630,龍泉,,,,2025-09-24T02:10:00+08:00,,,,,,
99.0,24.76056,120.9911,3.4,-99.0,,0.0,3.5,0.5,4.0,4.0,4.5,2.0,2.5,1.5,CAD060,國一S098K,-99.0,24.3,2025-09-24T02:00:00+08:00,2025-09-24T02:10:00+08:00,,-99,-99,陰,90.0,0.8
,22.879521,120.481673,,,,0.0,20.0,9.0,63.0,66.0,66.0,13.0,14.0,11.0,O1P470,旗山(4),,,,2025-09-24T02:10:00+08:00,,,,,,
99.0,23.875611,120.913583,1.1,-99.0,,0.0,12.5,0.5,20.0,20.5,20.5,2.0,7.5,2.0,82H320,魚池茶改,-99.0,20.0,2025-09-24T02:00:00+08:00,2025-09-24T02:10:00+08:00,,-99,-99,陰有雨,280.0,0.3
,24.347703,120.827019,,,,0.0,16.5,2.0,19.0,19.0,19.0,4.5,11.0,3.0,C1E511,新開,,,,2025-09-24T02:10:00+08:00,,,,,,
,23.619266,120.927817,,,,0.0,28.0,1.0,61.0,64.0,87.0,7.0,10.0,3.0,01H390,望鄉,,,,2025-09-24T02:10:00+08:00,,,,,,
99.0,23.532742,120.843667,,841.7,1.0,0.0,23.5,0.5,35.0,36.5,41.5,2.5,6.5,1.0,C0H9A0,神木村,,17.1,,2025-09-24T02:10:00+08:00,2025-09-24T02:00:00+08:00,,,,0.0,0.0
95.0,22.961189,120.188378,,1003.8,3.5,1.5,6.0,4.5,20.0,20.0,20.0,5.0,5.0,5.0,C0X110,臺南市南區,,25.4,,2025-09-24T02:10:00+08:00,2025-09-24T02:00:00+08:00,,,,112.0,0.8
99.0,23.512333,120.403038,3.5,-99.0,,0.5,13.0,1.0,19.5,19.5,19.5,3.0,3.5,1.5,CAL020,國一S262K,-99.0,24.6,2025-09-24T02:00:00+08:00,2025-09-24T02:10:00+08:00,,-99,7-10,陰,60.0,1.7
99.0,23.0605,120.342194,2.9,-99.0,,0.5,11.5,4.0,26.5,27.0,27.0,6.5,6.5,5.5,72N100,臺南農改,-99.0,24.0,2025-09-24T02:00:00+08:00,2025-09-24T02:10:00+08:00,,-99,-99,陰有雨,40.0,0.5
,25.072195,121.528909,,,,0.0,3.5,0.0,53.0,53.5,73.5,0.0,0.0,0.0,A1AB50,建國,,,,2025-09-24T02:10:00+08:00,,,,,,
96.0,24.870056,121.221389,,977.9,0.0,0.0,2.0,0.0,3.0,3.5,4.0,0.0,2.0,0.0,C0C670,龍潭,,24.7,,2025-09-24T02:10:00+08:00,2025-09-24T02:00:00+08:00,,,,220.0,1.4
96.0,22.608483,120.570714,,999.3,13.0,0.5,22.0,6.0,76.5,93.0,107.0,18.5,19.0,13.5,C0R960,內埔,,24.1,,2025-09-24T02:10:00+08:00,2025-09-24T02:00:00+08:00,,,,6.0,2.5
74.0,25.263783,121.565258,13.5,-99.0,,0.0,10.5,0.0,70.0,70.0,75.0,0.0,0.0,0.0,C2A920,富貴角,-99.0,27.3,2025-09-24T02:00:00+08:00,2025-09-24T02:10:00+08:00,,-99,-99,陰,110.0,3.9
92.0,23.812553,120.849792,,970.7,1.0,0.5,8.5,0.5,12.0,12.0,13.0,2.5,5.0,1.5,C0I360,水里,,23.4,,2025-09-24T02:10:00+08:00,2025-09-24T02:00:00+08:00,,,,116.0,3.1
75.0,25.095742,121.7403,,997.3,0.0,0.0,46.0,0.0,137.0,139.0,164.0,0.0,1.5,0.0,C0B060,暖暖,,30.1,,2025-09-24T02:10:00+08:00,2025-09-24T02:00:00+08:00,,,,115.0,4.4
,23.291597,120.463822,,,,0.0,10.5,0.0,18.5,18.5,18.5,1.5,1.5,1.0,C1X040,東原,,,,2025-09-24T02:10:00+08:00,,,,,,
97.0,22.804194,120.355528,,997.0,8.5,0.0,10.0,6.5,38.0,39.5,40.0,8.5,8.5,8.5,C0V400,阿公店,,25.1,,2025-09-24T02:10:00+08:00,2025-09-24T02:00:00+08:00,,,,50.0,2.4
,23.337816,120.683124,,,,0.5,20.0,1.5,27.0,27.0,27.0,2.0,2.5,2.0,81M670,新美國小,,,,2025-09-24T02:10:00+08:00,,,,,,
97.0,23.495925,120.432906,3.0,1001.6,,0.5,11.0,1.0,17.5,17.5,17.5,2.5,3.0,1.5,467480,嘉義,0.0,24.7,2025-09-24T02:00:00+08:00,2025-09-24T02:10:00+08:00,,0,21-30,陰,100.0,1.3
98.0,23.987857,120.369607,2.4,-99.0,,0.5,28.0,1.5,29.0,29.0,29.0,6.0,11.5,4.0,CAG080,西濱S189K,-99.0,25.0,2025-09-24T02:00:00+08:00,2025-09-24T02:10:00+08:00,,-99,11-15,陰有雨,70.0,1.9
,23.585344,120.180517,,,,1.0,15.0,1.0,22.0,22.0,22.0,1.5,2.0,1.5,C1K540,口湖,,,,2025-09-24T02:10:00+08:00,,,,,,
87.0,24.669039,121.832561,16.2,-99.0,,0.0,3.0,0.0,66.0,68.5,115.0,0.0,0.0,0.0,B2U990,宜蘭畜試,-99.0,28.8,2025-09-24T02:00:00+08:00,2025-09-24T02:10:00+08:00,,-99,-99,陰,150.0,7.5
-99.0,22.730306,120.346639,,-99.0,3.0,0.0,17.0,1.0,41.5,47.0,47.5,3.0,3.0,3.0,C0V770,大社,,-99.0,,2025-09-24T02:10:00+08:00,2025-09-24T02:00:00+08:00,,,,-99.0,-99.0
95.0,23.737734,120.256132,5.0,-99.0,,0.0,22.0,1.0,27.0,27.0,27.0,4.5,5.0,3.0,CAJ030,西濱N222K,-99.0,24.8,2025-09-24T02:00:00+08:00,2025-09-24T02:10:00+08:00,,-99,16-20,陰有雨,40.0,2.6
100.0,23.89525,121.549833,,1004.8,24.5,0.5,185.5,9.5,294.5,301.0,393.5,25.0,86.0,25.0,C0Z100,東華,,24.3,,2025-09-24T02:10:00+08:00,2025-09-24T02:00:00+08:00,,,,0.0,0.0
,22.203384,120.751358,,,,0.0,64.0,11.5,119.0,139.0,235.5,41.5,42.5,32.0,81R650,丹路國小,,,,2025-09-24T02:10:00+08:00,,,,,,
99.0,24.535811,120.795983,2.7,-99.0,,0.5,18.0,3.0,19.0,19.0,19.0,6.0,13.5,3.5,C2E970,八甲,-99.0,24.0,2025-09-24T02:00:00+08:00,2025-09-24T02:10:00+08:00,,-99,-99,陰有雨,20.0,0.6
,25.028388,121.663304,,,,0.0,35.5,0.0,160.5,164.0,216.5,1.5,5.5,0.5,A1AD70,茶製場,,,,2025-09-24T02:10:00+08:00,,,,,,
,24.5378,121.8485,,,,0.0,9.5,0.0,67.5,69.0,151.0,0.5,1.5,0.0,C1U840,東澳嶺,,,,2025-09-24T02:10:00+08:00,,,,,,
,24.655722,120.955306,,,,0.0,5.0,1.0,5.0,5.0,5.0,2.0,3.0,1.0,01E400,三灣,,,,2025-09-24T02:10:00+08:00,,,,,,
,23.979817,121.132261,,,,0.5,59.0,2.5,100.0,101.0,116.0,19.0,41.5,17.5,C1I020,萬大,,,,2025-09-24T02:10:00+08:00,,,,,,
98.0,24.606489,120.783933,1.5,-99.0,,0.0,15.0,2.0,17.0,17.0,17.0,5.0,11.5,2.5,C2E540,龍溪,-99.0,24.4,2025-09-24T02:00:00+08:00,2025-09-24T02:10:00+08:00,,-99,-99,陰有雨,230.0,0.4
99.0,24.527819,121.519031,,857.6,3.0,1.0,68.0,3.5,185.0,213.0,353.0,7.5,18.0,4.0,C0UA30,白嶺,,18.9,,2025-09-24T02:10:00+08:00,2025-09-24T02:00:00+08:00,,,,213.0,2.1
100.0,22.1043,120.897883,,1002.0,18.0,0.0,30.5,15.0,35.5,37.5,108.0,30.5,30.5,18.0,C0R860,鼻頭,,25.8,,2025-09-24T02:10:00+08:00,2025-09-24T02:00:00+08:00,,,,135.0,7.1
,23.496927,121.445929,,,,0.0,106.0,2.0,173.0,183.0,311.0,7.0,63.0,3.0,O1T800,奇美國小,,,,2025-09-24T02:10:00+08:00,,,,,,
,23.492153,120.753683,,,,0.0,21.0,0.0,26.5,27.0,28.0,2.0,6.0,0.5,C1M640,十字,,,,2025-09-24T02:10:00+08:00,,,,,,
100.0,22.894167,120.271178,2.4,-99.0,,1.0,9.0,6.5,28.5,28.5,28.5,7.0,7.0,6.0,CAV270,國一S336K,-99.0,23.8,2025-09-24T02:00:00+08:00,2025-09-24T02:10:00+08:00,,-99,3-6,陰有雨,50.0,1.1
,25.126667,121.390556,,,,0.0,0.0,0.0,12.5,12.5,32.5,0.0,0.0,0.0,81AH60,長坑國小,,,,2025-09-24T02:10:00+08:00,,,,,,
,22.76625,120.64444,,,,0.0,78.0,10.0,213.0,230.0,244.0,25.0,31.0,20.0,01Q610,古夏,,,,2025-09-24T02:10:00+08:00,,,,,,
91.0,25.965197,119.980686,,1004.8,1.5,0.0,5.0,1.5,6.0,6.0,9.0,2.0,4.0,1.5,C0W110,東莒,,27.0,,2025-09-24T02:10:00+08:00,2025-09-24T02:00:00+08:00,,,,66.0,1.4
73.0,25.079422,121.57545,,1002.7,0.0,0.0,3.5,0.0,75.0,75.0,105.0,0.0,0.0,0.0,C0A9F0,內湖,,31.2,,2025-09-24T02:10:00+08:00,2025-09-24T02:00:00+08:00,,,,124.0,2.6
,23.550319,120.505833,,,,0.5,13.0,1.5,19.5,19.5,19.5,2.0,3.5,2.0,C1M870,國三N285K,,,,2025-09-24T02:10:00+08:00,,,,,,
-99.0,25.136097,121.426372,,-99.0,-99.0,,,,,,,,,,C0AK30,硬漢嶺,,-99.0,,,2025-09-24T02:00:00+08:00,,,,-99.0,-99.0
97.0,23.189481,120.335297,1.6,-99.0,,0.0,16.5,1.0,26.5,26.5,26.5,1.5,2.0,1.5,C2N160,西拉雅風管處,-99.0,24.6,2025-09-24T02:00:00+08:00,2025-09-24T02:10:00+08:00,,-99,-99,陰,100.0,0.6
,23.148617,120.418633,,,,0.0,16.0,0.5,28.0,28.0,28.0,1.0,1.5,1.0,C1O850,環湖,,,,2025-09-24T02:10:00+08:00,,,,,,
92.0,24.308519,120.614471,4.5,-99.0,,0.0,19.0,1.5,23.5,23.5,24.0,5.0,13.5,3.5,CAF060,國三S168K,-99.0,24.2,2025-09-24T02:00:00+08:00,2025-09-24T02:10:00+08:00,,-99,21-30,陰,160.0,2.2
88.0,24.977661,121.256375,,988.8,0.0,0.0,0.0,0.0,1.0,1.0,3.0,0.0,0.0,0.0,C0C700,中壢,,26.8,,2025-09-24T02:10:00+08:00,2025-09-24T02:00:00+08:00,,,,244.0,0.6
90.0,24.64733,121.4293,,878.9,0.5,0.5,19.5,0.5,71.5,86.0,233.5,2.0,5.5,1.0,C0C800,四稜,,19.8,,2025-09-24T02:10:00+08:00,2025-09-24T02:00:00+08:00,,,,105.0,1.0
94.0,22.959547,120.369317,,990.5,6.5,2.0,12.5,6.5,40.5,41.0,41.0,9.0,9.0,8.5,C0O960,崎頂,,25.5,,2025-09-24T02:10:00+08:00,2025-09-24T02:00:00+08:00,,,,0.0,0.1
,23.006248,121.173241,,,,0.0,214.0,2.0,352.0,374.0,474.0,12.0,67.0,9.0,01S860,電光,,,,2025-09-24T02:10:00+08:00,,,,,,
,25.099395,121.528911,,,,0.0,3.0,0.0,52.5,52.5,77.5,0.0,0.0,0.0,A1AB60,福德,,,,2025-09-24T02:10:00+08:00,,,,,,
,23.202324,121.25167,,,,0.0,234.0,17.0,495.0,527.0,652.0,46.0,103.0,29.0,01T720,明里,,,,2025-09-24T02:10:00+08:00,,,,,,
94.0,22.701083,120.347722,,1000.1,4.5,0.0,25.5,1.0,47.0,51.0,51.5,4.5,4.5,4.5,C0V680,仁武,,26.0,,2025-09-24T02:10:00+08:00,2025-09-24T02:00:00+08:00,,,,95.0,0.4
,23.684836,121.482088,,,,0.0,158.0,7.0,263.0,268.0,364.0,32.0,83.0,11.0,01T9L0,東富,,,,2025-09-24T02:10:00+08:00,,,,,,
,23.628333,120.870556,,,,0.0,16.5,0.0,24.5,24.5,27.5,2.5,5.0,0.0,81H990,羅娜國小,,,,2025-09-24T02:10:00+08:00,,,,,,
98.0,22.709333,120.525889,2.8,-99.0,,0.0,23.0,9.5,76.0,88.0,91.5,18.0,18.0,15.0,72Q010,高雄農改,-99.0,24.1,2025-09-24T02:00:00+08:00,2025-09-24T02:10:00+08:00,,-99,-99,陰有雨,50.0,0.4
93.0,22.99328,120.20492,3.7,1002.1,,3.5,8.0,5.5,18.5,18.5,19.0,5.5,6.0,2.0,467410,臺南,0.0,24.8,2025-09-24T02:00:00+08:00,2025-09-24T02:10:00+08:00,,0,3-6,陰有雨,110.0,1.4
,24.829422,121.071412,,,,0.0,1.0,0.0,2.0,2.0,2.0,0.0,0.0,0.0,01D310,新埔(1),,,,2025-09-24T02:10:00+08:00,,,,,,
,25.016894,121.554305,,,,0.0,10.5,0.0,79.5,85.5,114.0,0.0,0.0,0.0,A1AG60,福州山,,,,2025-09-24T02:10:00+08:00,,,,,,
98.0,24.147433,121.629703,,1001.1,12.5,0.0,86.5,7.5,273.0,293.0,422.0,15.5,29.5,12.5,C0Z190,富世,,24.7,,2025-09-24T02:10:00+08:00,2025-09-24T02:00:00+08:00,,,,133.0,0.5
,22.888028,120.737917,,,,3.5,90.5,6.5,187.5,207.5,246.0,20.0,30.0,16.5,C1V780,多納林道,,,,2025-09-24T02:10:00+08:00,,,,,,
100.0,24.405478,120.749819,3.2,-99.0,,0.0,21.0,2.5,24.0,24.0,25.0,5.5,15.5,3.5,C2E880,三義,-99.0,22.7,2025-09-24T02:00:00+08:00,2025-09-24T02:10:00+08:00,,-99,-99,陰有雨,40.0,1.0
99.0,23.27125,121.188272,,938.1,32.0,8.5,231.0,25.5,469.0,510.0,614.0,54.5,110.0,40.5,C0Z320,清水林道,,22.1,,2025-09-24T02:10:00+08:00,2025-09-24T02:00:00+08:00,,,,46.0,0.8
,24.635687,121.783933,,,,0.0,30.0,0.0,115.0,120.0,214.0,1.0,4.0,0.0,01U130,冬山,,,,2025-09-24T02:10:00+08:00,,,,,,
,23.169246,121.041436,,,,0.0,280.0,0.0,519.0,546.0,626.0,8.0,76.0,2.0,01S430,霧鹿,,,,2025-09-24T02:10:00+08:00,,,,,,
88.0,25.064767,121.114858,,1003.5,0.0,0.0,0.5,0.0,2.5,2.5,8.0,0.0,0.5,0.0,C0C740,觀音工業區,,27.9,,2025-09-24T02:10:00+08:00,2025-09-24T02:00:00+08:00,,,,242.0,1.9
,24.280586,121.026642,,,,0.0,31.0,2.0,38.0,38.0,39.5,5.5,19.5,4.5,C1F941,雪嶺,,,,2025-09-24T02:10:00+08:00,,,,,,
77.0,24.939025,121.369728,,999.3,-99.0,0.0,1.5,0.0,8.0,8.5,21.5,0.0,0.5,0.0,C0AC60,三峽,,29.1,,2025-09-24T02:10:00+08:00,2025-09-24T02:00:00+08:00,,,,0.0,0.0
83.0,24.734764,121.781922,21.0,-99.0,,0.0,2.5,0.0,66.5,77.0,122.5,0.0,0.5,0.0,CAUB40,國五S041K,-99.0,28.6,2025-09-24T02:00:00+08:00,2025-09-24T02:10:00+08:00,,-99,-99,陰,140.0,12.8
-99.0,24.107155,120.554482,-99.0,-99.0,,,,,,,,,,-99.0,CAG050,國三N196K,-99.0,-99.0,2025-09-24T02:00:00+08:00,,,-99,7-10,陰,-99.0,-99.0
96.0,22.725647,120.252675,,1002.3,4.0,0.5,10.0,2.0,38.5,42.0,42.0,4.5,4.5,4.5,C0V850,蚵仔寮,,24.3,,2025-09-24T02:10:00+08:00,2025-09-24T02:00:00+08:00,,,,33.0,3.7
96.0,24.4472,120.6428,4.0,-99.0,,0.5,17.0,2.5,20.5,20.5,20.5,5.0,14.0,3.0,CAE110,西濱S129K,-99.0,25.2,2025-09-24T02:00:00+08:00,2025-09-24T02:10:00+08:00,,-99,7-10,陰有靄,330.0,0.6
,22.990682,120.509017,,,,0.0,29.0,2.0,56.0,56.0,56.0,4.0,6.0,3.0,O1V810,溝坪,,,,2025-09-24T02:10:00+08:00,,,,,,
80.0,25.09694,121.6678,13.4,-99.0,,0.0,25.0,0.0,90.5,91.0,118.0,0.0,0.5,0.0,CAB040,國三S007K,-99.0,28.8,2025-09-24T02:00:00+08:00,2025-09-24T02:10:00+08:00,,-99,7-10,陰,150.0,2.4
97.0,24.451272,120.930192,,913.5,2.5,0.0,11.0,2.0,12.5,13.5,15.0,4.0,7.5,2.5,C0E610,馬都安,,20.2,,2025-09-24T02:10:00+08:00,2025-09-24T02:00:00+08:00,,,,0.0,0.0
,23.530321,120.520569,,,,0.0,10.0,0.0,16.0,16.0,16.0,1.0,2.0,1.0,01L490,沙坑,,,,2025-09-24T02:10:00+08:00,,,,,,
,25.096391,121.604109,,,,0.0,11.0,0.0,62.0,62.0,94.0,0.0,0.0,0.0,A1AG20,大湖里,,,,2025-09-24T02:10:00+08:00,,,,,,
96.0,22.0369,121.55843,20.1,-99.0,,0.0,9.5,0.0,11.5,12.5,82.5,0.0,3.0,0.0,467620,蘭嶼,0.0,-99.0,2025-09-24T02:00:00+08:00,2025-09-24T02:10:00+08:00,,0,-99,陰,110.0,8.9
95.0,24.688247,120.912206,,1000.6,1.0,0.0,6.5,0.5,7.0,7.0,7.0,1.5,4.0,1.0,C0E730,頭份,,25.7,,2025-09-24T02:10:00+08:00,2025-09-24T02:00:00+08:00,,,,0.0,0.0
100.0,22.264347,120.823972,,950.3,21.5,8.0,47.0,25.5,92.5,112.5,153.5,32.5,36.0,29.5,C0SA90,達仁林場,,23.4,,2025-09-24T02:10:00+08:00,2025-09-24T02:00:00+08:00,,,,160.0,3.6
,24.414244,120.77003,,,,0.0,19.0,3.0,22.0,22.0,23.0,6.0,13.0,3.0,01E290,三義(2),,,,2025-09-24T02:10:00+08:00,,,,,,
88.0,24.1512,121.201772,8.3,-99.0,,0.0,77.5,2.0,111.5,114.0,135.5,8.5,34.5,8.0,C2H9L0,馬烈霸,-99.0,16.1,2025-09-24T02:00:00+08:00,2025-09-24T02:10:00+08:00,,-99,-99,陰,360.0,3.0
84.0,24.776203,121.502811,4.8,-99.0,,0.0,13.0,0.0,94.0,119.5,306.5,0.5,5.0,0.0,C2A560,福山,-99.0,25.2,2025-09-24T02:00:00+08:00,2025-09-24T02:10:00+08:00,,-99,-99,陰,320.0,1.3
100.0,23.416666,120.355,2.4,-99.0,,0.0,11.0,0.5,17.5,17.5,17.5,1.0,1.5,1.0,CAL040,國一N273K,-99.0,24.3,2025-09-24T02:00:00+08:00,2025-09-24T02:10:00+08:00,,-99,-99,陰,80.0,1.2
100.0,23.911108,120.846556,7.9,-99.0,,0.0,10.5,0.0,14.5,14.5,14.5,1.5,5.0,1.0,C2H9E0,國姓南港,-99.0,18.7,2025-09-24T02:00:00+08:00,2025-09-24T02:10:00+08:00,,-99,-99,陰,110.0,3.2
,24.037079,121.604462,,,,0.0,98.0,4.0,228.0,244.0,329.0,12.0,43.0,9.0,01T500,北埔,,,,2025-09-24T02:10:00+08:00,,,,,,
95.0,23.701544,120.197547,,1003.6,1.5,0.0,20.0,0.5,25.0,25.0,25.0,2.5,2.5,1.5,C0K530,臺西,,24.7,,2025-09-24T02:10:00+08:00,2025-09-24T02:00:00+08:00,,,,77.0,1.1
78.0,25.00194,121.5975,17.2,-99.0,,0.0,29.5,0.0,115.5,125.0,161.5,0.5,1.5,0.5,CAA090,國三甲005K,-99.0,29.2,2025-09-24T02:00:00+08:00,2025-09-24T02:10:00+08:00,,-99,>30,陰,70.0,3.7
99.0,23.762528,120.7405,2.9,-99.0,,0.0,15.5,0.0,20.0,20.0,20.0,3.0,7.0,1.0,82H840,凍頂茶改,-99.0,22.1,2025-09-24T02:00:00+08:00,2025-09-24T02:10:00+08:00,,-99,-99,陰,100.0,1.5
87.0,24.092464,120.701378,,996.0,2.0,0.0,14.5,0.5,19.5,19.5,19.5,2.5,7.5,2.0,C0F9N0,大里,,27.1,,2025-09-24T02:10:00+08:00,2025-09-24T02:00:00+08:00,,,,0.0,0.0
-99.0,22.963017,120.327797,,-99.0,-99.0,,,,,,,,,,C0X170,關廟,,-99.0,,,2025-09-24T02:00:00+08:00,,,,-99.0,-99.0
,23.701086,120.311047,,,,0.0,20.0,1.0,25.0,25.0,25.0,4.0,5.0,2.0,01K060,褒忠(2),,,,2025-09-24T02:10:00+08:00,,,,,,
-99.0,24.974944,121.402008,,-99.0,-99.0,,,,,,,,,,C0A520,山佳,,-99.0,,,2025-09-24T02:00:00+08:00,,,,-99.0,-99.0
80.0,24.74435,121.722472,,1004.3,0.0,0.0,9.5,0.0,75.5,89.0,146.5,0.0,3.0,0.0,C0U990,員山,,28.7,,2025-09-24T02:10:00+08:00,2025-09-24T02:00:00+08:00,,,,120.0,3.7
97.0,22.877755,120.212747,,1003.5,5.0,1.5,13.5,6.0,29.5,29.5,29.5,6.5,6.5,6.5,C0V880,興達,,24.4,,2025-09-24T02:10:00+08:00,2025-09-24T02:00:00+08:00,,,,44.0,1.6
100.0,24.200172,120.815806,,945.6,3.5,0.0,16.5,1.0,20.5,20.5,20.5,4.0,10.5,3.5,C0F9V0,新社,,22.2,,2025-09-24T02:10:00+08:00,2025-09-24T02:00:00+08:00,,,,153.0,0.9
100.0,24.505486,121.525656,,805.4,6.5,3.5,96.0,7.5,231.5,268.0,453.5,18.0,31.0,10.0,C0U710,太平山,,16.4,,2025-09-24T02:10:00+08:00,2025-09-24T02:00:00+08:00,,,,140.0,1.7
,24.180853,120.848378,,,,0.0,15.5,0.5,19.0,19.0,19.0,3.0,9.5,2.5,C1F9G1,慶福山,,,,2025-09-24T02:10:00+08:00,,,,,,
98.0,23.918333,120.885278,1.1,-99.0,,0.0,11.5,0.0,16.5,16.5,16.5,2.0,7.0,1.5,E2H360,蓮華池,-99.0,21.4,2025-09-24T02:00:00+08:00,2025-09-24T02:10:00+08:00,,-99,-99,陰,0.0,0.0
82.0,24.978508,121.281819,7.1,-99.0,,0.0,0.0,0.0,1.0,1.0,5.0,0.0,0.0,0.0,V2C260,八德蔬果,-99.0,26.7,2025-09-24T02:00:00+08:00,2025-09-24T02:10:00+08:00,,-99,-99,陰,220.0,2.1
99.0,24.093078,120.861578,1.3,-99.0,,0.0,16.5,0.0,21.0,21.0,21.0,2.5,9.0,2.0,C2H9D0,三隻寮,-99.0,21.0,2025-09-24T02:00:00+08:00,2025-09-24T02:10:00+08:00,,-99,-99,陰,290.0,0.4
,24.109397,121.205211,,,,0.0,112.5,1.5,175.0,180.0,203.0,12.5,64.5,12.0,C1H000,翠峰,,,,2025-09-24T02:10:00+08:00,,,,,,
87.0,23.565503,119.563094,5.5,1002.8,,0.0,5.0,0.0,10.5,10.5,10.5,0.0,0.0,0.0,467350,澎湖,0.0,27.0,2025-09-24T02:00:00+08:00,2025-09-24T02:10:00+08:00,,0,>30,陰,90.0,2.5
,24.936785,121.713797,,,,0.0,25.5,0.0,162.0,171.0,216.5,1.0,1.0,1.0,L1A830,坪林,,,,2025-09-24T02:10:00+08:00,,,,,,
94.0,23.536267,120.169311,,1004.2,1.5,0.0,14.0,1.0,20.5,20.5,20.5,1.5,2.5,1.5,C0K291,宜梧,,25.1,,2025-09-24T02:10:00+08:00,2025-09-24T02:00:00+08:00,,,,81.0,0.7
,24.902389,121.649896,,,,0.0,18.0,0.0,154.0,161.0,223.5,0.5,2.5,0.5,L1A810,九芎根,,,,2025-09-24T02:10:00+08:00,,,,,,
95.0,24.143358,120.443536,,1001.1,4.5,0.0,25.0,0.5,28.0,28.0,28.0,6.5,14.5,4.5,C0G900,線西,,25.1,,2025-09-24T02:10:00+08:00,2025-09-24T02:00:00+08:00,,,,69.0,0.7
99.0,24.678347,121.208558,,946.2,0.0,0.0,1.5,0.0,4.0,4.5,8.0,0.0,1.0,0.0,C0D360,梅花,,21.6,,2025-09-24T02:10:00+08:00,2025-09-24T02:00:00+08:00,,,,0.0,0.0
97.0,24.312297,120.562242,,1000.8,5.0,0.0,21.0,2.0,27.0,27.0,27.0,6.5,15.5,5.0,C0F9P0,清水,,25.0,,2025-09-24T02:10:00+08:00,2025-09-24T02:00:00+08:00,,,,88.0,0.7
91.0,23.0757,120.363253,,997.9,4.5,0.0,20.0,3.5,37.5,37.5,37.5,5.5,6.0,4.5,C0X180,山上,,24.5,,2025-09-24T02:10:00+08:00,2025-09-24T02:00:00+08:00,,,,0.0,0.0
-99.0,23.630414,120.227125,,-99.0,-99.0,,,,,,,,,,C0K280,四湖,,-99.0,,,2025-09-24T02:00:00+08:00,,,,-99.0,-99.0
,22.877254,121.057045,,,,0.0,205.0,16.0,401.0,419.0,480.0,86.0,101.0,61.0,01S570,上里,,,,2025-09-24T02:10:00+08:00,,,,,,
99.0,24.092468,120.603256,2.7,-99.0,,0.0,20.5,1.0,24.5,24.5,24.5,6.0,12.5,5.0,CAG060,國三S202K,-99.0,24.7,2025-09-24T02:00:00+08:00,2025-09-24T02:10:00+08:00,,-99,-99,陰有雨,160.0,0.6
,22.675384,120.686784,,,,0.0,124.0,15.0,452.0,508.0,577.0,56.0,80.0,40.0,01Q920,新瑪家,,,,2025-09-24T02:10:00+08:00,,,,,,
99.0,24.121322,121.273642,,704.5,23.5,7.0,183.5,13.5,280.5,288.5,358.0,31.5,70.0,30.5,C0H990,昆陽,,10.2,,2025-09-24T02:10:00+08:00,2025-09-24T02:00:00+08:00,,,,160.0,1.0
,23.714206,121.373133,,,,8.0,300.0,20.0,489.0,509.0,664.0,64.5,154.5,40.0,C1T940,大觀,,,,2025-09-24T02:10:00+08:00,,,,,,
93.0,24.429117,120.617483,,1002.5,2.5,0.0,17.0,1.5,20.0,20.0,20.0,3.5,14.0,2.5,C0FA10,松柏,,25.1,,2025-09-24T02:10:00+08:00,2025-09-24T02:00:00+08:00,,,,27.0,0.4
,22.854222,120.5454,,,,0.5,36.0,7.0,92.5,97.0,97.0,18.0,19.0,12.5,C1V570,吉東,,,,2025-09-24T02:10:00+08:00,,,,,,
100.0,24.143442,121.272547,,675.6,10.5,2.0,99.0,4.5,152.5,158.5,203.0,13.0,31.5,12.5,C0H9C0,合歡山頂,,9.5,,2025-09-24T02:10:00+08:00,2025-09-24T02:00:00+08:00,,,,110.0,14.3
,23.199503,121.027,,,,0.0,183.5,3.5,307.0,333.5,401.5,15.5,72.5,13.5,C1S670,摩天,,,,2025-09-24T02:10:00+08:00,,,,,,
92.0,23.545133,120.675197,1.3,-99.0,,0.5,17.5,1.0,23.0,23.0,23.5,2.0,5.0,1.0,C2M620,瑞里,-99.0,19.4,2025-09-24T02:00:00+08:00,2025-09-24T02:10:00+08:00,,-99,-99,陰,0.0,0.2
95.0,24.03405,120.503869,,1000.9,4.0,0.0,26.5,0.5,29.0,29.0,29.0,6.5,14.0,4.0,C0G780,秀水,,-99.0,,2025-09-24T02:10:00+08:00,2025-09-24T02:00:00+08:00,,,,269.0,1.3
,25.168295,121.528315,,,,0.0,7.5,0.0,44.5,44.5,98.0,0.0,0.5,0.0,A1AD20,竹子湖,,,,2025-09-24T02:10:00+08:00,,,,,,
99.0,23.973672,120.68085,,990.9,3.5,0.0,16.0,0.5,20.5,20.5,20.5,5.0,9.0,3.5,C0H960,草屯,,24.6,,2025-09-24T02:10:00+08:00,2025-09-24T02:00:00+08:00,,,,0.0,0.0
100.0,24.247522,121.243669,4.2,-99.0,,0.0,74.5,2.5,124.0,134.0,215.0,9.5,34.5,7.5,C2F860,梨山,-99.0,13.9,2025-09-24T02:00:00+08:00,2025-09-24T02:10:00+08:00,,-99,-99,陰有雨,40.0,1.3
100.0,23.154722,120.345,2.2,-99.0,,0.5,18.0,1.5,30.5,30.5,30.5,3.0,4.0,2.0,CAN080,國三N336K,-99.0,23.6,2025-09-24T02:00:00+08:00,2025-09-24T02:10:00+08:00,,-99,-99,陰,100.0,0.8
97.0,24.275964,120.547681,3.1,-99.0,,0.0,20.5,1.5,26.5,26.5,26.5,6.5,15.0,4.5,CAF100,西濱N151K,-99.0,25.1,2025-09-24T02:00:00+08:00,2025-09-24T02:10:00+08:00,,-99,11-15,陰有雨,60.0,0.7
,24.449458,121.77722,,,,0.0,5.0,1.0,115.0,126.0,234.0,1.0,2.0,1.0,01U470,武塔,,,,2025-09-24T02:10:00+08:00,,,,,,
100.0,24.560647,121.752608,,885.3,2.0,0.5,68.5,2.0,242.5,260.5,409.0,2.5,10.5,2.5,C0UA40,西德山,,20.1,,2025-09-24T02:10:00+08:00,2025-09-24T02:00:00+08:00,,,,193.0,13.1
,24.890886,121.745559,,,,0.0,18.0,0.0,155.0,173.0,233.0,0.0,0.0,0.0,01A190,碧湖,,,,2025-09-24T02:10:00+08:00,,,,,,
,23.691944,121.549444,,,,0.0,98.5,2.0,198.5,199.5,244.0,22.5,54.5,9.5,81T990,高山部落,,,,2025-09-24T02:10:00+08:00,,,,,,
91.0,22.888614,120.483597,,997.6,11.0,0.0,21.5,8.0,63.5,65.5,65.5,14.0,14.5,11.0,C0V740,旗山,,24.8,,2025-09-24T02:10:00+08:00,2025-09-24T02:00:00+08:00,,,,338.0,1.1
,23.295556,121.266944,,,,0.0,187.0,11.0,358.0,390.0,525.0,34.0,73.0,24.0,01T220,卓麓(4),,,,2025-09-24T02:10:00+08:00,,,,,,
,23.037536,121.301007,,,,0.0,179.0,7.0,278.0,288.0,363.0,7.0,56.0,7.0,01S870,北源,,,,2025-09-24T02:10:00+08:00,,,,,,
96.0,23.173039,120.145086,,1004.6,2.5,1.0,10.5,2.5,23.0,23.5,23.5,3.5,3.5,3.5,C0X080,佳里,,24.6,,2025-09-24T02:10:00+08:00,2025-09-24T02:00:00+08:00,,,,73.0,2.6
69.0,25.057378,121.500625,,1001.8,0.0,0.0,1.0,0.0,32.5,33.0,47.5,0.0,0.0,0.0,C0AI30,三重,,30.9,,2025-09-24T02:10:00+08:00,2025-09-24T02:00:00+08:00,,,,119.0,6.8
98.0,23.848253,120.386764,,1003.0,3.0,0.5,26.0,2.5,27.5,27.5,27.5,4.5,8.5,3.5,C0G940,竹塘,,24.6,,2025-09-24T02:10:00+08:00,2025-09-24T02:00:00+08:00,,,,47.0,0.3
100.0,22.567419,120.959667,,913.8,14.5,0.0,34.5,0.5,177.0,214.5,341.0,16.5,20.5,14.5,C0SA20,金崙山,,22.5,,2025-09-24T02:10:00+08:00,2025-09-24T02:00:00+08:00,,,,97.0,1.6
91.0,24.522345,120.725006,2.2,-99.0,,0.5,19.0,3.5,21.5,21.5,21.5,6.5,16.0,3.5,CAE080,國三S140K,-99.0,24.2,2025-09-24T02:00:00+08:00,2025-09-24T02:10:00+08:00,,-99,3-6,陰有雨,60.0,0.9
,23.858572,120.994889,,,,0.5,31.5,0.5,48.5,51.5,55.5,5.5,17.0,5.0,C1I500,大尖山,,,,2025-09-24T02:10:00+08:00,,,,,,
,24.939858,121.470989,,,,0.0,9.0,0.0,55.0,61.5,99.0,1.0,5.0,0.0,81AH80,五城加油站,,,,2025-09-24T02:10:00+08:00,,,,,,
,24.942842,121.638556,,,,0.0,23.0,0.0,162.0,169.0,217.0,0.5,0.5,0.5,C1A760,坪林交控,,,,2025-09-24T02:10:00+08:00,,,,,,
,24.798205,121.358193,,,,0.0,4.0,0.0,16.5,27.5,113.5,0.5,1.0,0.0,21C140,霞雲,,,,2025-09-24T02:10:00+08:00,,,,,,
100.0,22.605614,120.395717,,1000.6,12.5,0.5,41.0,5.5,83.0,86.0,88.0,13.0,13.0,13.0,C0V730,大寮,,24.8,,2025-09-24T02:10:00+08:00,2025-09-24T02:00:00+08:00,,,,63.0,2.5
86.0,22.049094,121.512142,,1002.5,0.0,0.0,5.5,0.0,9.5,10.5,113.0,2.0,3.0,0.0,C0S900,蘭嶼高中,,28.5,,2025-09-24T02:10:00+08:00,2025-09-24T02:00:00+08:00,,,,142.0,9.3
92.0,24.370625,120.620067,,1000.6,3.0,0.0,18.5,1.5,22.5,22.5,22.5,4.5,13.5,3.0,C0FB70,大甲溪埔,,24.7,,2025-09-24T02:10:00+08:00,2025-09-24T02:00:00+08:00,,,,105.0,0.8
98.0,23.772797,120.408944,,1001.0,3.0,0.0,21.5,2.0,24.5,24.5,25.0,3.5,6.5,3.0,C0K440,二崙,,24.7,,2025-09-24T02:10:00+08:00,2025-09-24T02:00:00+08:00,,,,66.0,0.7
99.0,23.852589,120.693481,1.3,-99.0,,0.0,15.5,0.0,18.5,18.5,18.5,3.0,7.0,1.5,C2H9H0,苗改南投蜂場,-99.0,24.0,2025-09-24T02:00:00+08:00,2025-09-24T02:10:00+08:00,,-99,-99,陰,0.0,0.1
94.0,24.93775,121.266389,3.6,-99.0,,,,,,,,,,-99.0,V2C250,八德合作社,-99.0,26.0,2025-09-24T02:00:00+08:00,,,-99,-99,陰,170.0,1.5
,23.394239,121.356808,,,,1.5,241.0,15.5,422.5,443.5,531.5,33.5,63.0,19.5,C1T990,高寮,,,,2025-09-24T02:10:00+08:00,,,,,,
,23.133056,121.246667,,,,5.5,183.0,7.0,347.0,369.0,465.0,20.5,73.0,13.0,81T760,富南部落,,,,2025-09-24T02:10:00+08:00,,,,,,
,23.268447,120.823556,,,,0.5,56.0,3.5,115.5,124.0,137.0,8.5,14.0,5.5,C1V200,梅山,,,,2025-09-24T02:10:00+08:00,,,,,,
81.0,25.03306,121.6158,10.4,-99.0,,0.0,18.0,0.5,110.0,113.0,138.5,0.5,1.0,0.5,CAA040,國三S016K,-99.0,28.1,2025-09-24T02:00:00+08:00,2025-09-24T02:10:00+08:00,,-99,-99,陰,80.0,1.8
,23.217557,121.32297,,,,0.0,142.0,8.0,306.0,323.0,423.0,29.0,66.0,20.0,01T9J0,六十石山,,,,2025-09-24T02:10:00+08:00,,,,,,
,24.824459,121.25144,,,,0.0,2.0,0.0,2.0,3.0,12.0,0.0,2.0,0.0,01C400,石門後池,,,,2025-09-24T02:10:00+08:00,,,,,,
,24.573125,121.10352,,,,0.0,4.0,1.0,4.0,4.0,4.0,1.0,2.0,1.0,01D110,清泉,,,,2025-09-24T02:10:00+08:00,,,,,,
100.0,23.77412,120.64061,4.3,-99.0,,0.0,20.0,1.0,23.0,23.0,23.0,3.5,7.5,2.0,CAJ010,國三N252K,-99.0,23.5,2025-09-24T02:00:00+08:00,2025-09-24T02:10:00+08:00,,-99,7-10,陰有雨,20.0,0.6
,22.479722,120.9125,,,,0.0,21.5,0.0,93.0,125.5,204.0,13.0,19.0,3.5,81S540,拉里吧,,,,2025-09-24T02:10:00+08:00,,,,,,
99.0,23.717231,120.190522,2.4,-99.0,,0.5,20.5,0.5,25.5,25.5,25.5,2.5,3.0,1.5,A2K360,臺西水試,-99.0,24.8,2025-09-24T02:00:00+08:00,2025-09-24T02:10:00+08:00,,-99,-99,陰,70.0,0.4
,23.036563,120.708987,,,,0.0,42.0,0.0,88.5,91.5,98.0,5.5,12.5,2.5,81V940,寶山部落,,,,2025-09-24T02:10:00+08:00,,,,,,
67.0,24.959207,121.525196,12.3,1002.1,,0.0,2.5,0.0,58.5,61.0,90.0,0.0,0.0,-990.0,466881,新北,0.0,29.6,2025-09-24T02:00:00+08:00,2025-09-24T02:10:00+08:00,,0,>30,陰,110.0,3.0
97.0,23.471325,120.485903,1.5,-99.0,,0.5,10.5,0.5,17.0,17.0,17.5,1.5,2.0,0.5,C2M910,嘉義大學,-99.0,24.1,2025-09-24T02:00:00+08:00,2025-09-24T02:10:00+08:00,,-99,-99,陰,0.0,0.2
96.0,24.063889,120.523056,3.1,-99.0,,0.0,24.5,1.0,28.5,28.5,28.5,6.5,14.0,4.5,CAG010,國一N198K,-99.0,25.2,2025-09-24T02:00:00+08:00,2025-09-24T02:10:00+08:00,,-99,-99,陰有雨,40.0,0.5
74.0,22.826389,120.600806,,994.1,13.0,0.0,46.5,8.0,123.0,129.5,130.0,14.0,16.0,13.0,C0R470,高樹,,24.5,,2025-09-24T02:10:00+08:00,2025-09-24T02:00:00+08:00,,,,6.0,1.9
94.0,23.056805,120.095569,,1002.6,1.5,0.5,5.0,2.0,13.0,13.5,13.5,2.0,2.0,2.0,C0N020,城西,,25.0,,2025-09-24T02:10:00+08:00,2025-09-24T02:00:00+08:00,,,,60.0,3.3
,24.572873,121.49644,,,,0.0,32.0,0.0,110.0,125.0,205.0,3.0,8.0,0.0,01U050,土場(1),,,,2025-09-24T02:10:00+08:00,,,,,,
89.0,23.94835,120.479122,,1000.9,3.5,0.0,29.5,1.0,30.0,30.0,30.0,6.0,13.0,3.5,C0G660,溪湖,,26.2,,2025-09-24T02:10:00+08:00,2025-09-24T02:00:00+08:00,,,,0.0,0.0
95.0,23.119628,121.209469,,976.8,30.0,4.5,299.0,22.0,477.5,518.0,636.0,39.5,133.0,34.5,C0S740,池上,,24.3,,2025-09-24T02:10:00+08:00,2025-09-24T02:00:00+08:00,,,,137.0,1.4
,24.719164,121.28372,,,,0.0,14.0,0.0,17.0,18.0,38.0,1.0,14.0,0.0,01D190,鳥嘴山,,,,2025-09-24T02:10:00+08:00,,,,,,
,22.964938,120.359823,,,,0.0,8.0,3.0,34.0,35.0,35.0,4.0,4.0,4.0,01N860,崎頂,,,,2025-09-24T02:10:00+08:00,,,,,,
,24.7975,121.334444,,,,0.0,2.0,0.0,7.5,10.0,61.0,0.5,0.5,0.5,81C780,奎輝國小,,,,2025-09-24T02:10:00+08:00,,,,,,
,23.992778,120.7625,,,,0.0,13.0,0.5,16.5,16.5,16.5,2.5,6.0,1.5,81H910,平林國小,,,,2025-09-24T02:10:00+08:00,,,,,,
,23.403864,120.649071,,,,0.5,15.5,1.5,20.5,20.5,20.5,2.5,3.0,2.0,81M790,麻竹湖步道,,,,2025-09-24T02:10:00+08:00,,,,,,
,24.106999,121.199288,,,,0.0,114.0,2.0,184.0,192.0,217.0,13.0,74.0,12.0,01H310,翠峰,,,,2025-09-24T02:10:00+08:00,,,,,,
98.0,23.86045,120.557964,1.2,-99.0,,0.0,26.0,1.0,28.0,28.0,28.0,5.0,11.0,2.5,C2G9A0,畜試所彰化,-99.0,24.9,2025-09-24T02:00:00+08:00,2025-09-24T02:10:00+08:00,,-99,-99,陰有雨,50.0,0.3
-99.0,24.26867,121.03062,,-99.0,-99.0,,,,,,,,,,C0FA70,大雪山埡口,,-99.0,,,2025-09-24T02:00:00+08:00,,,,-99.0,-99.0
94.0,23.158558,121.400431,,1005.8,18.5,0.0,59.0,3.0,101.5,108.5,161.5,18.5,27.0,18.5,C0SB70,小港漁港,,26.1,,2025-09-24T02:10:00+08:00,2025-09-24T02:00:00+08:00,,,,169.0,2.4
100.0,24.015678,120.6213,,991.5,4.0,0.0,19.5,0.5,24.5,24.5,24.5,5.5,11.5,4.0,C0G620,芬園,,24.5,,2025-09-24T02:10:00+08:00,2025-09-24T02:00:00+08:00,,,,0.0,0.0
,24.624996,121.751929,,,,0.0,41.0,7.0,169.0,172.0,331.0,11.0,19.0,11.0,01U120,新寮(1),,,,2025-09-24T02:10:00+08:00,,,,,,
99.0,23.268528,121.305469,,988.5,31.0,6.5,184.5,18.5,326.5,351.0,431.0,49.0,81.0,37.5,C0Z300,東里,,24.2,,2025-09-24T02:10:00+08:00,2025-09-24T02:00:00+08:00,,,,308.0,1.6
,23.173397,120.594092,,,,0.0,22.0,0.5,33.0,33.0,33.0,3.5,6.0,2.0,C1O880,關山,,,,2025-09-24T02:10:00+08:00,,,,,,
100.0,24.15295,120.572117,2.7,-99.0,,0.0,22.0,1.0,27.0,27.0,27.0,6.5,14.0,5.0,C2F000,大肚,-99.0,23.2,2025-09-24T02:00:00+08:00,2025-09-24T02:10:00+08:00,,-99,-99,陰有雨,50.0,0.6
96.0,23.386047,120.477331,,996.9,0.5,0.5,9.5,0.5,15.5,15.5,15.5,1.5,2.0,1.0,C0X300,鹿寮,,23.8,,2025-09-24T02:10:00+08:00,2025-09-24T02:00:00+08:00,,,,72.0,0.4
-99.0,23.690928,120.303619,,-99.0,-99.0,,,,,,,,,,C0K430,褒忠,,-99.0,,,2025-09-24T02:00:00+08:00,,,,-99.0,-99.0
,24.767971,121.35156,,,,0.0,2.0,0.0,9.5,12.5,77.5,0.0,0.5,0.0,81C710,高坡國小,,,,2025-09-24T02:10:00+08:00,,,,,,
100.0,23.600606,120.458397,,999.4,2.5,0.0,15.5,1.5,23.0,23.0,23.0,3.0,4.0,2.5,C0M670,大林,,24.6,,2025-09-24T02:10:00+08:00,2025-09-24T02:00:00+08:00,,,,43.0,1.7
,23.816114,120.5676,,,,0.5,25.5,2.0,27.0,27.0,27.0,5.0,10.0,3.0,C1G691,下水埔,,,,2025-09-24T02:10:00+08:00,,,,,,
,23.15025,121.382333,,,,0.0,72.5,9.0,120.0,127.0,192.5,21.5,36.5,21.5,C1S870,南美山,,,,2025-09-24T02:10:00+08:00,,,,,,
,24.182844,120.929889,,,,0.0,15.5,0.0,18.5,18.5,18.5,4.0,9.5,4.0,C1F9C1,白冷,,,,2025-09-24T02:10:00+08:00,,,,,,
97.0,24.885,121.0889,4.3,-99.0,,0.0,1.5,0.5,2.0,2.0,2.0,1.0,1.0,0.5,CAD020,國一N077K,-99.0,24.8,2025-09-24T02:00:00+08:00,2025-09-24T02:10:00+08:00,,-99,-99,陰,150.0,2.4
,24.709464,120.898219,,,,0.0,5.0,0.0,5.0,5.0,5.0,0.0,3.0,0.0,01E120,大埔,,,,2025-09-24T02:10:00+08:00,,,,,,
95.0,22.854997,120.259439,,1000.3,6.5,0.5,11.0,6.5,30.0,31.0,31.0,7.0,7.0,7.0,C0V750,路竹,,25.3,,2025-09-24T02:10:00+08:00,2025-09-24T02:00:00+08:00,,,,49.0,2.5
95.0,22.370361,120.628306,,996.4,40.0,12.5,77.5,36.5,201.5,241.0,347.5,54.0,57.0,52.5,C0R260,春日,,26.0,,2025-09-24T02:10:00+08:00,2025-09-24T02:00:00+08:00,,,,133.0,1.7
,24.728728,121.226523,,,,0.0,2.0,0.0,2.0,2.0,5.0,0.5,2.0,0.0,81D630,尖石國小,,,,2025-09-24T02:10:00+08:00,,,,,,
88.0,25.273672,121.6012,,989.3,0.0,0.0,13.5,0.0,72.5,72.5,76.0,0.0,0.0,0.0,C0AJ40,石門,,27.0,,2025-09-24T02:10:00+08:00,2025-09-24T02:00:00+08:00,,,,105.0,4.4
,23.463619,120.954147,,,,1.5,153.0,12.0,314.0,335.0,443.0,29.0,62.5,20.0,C1V170,排雲,,,,2025-09-24T02:10:00+08:00,,,,,,
,23.478744,120.878939,,,,0.0,47.5,1.0,91.0,99.0,133.5,5.5,13.0,2.5,C1I440,新高口,,,,2025-09-24T02:10:00+08:00,,,,,,
,23.263333,121.303056,,,,1.0,162.5,18.5,288.0,311.5,376.5,36.5,68.5,29.5,81T910,東里國中,,,,2025-09-24T02:10:00+08:00,,,,,,
99.0,22.545064,120.392592,,997.7,25.0,2.0,35.0,12.0,69.5,72.0,74.5,27.0,27.0,27.0,C0V450,鳳森,,23.9,,2025-09-24T02:10:00+08:00,2025-09-24T02:00:00+08:00,,,,103.0,1.4
95.0,22.997889,120.633583,,974.6,3.5,0.0,38.0,0.0,64.0,65.5,66.0,3.5,5.5,3.5,C0V800,六龜,,23.6,,2025-09-24T02:10:00+08:00,2025-09-24T02:00:00+08:00,,,,286.0,0.3
,24.017338,121.088627,,,,0.0,33.0,2.5,45.5,45.5,49.0,10.0,23.0,10.0,88H890,南豐,,,,2025-09-24T02:10:00+08:00,,,,,,
,24.023289,121.411328,,,,2.0,327.5,22.5,535.0,554.5,718.5,58.5,114.5,52.5,C1T980,龍澗,,,,2025-09-24T02:10:00+08:00,,,,,,
98.0,24.407306,118.289281,8.0,1001.6,,0.0,1.0,0.0,1.0,1.0,1.0,0.0,0.0,-990.0,467110,金門,0.0,26.3,2025-09-24T02:00:00+08:00,2025-09-24T02:10:00+08:00,,0,11-15,陰,60.0,3.8
,23.290374,120.496384,,,,0.0,10.0,0.0,18.0,18.0,18.0,1.0,2.0,1.0,01O200,北寮,,,,2025-09-24T02:10:00+08:00,,,,,,
,23.958697,120.917931,,,,0.0,12.0,0.0,15.0,15.0,15.0,1.0,5.5,1.0,C1I240,外大坪,,,,2025-09-24T02:10:00+08:00,,,,,,
98.0,24.8956,120.9649,5.5,-99.0,,0.0,6.5,1.5,7.0,7.0,7.0,2.5,4.0,2.5,CAD100,西濱N066K,-99.0,26.8,2025-09-24T02:00:00+08:00,2025-09-24T02:10:00+08:00,,-99,3-6,陰有雨,260.0,2.1
100.0,24.302863,121.731144,,906.6,3.0,0.0,32.5,2.0,240.0,253.0,386.0,4.5,9.5,3.0,C0TA40,秀林,,21.2,,2025-09-24T02:10:00+08:00,2025-09-24T02:00:00+08:00,,,,165.0,7.7
99.0,23.963211,121.088264,2.2,-99.0,,0.0,30.5,0.5,57.0,58.0,67.5,7.0,18.5,7.0,C2H9P0,伊拿谷,-99.0,20.3,2025-09-24T02:00:00+08:00,2025-09-24T02:10:00+08:00,,-99,-99,陰,220.0,0.8
,23.057019,120.646064,,,,0.5,33.0,1.5,52.0,52.5,53.0,5.0,10.5,3.0,C1V590,新發,,,,2025-09-24T02:10:00+08:00,,,,,,
92.0,24.42595,121.01347,,803.9,1.5,0.0,10.0,1.0,11.5,11.5,12.0,2.0,5.5,1.5,C0E940,雪見,,16.5,,2025-09-24T02:10:00+08:00,2025-09-24T02:00:00+08:00,,,,60.0,2.2
,23.279811,120.705319,,,,0.5,19.0,2.0,28.0,29.0,29.5,5.0,5.0,4.0,C1V160,達卡努瓦,,,,2025-09-24T02:10:00+08:00,,,,,,
,24.090736,121.032224,,,,0.0,24.0,2.0,30.0,30.0,30.0,8.0,16.0,8.0,00H810,惠蓀(2),,,,2025-09-24T02:10:00+08:00,,,,,,
98.0,23.660694,121.424964,,994.8,20.0,5.0,201.5,16.0,315.0,349.5,469.5,37.5,100.5,25.0,C0T960,光復,,24.6,,2025-09-24T02:10:00+08:00,2025-09-24T02:00:00+08:00,,,,213.0,1.0
,24.73339,120.967392,,,,0.0,5.0,1.0,5.0,5.0,5.0,2.0,4.0,2.0,O1D570,新城國小,,,,2025-09-24T02:10:00+08:00,,,,,,
80.0,25.091966,121.192505,12.0,-99.0,,0.0,0.5,0.0,5.0,5.0,14.0,0.0,0.0,0.0,CAC060,西濱S032K,-99.0,28.6,2025-09-24T02:00:00+08:00,2025-09-24T02:10:00+08:00,,-99,16-20,陰,130.0,4.0
,24.700595,121.356813,,,,0.0,11.5,0.0,24.5,30.0,135.0,1.0,6.5,0.5,88C690,蘇樂,,,,2025-09-24T02:10:00+08:00,,,,,,
88.0,24.980444,121.951214,,1006.6,0.0,0.0,25.0,0.0,43.5,51.5,62.5,0.0,0.0,0.0,C0UA90,石城,,28.3,,2025-09-24T02:10:00+08:00,2025-09-24T02:00:00+08:00,,,,110.0,2.4
,25.03399,121.624705,,,,0.0,18.5,0.0,122.0,124.0,155.0,1.0,1.5,1.0,A1AC50,舊莊里,,,,2025-09-24T02:10:00+08:00,,,,,,
95.0,24.549447,120.696803,,1002.6,4.0,0.5,20.0,3.5,22.5,22.5,22.5,7.0,17.5,4.5,C0E570,白沙屯,,25.2,,2025-09-24T02:10:00+08:00,2025-09-24T02:00:00+08:00,,,,68.0,1.5
,23.6906,120.851828,,,,0.0,14.0,1.0,18.0,18.0,19.0,3.0,6.0,1.0,01H780,內茅埔(2),,,,2025-09-24T02:10:00+08:00,,,,,,
-99.0,22.332244,120.362236,,-99.0,-99.0,1.0,5.5,5.0,25.5,32.5,38.0,5.5,5.5,5.0,C0R270,琉球嶼,,-99.0,,2025-09-24T02:10:00+08:00,2025-09-24T02:00:00+08:00,,,,-99.0,-99.0
100.0,22.568,120.528,3.6,-99.0,,0.5,33.0,2.5,71.5,81.5,90.5,13.0,14.0,12.5,CAQ020,國三S415K,-99.0,23.8,2025-09-24T02:00:00+08:00,2025-09-24T02:10:00+08:00,,-99,3-6,陰有雨,20.0,1.8
96.0,22.0744,120.716247,,1003.4,13.0,0.0,13.5,6.0,28.0,38.5,138.5,13.0,13.0,13.0,C0R320,車城,,25.7,,2025-09-24T02:10:00+08:00,2025-09-24T02:00:00+08:00,,,,123.0,2.0
,22.748999,120.728297,,,,0.0,143.0,16.0,342.0,376.0,436.0,32.0,52.0,24.0,O1S690,神山,,,,2025-09-24T02:10:00+08:00,,,,,,
100.0,24.432739,121.303808,,-99.0,5.5,0.0,36.5,4.5,59.5,62.5,99.0,7.5,19.5,5.5,C0F9Y0,桃山,,9.3,,2025-09-24T02:10:00+08:00,2025-09-24T02:00:00+08:00,,,,190.0,7.8
,23.639517,120.786444,,,,0.0,20.5,0.5,28.0,28.5,30.5,3.5,7.5,0.5,C1I470,杉林溪,,,,2025-09-24T02:10:00+08:00,,,,,,
90.0,24.49999,121.08773,,763.0,-99.0,,,,,,,,,,C0D750,樂山林道6k,,15.2,,,2025-09-24T02:00:00+08:00,,,,232.0,3.1
,22.238911,120.858903,,,,3.0,31.0,15.0,54.0,64.5,95.5,22.0,24.5,20.5,C1S880,壽卡,,,,2025-09-24T02:10:00+08:00,,,,,,
100.0,23.5239,121.390211,,995.0,16.5,1.0,207.5,12.0,337.5,368.0,514.0,31.0,99.0,17.5,C0Z210,瑞穗,,24.6,,2025-09-24T02:10:00+08:00,2025-09-24T02:00:00+08:00,,,,187.0,1.0
92.0,23.845606,121.592664,,1006.4,14.5,0.0,119.0,2.0,210.5,212.5,261.5,15.0,62.5,14.5,C0TA30,鹽寮,,26.7,,2025-09-24T02:10:00+08:00,2025-09-24T02:00:00+08:00,,,,198.0,2.9
,24.270832,121.741801,,,,0.0,24.5,0.0,159.5,182.0,290.5,0.5,1.5,0.0,88T830,和中,,,,2025-09-24T02:10:00+08:00,,,,,,
,25.021931,121.516401,,,,0.0,2.0,0.0,50.0,54.0,66.0,0.0,0.0,0.0,01A410,中正橋,,,,2025-09-24T02:10:00+08:00,,,,,,
93.0,23.469889,120.259383,3.2,-99.0,,0.0,13.5,0.5,19.5,19.5,19.5,1.0,1.5,1.0,C2M920,朴子農改,-99.0,25.3,2025-09-24T02:00:00+08:00,2025-09-24T02:10:00+08:00,,-99,-99,陰,50.0,1.6
100.0,21.900836,120.855269,,1001.4,9.0,0.0,9.0,6.0,10.5,14.5,69.0,9.0,9.0,9.0,C0R620,墾雷,,26.3,,2025-09-24T02:10:00+08:00,2025-09-24T02:00:00+08:00,,,,360.0,4.1
,24.644447,121.090961,,,,0.0,2.0,0.0,3.0,3.0,3.0,0.5,0.5,0.0,C1D640,外坪五指,,,,2025-09-24T02:10:00+08:00,,,,,,
94.0,24.583486,120.885411,,996.1,1.5,0.0,9.5,1.5,11.5,11.5,12.5,3.0,6.5,1.5,C0E550,明德,,25.2,,2025-09-24T02:10:00+08:00,2025-09-24T02:00:00+08:00,,,,100.0,1.0
99.0,23.058972,120.336406,1.6,-99.0,,1.0,10.0,4.0,21.5,21.5,21.5,6.5,6.5,5.0,B2N890,畜試所,-99.0,23.7,2025-09-24T02:00:00+08:00,2025-09-24T02:10:00+08:00,,-99,-99,陰有雨,50.0,0.6
97.0,23.267772,120.125481,,1003.8,2.0,0.5,12.0,2.0,23.5,23.5,23.5,3.0,3.0,2.5,C0X290,北門,,25.0,,2025-09-24T02:10:00+08:00,2025-09-24T02:00:00+08:00,,,,75.0,3.5
,25.288486,121.544109,,,,0.0,8.0,0.0,75.0,75.0,82.0,0.0,0.0,0.0,01A350,富貴角,,,,2025-09-24T02:10:00+08:00,,,,,,
96.0,22.674911,120.284911,,999.3,7.0,0.0,10.5,3.0,39.5,41.0,41.5,7.0,7.0,7.0,C0V810,左營,,24.5,,2025-09-24T02:10:00+08:00,2025-09-24T02:00:00+08:00,,,,66.0,1.2
,23.159204,120.764326,,,,0.5,41.0,4.0,74.5,78.5,96.0,7.0,9.0,6.0,81V950,桃源區公所,,,,2025-09-24T02:10:00+08:00,,,,,,
99.0,22.682903,120.686639,,927.7,36.5,0.5,85.0,14.5,324.5,368.0,415.5,44.0,60.5,37.0,C0R140,瑪家,,21.1,,2025-09-24T02:10:00+08:00,2025-09-24T02:00:00+08:00,,,,320.0,1.9
,24.625286,121.148046,,,,0.0,3.0,0.0,3.0,4.0,4.0,1.0,1.0,0.0,01D100,太閣南,,,,2025-09-24T02:10:00+08:00,,,,,,
,23.841008,120.699575,,,,0.0,15.5,0.0,19.5,19.5,19.5,3.0,7.0,1.5,C1H840,國三N238K,,,,2025-09-24T02:10:00+08:00,,,,,,
,23.587551,120.40001,,,,0.0,14.0,1.0,20.0,20.0,20.0,3.0,4.0,2.0,01M010,溪口(3),,,,2025-09-24T02:10:00+08:00,,,,,,
,22.82325,121.009389,,,,0.0,264.5,13.0,549.0,620.0,699.0,47.5,93.5,30.0,C1SA50,利嘉林道,,,,2025-09-24T02:10:00+08:00,,,,,,
92.0,23.234405,120.096125,,1002.6,2.5,0.5,10.0,2.0,22.0,22.0,22.0,3.0,3.0,3.0,C0N040,蘆竹溝,,25.4,,2025-09-24T02:10:00+08:00,2025-09-24T02:00:00+08:00,,,,77.0,5.1
,24.892584,121.745694,,,,0.0,18.5,0.0,161.0,179.0,235.0,0.0,0.5,0.0,L1A800,碧湖,,,,2025-09-24T02:10:00+08:00,,,,,,
81.0,24.686369,121.797944,,1005.1,0.0,0.0,11.0,0.0,66.0,70.5,129.5,0.0,2.0,0.0,C0U780,五結,,28.3,,2025-09-24T02:10:00+08:00,2025-09-24T02:00:00+08:00,,,,138.0,4.5
96.0,24.488292,118.408778,,1003.3,3.5,0.0,6.5,3.0,6.5,6.5,6.5,3.5,4.0,3.5,C0W140,金沙,,26.5,,2025-09-24T02:10:00+08:00,2025-09-24T02:00:00+08:00,,,,3.0,1.3
96.0,24.23105,120.90475,,895.8,3.5,0.0,15.0,1.0,18.0,18.0,18.0,4.0,9.5,3.5,C0FB10,出雲山苗圃,,19.1,,2025-09-24T02:10:00+08:00,2025-09-24T02:00:00+08:00,,,,164.0,1.3
76.0,25.113169,121.801147,8.4,-99.0,,0.0,29.0,0.0,89.5,90.0,102.0,0.0,0.5,0.0,C2A660,瑞芳,-99.0,28.5,2025-09-24T02:00:00+08:00,2025-09-24T02:10:00+08:00,,-99,-99,陰,140.0,2.4
98.0,24.041897,120.699472,,995.8,2.0,0.0,14.0,0.5,18.0,18.0,18.0,3.0,7.0,2.0,C0FA50,霧峰,,24.4,,2025-09-24T02:10:00+08:00,2025-09-24T02:00:00+08:00,,,,97.0,0.6
,23.53,120.74,,,,0.0,17.0,0.5,21.5,22.0,22.5,1.0,5.0,0.5,81M800,來吉國小,,,,2025-09-24T02:10:00+08:00,,,,,,
,23.800493,120.464851,,,,0.0,23.0,1.0,25.0,25.0,25.0,3.0,7.0,2.0,01J100,西螺(2),,,,2025-09-24T02:10:00+08:00,,,,,,
-99.0,22.693128,120.542622,,998.1,16.5,0.0,25.0,9.5,74.0,90.5,94.5,19.5,20.5,16.5,C0R480,長治,,24.9,,2025-09-24T02:10:00+08:00,2025-09-24T02:00:00+08:00,,,,38.0,1.5
98.0,22.767777,120.444444,3.2,-99.0,,0.0,13.0,8.0,53.5,56.5,58.0,10.5,10.5,9.5,CAP060,國三S385K,-99.0,23.1,2025-09-24T02:00:00+08:00,2025-09-24T02:10:00+08:00,,-99,3-6,陰有雨,330.0,1.3
,23.727778,121.4975,,,,0.5,143.0,2.5,270.0,273.0,359.5,25.0,75.0,12.5,81T860,山興分校,,,,2025-09-24T02:10:00+08:00,,,,,,
,23.309037,120.459288,,,,0.0,10.0,0.0,16.0,16.0,17.0,1.0,1.0,1.0,01O080,六溪,,,,2025-09-24T02:10:00+08:00,,,,,,
97.0,22.622742,120.330669,,1000.1,12.0,0.5,18.0,6.5,50.5,53.5,54.5,12.5,12.5,12.5,C0V710,苓雅,,25.2,,2025-09-24T02:10:00+08:00,2025-09-24T02:00:00+08:00,,,,109.0,1.3
100.0,22.825958,120.415519,3.6,-99.0,,0.0,16.0,9.0,46.5,49.0,49.0,11.5,11.5,11.0,CAV280,國三S378K,-99.0,23.3,2025-09-24T02:00:00+08:00,2025-09-24T02:10:00+08:00,,-99,2,陰有雨,360.0,1.1
89.0,23.995322,121.638331,,1006.3,3.0,0.5,52.5,2.5,133.0,151.0,249.0,4.0,18.5,3.5,C0TA10,花蓮漁港,,25.1,,2025-09-24T02:10:00+08:00,2025-09-24T02:00:00+08:00,,,,278.0,1.5
,22.935472,120.309406,,,,3.5,22.5,13.5,42.5,43.5,43.5,14.5,14.5,14.5,C1N001,沙崙,,,,2025-09-24T02:10:00+08:00,,,,,,
91.0,22.783806,120.246361,,1004.2,1.5,0.5,12.0,1.0,33.0,34.0,34.5,2.0,2.0,2.0,C0V650,彌陀,,24.6,,2025-09-24T02:10:00+08:00,2025-09-24T02:00:00+08:00,,,,36.0,1.3
96.0,22.906642,120.182608,,1003.0,4.0,3.0,13.5,6.5,30.0,30.0,30.0,7.0,7.0,7.0,C0V630,茄萣,,24.5,,2025-09-24T02:10:00+08:00,2025-09-24T02:00:00+08:00,,,,57.0,2.4
,24.809322,121.248473,,,,0.0,3.0,0.0,4.0,5.0,14.5,0.0,3.0,0.0,21C050,石門,,,,2025-09-24T02:10:00+08:00,,,,,,
96.0,24.103556,120.751061,2.4,-99.0,,0.0,13.5,0.0,19.5,19.5,19.5,1.5,7.5,1.0,C2F9A0,中竹林,-99.0,22.7,2025-09-24T02:00:00+08:00,2025-09-24T02:10:00+08:00,,-99,-99,陰,300.0,0.8
96.0,22.887139,120.2445,,1001.1,4.5,1.0,8.5,5.5,27.5,28.0,28.0,5.5,5.5,5.5,C0V640,湖內,,23.9,,2025-09-24T02:10:00+08:00,2025-09-24T02:00:00+08:00,,,,54.0,1.8
,24.383194,121.778556,,,,0.0,6.5,0.0,87.5,93.5,223.5,0.5,1.0,0.5,C1U850,觀音海岸,,,,2025-09-24T02:10:00+08:00,,,,,,
100.0,24.043122,120.932781,4.2,-99.0,,0.0,19.0,0.5,22.0,22.0,22.0,3.5,11.0,3.0,C2H9W0,大坪頂農水,-99.0,21.2,2025-09-24T02:00:00+08:00,2025-09-24T02:10:00+08:00,,-99,-99,陰,110.0,2.2
99.0,23.761192,120.502372,,998.3,3.5,0.0,24.5,2.0,26.5,26.5,26.5,4.5,8.5,3.5,C0K480,莿桐,,24.2,,2025-09-24T02:10:00+08:00,2025-09-24T02:00:00+08:00,,,,49.0,0.5
,22.419298,120.683098,,,,0.0,102.0,9.0,310.0,383.0,536.0,35.0,52.0,29.0,01R030,大漢山,,,,2025-09-24T02:10:00+08:00,,,,,,
100.0,23.68645,120.603417,,992.2,2.0,0.0,18.5,1.5,22.0,22.0,22.5,3.0,6.5,2.0,C0K560,棋山,,23.8,,2025-09-24T02:10:00+08:00,2025-09-24T02:00:00+08:00,,,,126.0,0.3
94.0,25.007606,122.002058,,996.2,0.0,0.0,2.0,0.0,6.0,7.0,11.5,0.0,0.5,0.0,C0A970,三貂角,,26.2,,2025-09-24T02:10:00+08:00,2025-09-24T02:00:00+08:00,,,,146.0,10.8
99.0,22.598922,120.980044,5.9,-99.0,,0.0,68.0,14.5,150.5,178.0,275.0,37.0,46.0,32.5,E2S980,太麻里(1),-99.0,24.7,2025-09-24T02:00:00+08:00,2025-09-24T02:10:00+08:00,,-99,-99,陰,30.0,1.8
71.0,25.166678,121.706994,,1005.3,0.0,0.0,25.0,0.0,93.5,93.5,101.0,0.0,0.5,0.0,C0B040,大武崙,,29.4,,2025-09-24T02:10:00+08:00,2025-09-24T02:00:00+08:00,,,,56.0,3.7
95.0,21.921689,120.735817,,1001.8,10.0,0.0,10.0,6.5,12.5,16.0,83.5,10.0,10.0,10.0,C0R350,貓鼻頭,,26.7,,2025-09-24T02:10:00+08:00,2025-09-24T02:00:00+08:00,,,,121.0,8.4
96.0,24.526972,121.11605,,808.0,1.0,0.0,9.0,1.0,11.0,11.5,12.0,1.5,5.0,1.0,C0D550,雪霸,,15.8,,2025-09-24T02:10:00+08:00,2025-09-24T02:00:00+08:00,,,,0.0,0.0
,23.784838,120.86372,,,,0.0,5.0,0.0,6.0,6.0,6.0,0.5,3.5,0.5,81H970,永興國小,,,,2025-09-24T02:10:00+08:00,,,,,,
,24.680365,121.246763,,,,0.0,2.5,0.0,6.5,7.5,19.0,0.5,1.0,0.0,81D640,錦屏國小,,,,2025-09-24T02:10:00+08:00,,,,,,
,24.425484,120.727759,,,,0.0,20.0,3.0,23.0,23.0,23.0,5.0,15.0,3.0,01E330,大坪頂,,,,2025-09-24T02:10:00+08:00,,,,,,
,23.083884,120.58767,,,,0.0,21.0,1.0,34.0,34.0,34.0,3.0,5.0,2.0,01P660,甲仙(2),,,,2025-09-24T02:10:00+08:00,,,,,,
64.0,25.014278,121.539416,10.8,-99.0,,0.0,5.0,0.0,70.0,75.5,95.5,0.0,0.5,0.0,A0A010,臺灣大學,-99.0,29.8,2025-09-24T02:00:00+08:00,2025-09-24T02:10:00+08:00,,-99,-99,陰,140.0,2.3
99.0,23.884447,120.766406,1.1,-99.0,,0.0,13.5,0.0,17.5,17.5,17.5,4.0,7.5,2.5,C2H950,中寮,-99.0,23.5,2025-09-24T02:00:00+08:00,2025-09-24T02:10:00+08:00,,-99,-99,陰,0.0,0.0
,22.781967,120.426475,,,,0.5,13.5,9.0,52.0,55.0,56.0,11.5,11.5,11.0,C1V830,國三S383K,,,,2025-09-24T02:10:00+08:00,,,,,,
,23.77896,120.896691,,,,0.0,6.0,0.0,12.0,12.0,13.5,0.5,2.5,0.5,81H940,人和國小,,,,2025-09-24T02:10:00+08:00,,,,,,
,23.25163,120.57636,,,,0.0,14.0,0.5,22.0,22.0,22.0,2.0,3.0,1.0,C1M400,菜瓜坪,,,,2025-09-24T02:10:00+08:00,,,,,,
88.0,24.082025,121.608944,,1005.0,15.5,0.0,112.5,9.0,251.5,262.5,372.5,17.5,53.0,15.5,C0TA20,加灣,,25.9,,2025-09-24T02:10:00+08:00,2025-09-24T02:00:00+08:00,,,,218.0,2.7
,25.103294,121.555611,,,,0.0,3.5,0.0,57.0,57.0,90.5,0.0,0.0,0.0,A1AA30,至善國中,,,,2025-09-24T02:10:00+08:00,,,,,,
94.0,24.148933,120.484403,,1001.5,5.0,0.0,24.5,0.5,28.0,28.0,28.0,7.0,15.5,5.0,C0G890,伸港,,25.0,,2025-09-24T02:10:00+08:00,2025-09-24T02:00:00+08:00,,,,73.0,0.7
,23.793361,120.949378,,,,0.0,15.0,0.0,29.0,32.0,37.0,2.5,8.5,2.0,C1I150,青雲,,,,2025-09-24T02:10:00+08:00,,,,,,
96.0,22.974361,121.156697,,985.2,27.0,4.0,250.0,5.0,399.5,411.5,486.5,33.0,79.0,31.0,C0SA40,瑞和,,24.5,,2025-09-24T02:10:00+08:00,2025-09-24T02:00:00+08:00,,,,330.0,0.9
91.0,24.28025,121.02627,,742.2,5.0,0.0,33.5,2.0,40.5,41.0,43.0,6.0,21.0,5.0,C0FA80,小雪山天池,,12.2,,2025-09-24T02:10:00+08:00,2025-09-24T02:00:00+08:00,,,,122.0,2.0
,23.955381,120.416991,,,,0.0,28.0,1.0,28.0,28.0,28.0,5.0,11.0,3.0,01G240,萬興(2),,,,2025-09-24T02:10:00+08:00,,,,,,
100.0,23.8263,120.444175,1.0,-99.0,,0.0,26.0,2.0,27.5,27.5,28.0,5.0,9.5,3.5,C2G980,田頭村,-99.0,24.7,2025-09-24T02:00:00+08:00,2025-09-24T02:10:00+08:00,,-99,-99,陰有雨,0.0,0.0
-99.0,24.030322,120.549461,,-99.0,4.5,0.0,24.0,1.0,28.0,28.0,28.0,6.5,13.5,4.5,C0G910,花壇,,-99.0,,2025-09-24T02:10:00+08:00,2025-09-24T02:00:00+08:00,,,,-99.0,-99.0
100.0,24.368614,121.373189,,736.3,-99.0,,,,,,,,,,C0UA20,多加屯,,12.0,,,2025-09-24T02:00:00+08:00,,,,212.0,1.5
,24.986395,121.545303,,,,0.0,7.0,0.0,79.5,83.5,101.0,0.0,1.0,0.0,A1AB10,埤腹,,,,2025-09-24T02:10:00+08:00,,,,,,
93.0,24.524506,120.820831,3.5,-99.0,,0.0,14.5,2.0,15.5,15.5,15.5,5.0,10.5,2.5,CAE040,國一S132K,-99.0,24.0,2025-09-24T02:00:00+08:00,2025-09-24T02:10:00+08:00,,-99,3-6,陰有雨,330.0,1.1
,22.997838,120.633563,,,,0.0,36.0,1.0,60.0,62.0,62.0,3.0,5.0,3.0,01V040,六龜(4),,,,2025-09-24T02:10:00+08:00,,,,,,
100.0,23.610292,120.436867,5.0,-99.0,,0.0,15.0,1.5,21.5,21.5,21.5,2.5,4.0,2.0,CAL010,國一N250K,-99.0,24.2,2025-09-24T02:00:00+08:00,2025-09-24T02:10:00+08:00,,-99,-99,陰有雨,50.0,2.6
96.0,24.439714,120.653053,,999.8,3.5,0.0,18.5,2.5,21.5,21.5,21.5,5.0,14.5,3.5,C0E830,苑裡,,25.0,,2025-09-24T02:10:00+08:00,2025-09-24T02:00:00+08:00,,,,287.0,0.3
92.0,22.003897,120.746339,13.7,1001.9,,0.5,14.0,8.0,22.0,28.5,128.5,11.0,13.5,10.0,467590,恆春,0.0,26.5,2025-09-24T02:00:00+08:00,2025-09-24T02:10:00+08:00,,0,21-30,陰,140.0,4.5
89.0,24.907222,121.873428,,1007.3,0.0,0.0,24.5,0.0,69.0,71.5,82.0,0.0,1.0,0.0,C0U880,北關,,28.1,,2025-09-24T02:10:00+08:00,2025-09-24T02:00:00+08:00,,,,198.0,2.0
75.0,25.11444,121.6886,14.6,-99.0,,0.0,20.0,0.0,112.0,112.0,131.5,0.0,0.5,0.0,CAB030,國三S004K,-99.0,29.0,2025-09-24T02:00:00+08:00,2025-09-24T02:10:00+08:00,,-99,-99,陰,170.0,4.9
100.0,23.0395,121.175017,,983.7,8.0,2.0,227.5,5.5,380.0,402.0,480.5,29.0,84.5,10.0,C0S890,關山,,23.9,,2025-09-24T02:10:00+08:00,2025-09-24T02:00:00+08:00,,,,128.0,0.9
,24.769203,121.225244,,,,0.0,1.5,0.0,1.5,2.0,12.0,0.0,1.0,0.0,81D760,錦山國小,,,,2025-09-24T02:10:00+08:00,,,,,,
99.0,24.60725,120.826094,,1001.6,2.0,0.0,12.5,2.0,14.5,14.5,14.5,4.0,9.0,2.0,C0E870,高鐵苗栗,,25.1,,2025-09-24T02:10:00+08:00,2025-09-24T02:00:00+08:00,,,,0.0,0.1
,24.991596,121.657883,,,,0.0,30.0,0.0,141.0,147.0,199.0,3.0,4.0,3.0,01A130,石碇(2),,,,2025-09-24T02:10:00+08:00,,,,,,
,24.575833,121.844167,,,,0.0,16.5,0.0,98.0,98.5,214.5,0.0,4.0,0.0,81U910,永樂國小,,,,2025-09-24T02:10:00+08:00,,,,,,
,22.545635,120.569592,,,,0.0,25.0,1.0,78.0,89.0,115.0,14.0,15.0,13.0,01R440,泗林,,,,2025-09-24T02:10:00+08:00,,,,,,
,23.183511,120.484083,,,,0.0,17.0,0.5,26.0,26.0,26.0,1.0,1.5,1.0,C1O921,楠西,,,,2025-09-24T02:10:00+08:00,,,,,,
99.0,23.897647,120.5862,,999.2,2.5,0.0,22.5,0.5,25.5,25.5,25.5,4.5,10.0,2.5,C0G860,社頭,,25.5,,2025-09-24T02:10:00+08:00,2025-09-24T02:00:00+08:00,,,,0.0,0.1
97.0,23.219681,120.497328,3.0,-99.0,,0.0,13.5,0.5,22.0,22.0,22.0,2.0,2.5,2.0,C2O810,曾文,-99.0,23.4,2025-09-24T02:00:00+08:00,2025-09-24T02:10:00+08:00,,-99,-99,陰,350.0,1.1
94.0,24.668836,120.885811,4.5,-99.0,,0.0,6.0,0.5,6.5,6.5,6.5,2.0,4.0,1.0,CAE020,國一S114K,-99.0,24.8,2025-09-24T02:00:00+08:00,2025-09-24T02:10:00+08:00,,-99,-99,陰有雨,100.0,0.6
99.0,23.859914,120.637572,2.6,-99.0,,0.0,22.5,0.5,26.5,26.5,26.5,4.0,10.0,2.5,C2H9T0,名間竹圍,-99.0,22.9,2025-09-24T02:00:00+08:00,2025-09-24T02:10:00+08:00,,-99,-99,陰,100.0,0.9
,24.236389,120.88,,,,0.0,13.0,1.5,15.0,15.0,15.0,3.5,9.0,2.5,81F880,中坑國小,,,,2025-09-24T02:10:00+08:00,,,,,,
,22.770111,120.645222,,,,0.0,84.0,12.0,194.0,213.0,226.5,27.0,34.0,22.5,C1R110,口社,,,,2025-09-24T02:10:00+08:00,,,,,,
,22.763272,120.704442,,,,0.0,119.5,15.5,276.5,305.5,342.0,29.5,44.5,23.0,C1R120,上德文,,,,2025-09-24T02:10:00+08:00,,,,,,
,24.257222,121.259166,,,,0.5,87.5,5.5,150.0,160.5,222.5,11.5,41.0,8.5,81F960,梨山部落,,,,2025-09-24T02:10:00+08:00,,,,,,
99.0,24.870678,120.977211,,989.9,2.5,0.5,7.5,2.0,8.5,9.0,9.0,3.5,4.5,3.0,C0D590,新豐,,25.4,,2025-09-24T02:10:00+08:00,2025-09-24T02:00:00+08:00,,,,214.0,0.6
97.0,24.897503,121.214636,,981.9,0.0,0.0,0.5,0.0,1.0,1.0,1.5,0.0,0.5,0.0,C0C650,平鎮,,25.2,,2025-09-24T02:10:00+08:00,2025-09-24T02:00:00+08:00,,,,216.0,0.9
87.0,24.941803,121.902956,,1005.9,0.0,0.0,24.0,0.0,53.0,57.0,65.5,0.0,0.0,0.0,C0UA80,大溪漁港,,28.5,,2025-09-24T02:10:00+08:00,2025-09-24T02:00:00+08:00,,,,170.0,8.9
99.0,24.033311,121.181808,,844.0,10.0,0.0,54.0,0.5,127.5,133.5,173.5,11.0,35.5,10.0,C0I010,廬山,,17.0,,2025-09-24T02:10:00+08:00,2025-09-24T02:00:00+08:00,,,,0.0,0.2
89.0,22.479997,120.466058,4.8,-99.0,,8.5,58.5,20.5,87.5,93.0,101.0,40.5,40.5,31.0,12Q970,東港工作站,-99.0,24.4,2025-09-24T02:00:00+08:00,2025-09-24T02:10:00+08:00,,-99,-99,陰有雨,80.0,2.0
95.0,23.310694,120.316681,,1001.5,1.5,0.0,14.0,0.5,22.0,22.0,22.0,1.5,1.5,1.5,C0X250,新營,,25.3,,2025-09-24T02:10:00+08:00,2025-09-24T02:00:00+08:00,,,,62.0,0.9
99.0,22.485911,120.502736,,1002.8,34.5,3.0,60.0,18.5,105.0,115.0,127.0,38.0,38.0,37.5,C0R580,南州,,24.9,,2025-09-24T02:10:00+08:00,2025-09-24T02:00:00+08:00,,,,84.0,0.3
,23.590386,120.744799,,,,0.0,19.0,1.0,24.0,24.5,25.5,2.0,6.5,1.0,81M020,豐山,,,,2025-09-24T02:10:00+08:00,,,,,,
98.0,24.347667,120.640403,1.5,-99.0,,0.0,18.5,1.5,23.0,23.0,23.5,4.5,13.5,3.5,C2F930,大甲,-99.0,24.2,2025-09-24T02:00:00+08:00,2025-09-24T02:10:00+08:00,,-99,-99,陰有雨,0.0,0.2
99.0,24.206469,120.902794,4.2,-99.0,,0.0,14.5,0.5,18.0,18.0,18.0,3.5,9.0,3.0,C2FB50,出雲,-99.0,18.8,2025-09-24T02:00:00+08:00,2025-09-24T02:10:00+08:00,,-99,-99,陰,200.0,2.9
92.0,23.344331,121.302853,,986.0,28.0,3.0,186.5,14.5,365.0,379.5,505.5,45.0,86.5,31.0,C0Z170,卓溪,,24.5,,2025-09-24T02:10:00+08:00,2025-09-24T02:00:00+08:00,,,,273.0,4.6
100.0,22.972672,121.303986,,1002.5,0.5,0.0,101.0,0.5,162.5,166.5,203.5,0.5,34.0,0.5,C0S810,東河,,26.4,,2025-09-24T02:10:00+08:00,2025-09-24T02:00:00+08:00,,,,208.0,0.3
98.0,23.730628,120.423903,2.6,-99.0,,0.0,9.0,1.0,9.0,9.0,9.0,1.0,2.0,1.0,A2K630,雲林臺大,-99.0,24.3,2025-09-24T02:00:00+08:00,2025-09-24T02:10:00+08:00,,-99,-99,陰,50.0,1.3
68.0,24.633725,121.793697,,1003.8,0.0,0.0,18.0,0.0,80.5,82.5,161.5,0.0,2.0,0.0,C0U910,冬山,,29.6,,2025-09-24T02:10:00+08:00,2025-09-24T02:00:00+08:00,,,,161.0,10.2
,23.965694,121.492842,,,,3.5,311.5,24.0,436.5,444.5,586.5,54.0,125.0,46.5,C1Z130,銅門,,,,2025-09-24T02:10:00+08:00,,,,,,
,24.298227,120.905896,,,,0.0,15.5,3.0,16.5,16.5,16.5,5.0,11.0,4.0,81E870,白布帆,,,,2025-09-24T02:10:00+08:00,,,,,,
99.0,24.84444,121.0214,4.5,-99.0,,0.0,3.5,0.5,4.0,4.0,4.5,1.5,2.0,1.0,CAD040,國一S088K,-99.0,25.8,2025-09-24T02:00:00+08:00,2025-09-24T02:10:00+08:00,,-99,11-15,陰,130.0,0.9
,25.059693,121.566707,,,,0.0,7.5,0.0,67.5,68.0,93.0,0.0,0.5,0.0,A1A9Y0,民生國中,,,,2025-09-24T02:10:00+08:00,,,,,,
,24.265689,121.001142,,,,0.0,30.5,1.5,35.5,35.5,37.0,5.0,19.5,4.5,C1F891,稍來,,,,2025-09-24T02:10:00+08:00,,,,,,
80.0,25.002719,121.742892,8.1,-99.0,,0.0,59.0,0.5,154.0,158.5,216.5,0.5,1.0,0.5,C2A650,火燒寮,-99.0,26.6,2025-09-24T02:00:00+08:00,2025-09-24T02:10:00+08:00,,-99,-99,陰,70.0,2.2
97.0,24.650688,121.475277,,880.1,0.0,0.0,15.5,0.0,65.5,74.0,293.0,0.0,2.5,0.0,C0UB60,明池,,19.1,,2025-09-24T02:10:00+08:00,2025-09-24T02:00:00+08:00,,,,119.0,1.3
,25.064361,121.383836,,,,0.0,0.0,0.0,12.0,13.0,32.0,0.0,0.0,0.0,C1AI60,國一39K,,,,2025-09-24T02:10:00+08:00,,,,,,
,24.491756,120.927619,,,,0.0,9.5,2.0,11.0,11.0,11.5,3.0,6.0,2.0,C1E701,八卦,,,,2025-09-24T02:10:00+08:00,,,,,,
,25.092496,121.51671,,,,0.0,2.5,0.0,44.0,44.0,68.5,0.0,0.0,0.0,A1A9W0,陽明高中,,,,2025-09-24T02:10:00+08:00,,,,,,
,22.368323,120.663618,,,,0.0,105.0,19.0,259.0,310.0,433.0,42.0,48.0,39.0,01R040,士文,,,,2025-09-24T02:10:00+08:00,,,,,,
70.0,25.2698,121.488597,,1003.3,0.0,0.0,1.5,0.0,30.5,30.5,34.5,0.0,0.0,0.0,C0AJ70,田寮,,29.3,,2025-09-24T02:10:00+08:00,2025-09-24T02:00:00+08:00,,,,68.0,1.8
93.0,23.152831,120.230558,3.6,-99.0,,0.5,10.0,2.5,21.5,21.5,21.5,3.5,3.5,3.0,CAN020,國一S306K,-99.0,23.8,2025-09-24T02:00:00+08:00,2025-09-24T02:10:00+08:00,,-99,3-6,陰有雨,80.0,2.5
95.0,22.761616,120.233925,,1003.3,2.5,0.5,12.5,1.5,38.5,41.0,41.5,3.0,3.0,3.0,C0V860,南寮,,24.9,,2025-09-24T02:10:00+08:00,2025-09-24T02:00:00+08:00,,,,68.0,1.5
92.0,23.219333,119.444892,,998.7,2.0,0.0,2.5,2.0,11.0,11.0,11.0,2.0,2.0,2.0,C0W180,七美,,25.5,,2025-09-24T02:10:00+08:00,2025-09-24T02:00:00+08:00,,,,88.0,8.8
95.0,22.752211,121.154586,8.2,1006.6,,9.0,87.5,18.5,209.5,270.0,337.0,49.5,57.5,32.0,467660,臺東,0.0,26.4,2025-09-24T02:00:00+08:00,2025-09-24T02:10:00+08:00,,0,3-6,陰有雨,140.0,2.7
,23.424513,120.641716,,,,0.0,15.0,1.0,20.0,20.0,20.0,2.0,3.0,2.0,01L360,小公田(2),,,,2025-09-24T02:10:00+08:00,,,,,,
100.0,21.975177,120.843919,,1003.7,16.0,0.5,18.5,7.0,20.5,24.5,67.0,17.5,18.5,16.5,C0R870,興海,,26.8,,2025-09-24T02:10:00+08:00,2025-09-24T02:00:00+08:00,,,,141.0,8.6
97.0,24.183494,120.48713,,1002.5,5.5,0.0,24.5,0.5,27.5,27.5,27.5,7.5,16.0,5.5,C0G950,防潮門,,25.3,,2025-09-24T02:10:00+08:00,2025-09-24T02:00:00+08:00,,,,93.0,0.5
,24.292326,120.910107,,,,0.0,14.0,2.0,15.0,15.0,15.0,4.0,9.0,4.0,O1F390,雙崎(2),,,,2025-09-24T02:10:00+08:00,,,,,,
,22.811862,120.398164,,,,0.0,11.0,7.0,41.0,44.0,44.0,9.0,9.0,8.0,01P390,金山,,,,2025-09-24T02:10:00+08:00,,,,,,
100.0,23.8119,121.441458,,988.2,27.0,7.0,198.5,12.0,416.0,426.0,499.0,56.5,107.0,34.0,C0T900,西林,,23.9,,2025-09-24T02:10:00+08:00,2025-09-24T02:00:00+08:00,,,,215.0,0.5
94.0,24.798681,120.986942,,997.3,2.0,0.0,5.0,1.0,5.5,5.5,6.0,2.5,3.0,2.0,C0D660,新竹市東區,,24.2,,2025-09-24T02:10:00+08:00,2025-09-24T02:00:00+08:00,,,,181.0,1.9
99.0,22.813889,121.071278,8.4,-99.0,,12.0,143.0,36.0,345.5,406.0,467.0,78.5,87.5,52.5,72S590,賓朗果園,-99.0,22.9,2025-09-24T02:00:00+08:00,2025-09-24T02:10:00+08:00,,-99,-99,陰有雨,10.0,1.9
97.0,22.071122,120.764111,,994.5,26.5,0.0,30.5,13.0,41.5,51.0,181.0,29.0,30.0,26.5,C0R770,保力,,25.5,,2025-09-24T02:10:00+08:00,2025-09-24T02:00:00+08:00,,,,106.0,3.4
,24.236166,121.708898,,,,0.5,44.0,1.5,163.5,182.5,397.0,5.0,7.0,1.5,81T1B0,和仁車站,,,,2025-09-24T02:10:00+08:00,,,,,,
,23.925069,120.637797,,,,0.0,20.0,0.5,25.5,25.5,25.5,4.0,10.0,2.5,C1H971,六分寮,,,,2025-09-24T02:10:00+08:00,,,,,,
87.0,23.400069,119.322761,,1001.1,0.0,0.0,0.5,0.0,5.0,5.0,5.0,0.0,0.0,0.0,C0W130,花嶼,,26.7,,2025-09-24T02:10:00+08:00,2025-09-24T02:00:00+08:00,,,,64.0,4.4
,23.374926,120.562406,,,,0.0,5.5,0.0,6.0,6.0,6.0,0.0,0.0,0.0,81M820,澐水溫泉,,,,2025-09-24T02:10:00+08:00,,,,,,
95.0,24.041289,120.437669,,1002.2,3.5,0.5,30.5,1.0,31.0,31.0,31.0,7.0,15.5,4.0,C0G770,福興,,25.5,,2025-09-24T02:10:00+08:00,2025-09-24T02:00:00+08:00,,,,21.0,0.5
94.0,23.602469,120.707731,3.0,-99.0,,0.0,19.5,0.5,25.0,25.5,26.5,2.0,6.0,1.0,C2K610,草嶺石壁,-99.0,19.8,2025-09-24T02:00:00+08:00,2025-09-24T02:10:00+08:00,,-99,-99,陰,360.0,1.7
,23.820778,120.642594,,,,0.0,19.5,0.0,23.5,24.0,24.0,3.0,7.5,1.5,C1I280,埔中,,,,2025-09-24T02:10:00+08:00,,,,,,
,23.926186,120.63801,,,,0.0,19.0,0.0,25.0,25.0,25.0,4.0,10.0,2.0,01H590,六分寮,,,,2025-09-24T02:10:00+08:00,,,,,,
95.0,23.222403,120.806089,,925.3,13.0,1.0,67.5,7.0,133.0,140.5,173.5,17.0,21.0,14.0,C0V210,復興,,22.3,,2025-09-24T02:10:00+08:00,2025-09-24T02:00:00+08:00,,,,185.0,0.5
86.0,24.129842,120.858925,6.9,-99.0,,0.0,16.5,0.5,20.5,20.5,20.5,2.5,9.0,2.5,C2FB60,頭櫃山,-99.0,20.8,2025-09-24T02:00:00+08:00,2025-09-24T02:10:00+08:00,,-99,-99,陰,30.0,3.5
100.0,23.953536,120.833183,3.2,-99.0,,0.0,12.0,0.0,15.5,16.0,16.0,2.0,6.0,1.5,C2H9S0,龍南,-99.0,19.6,2025-09-24T02:00:00+08:00,2025-09-24T02:10:00+08:00,,-99,-99,陰,100.0,0.4
,25.087591,121.613109,,,,0.0,11.5,0.0,65.0,65.5,96.0,0.0,0.5,0.0,A1AD30,安泰里,,,,2025-09-24T02:10:00+08:00,,,,,,
98.0,23.689722,120.851117,1.8,-99.0,,0.0,13.0,0.5,17.0,17.0,18.0,2.5,5.5,1.0,U2HA40,臺大內茅埔,-99.0,21.7,2025-09-24T02:00:00+08:00,2025-09-24T02:10:00+08:00,,-99,-99,陰有雨,0.0,0.0
99.0,24.237116,120.688271,3.4,-99.0,,0.5,17.5,1.0,21.5,21.5,22.0,3.5,11.5,2.0,CAF030,國一S169K,-99.0,23.8,2025-09-24T02:00:00+08:00,2025-09-24T02:10:00+08:00,,-99,-99,陰,30.0,1.2
95.0,23.41613,120.162872,5.1,-99.0,,0.0,11.0,2.0,16.0,16.0,16.0,3.0,3.5,3.0,CAL100,西濱S267K,-99.0,25.5,2025-09-24T02:00:00+08:00,2025-09-24T02:10:00+08:00,,-99,11-15,陰有雨,70.0,2.6
99.0,24.5958,120.7394,2.5,-99.0,,0.5,18.5,2.5,20.0,20.0,20.0,6.0,15.0,3.0,CAE100,西濱N107K,-99.0,25.0,2025-09-24T02:00:00+08:00,2025-09-24T02:10:00+08:00,,-99,2.7,陰有雨,210.0,1.0
,24.489017,120.968036,,,,0.0,6.5,1.0,8.0,8.0,8.0,2.5,3.5,1.5,C1E721,泰安,,,,2025-09-24T02:10:00+08:00,,,,,,
,25.048418,121.773797,,,,0.0,57.0,0.0,158.0,161.0,183.0,0.0,2.0,0.0,NUP460,平溪旅遊,,,,2025-09-24T02:10:00+08:00,,,,,,
97.0,22.797078,120.294958,,1002.4,5.0,0.5,14.0,5.0,35.0,36.5,37.0,5.5,5.5,5.5,C0V660,岡山,,25.2,,2025-09-24T02:10:00+08:00,2025-09-24T02:00:00+08:00,,,,42.0,1.7
95.0,22.779194,120.494589,,996.7,16.0,0.0,23.0,10.0,66.0,70.5,71.5,17.5,17.5,16.0,C0R590,里港,,24.3,,2025-09-24T02:10:00+08:00,2025-09-24T02:00:00+08:00,,,,18.0,1.7
97.0,23.59555,120.693461,4.0,-99.0,,0.0,17.0,0.5,21.5,22.0,22.5,1.5,5.5,1.0,C2K240,草嶺,-99.0,19.5,2025-09-24T02:00:00+08:00,2025-09-24T02:10:00+08:00,,-99,-99,陰,90.0,2.4
,23.443356,121.327375,,,,0.5,278.5,22.5,485.0,510.0,647.5,54.5,81.0,25.5,C1Z040,立山,,,,2025-09-24T02:10:00+08:00,,,,,,
,24.178889,120.978333,,,,0.0,15.0,3.0,17.0,17.0,17.0,5.5,11.5,5.5,88F920,松鶴,,,,2025-09-24T02:10:00+08:00,,,,,,
-99.0,23.103439,120.086694,-99.0,-99.0,,,,,,,,,,-99.0,CAN120,西濱N304K,-99.0,-99.0,2025-09-24T02:00:00+08:00,,,-99,-99,陰,-99.0,-99.0
,24.87561,121.451992,,,,0.0,22.0,0.0,68.0,73.0,130.0,0.0,2.0,0.0,01AG10,熊空山,,,,2025-09-24T02:10:00+08:00,,,,,,
68.0,25.112694,121.239825,,1002.0,0.0,0.0,0.5,0.0,3.5,3.5,18.0,0.0,0.0,0.0,C0C720,竹圍,,29.8,,2025-09-24T02:10:00+08:00,2025-09-24T02:00:00+08:00,,,,107.0,6.2
90.0,24.449347,121.810219,,1007.7,0.0,0.0,1.5,0.0,81.0,90.5,197.0,0.0,0.0,0.0,C0U770,南澳,,26.6,,2025-09-24T02:10:00+08:00,2025-09-24T02:00:00+08:00,,,,163.0,4.7
100.0,23.504106,120.490742,2.1,-99.0,,0.0,11.0,0.5,17.0,17.0,17.0,1.5,2.0,1.0,CAM900,國三S290K,-99.0,23.5,2025-09-24T02:00:00+08:00,2025-09-24T02:10:00+08:00,,-99,7-10,陰,180.0,0.5
88.0,22.081197,121.503117,,982.2,0.5,0.0,6.0,0.0,12.0,13.0,98.5,1.5,3.0,0.5,C0S910,蘭嶼燈塔,,27.1,,2025-09-24T02:10:00+08:00,2025-09-24T02:00:00+08:00,,,,102.0,4.9
79.0,25.074453,121.427281,,984.7,0.0,0.0,0.0,0.0,15.5,16.0,30.5,0.0,0.0,0.0,C0AI00,五股,,28.3,,2025-09-24T02:10:00+08:00,2025-09-24T02:00:00+08:00,,,,95.0,2.7
93.0,24.322458,120.936819,6.5,-99.0,,0.0,18.5,1.5,19.5,19.5,19.5,3.0,13.5,2.5,C2F990,摩天嶺,-99.0,20.2,2025-09-24T02:00:00+08:00,2025-09-24T02:10:00+08:00,,-99,-99,陰,70.0,3.6
80.0,25.072181,121.380839,,973.5,-99.0,0.0,0.0,0.0,9.5,9.5,25.0,0.0,0.0,0.0,C0AH50,林口,,28.8,,2025-09-24T02:10:00+08:00,2025-09-24T02:00:00+08:00,,,,123.0,4.7
,22.434551,120.638399,,,,0.0,69.0,11.0,236.0,296.0,389.0,25.0,27.0,24.0,01Q360,南和,,,,2025-09-24T02:10:00+08:00,,,,,,
97.0,23.721453,120.378864,3.6,-99.0,,0.0,22.0,2.0,26.5,26.5,26.5,5.0,7.0,3.0,C2K620,馬光農場,-99.0,24.1,2025-09-24T02:00:00+08:00,2025-09-24T02:10:00+08:00,,-99,-99,陰,40.0,1.6
100.0,23.763919,120.788061,0.8,-99.0,,0.5,12.5,0.5,15.5,15.5,15.5,3.0,7.0,1.0,C2H9U0,鳳鵬,-99.0,22.5,2025-09-24T02:00:00+08:00,2025-09-24T02:10:00+08:00,,-99,-99,陰,0.0,0.1
95.0,23.241856,120.641658,,927.7,1.5,0.0,13.0,1.0,17.5,17.5,17.5,2.5,3.5,1.5,C0M850,表湖,,20.3,,2025-09-24T02:10:00+08:00,2025-09-24T02:00:00+08:00,,,,75.0,1.1
,25.063288,121.633793,,,,0.0,16.0,0.0,93.0,94.0,131.0,0.0,1.0,0.0,01AG00,社后橋,,,,2025-09-24T02:10:00+08:00,,,,,,
90.0,24.440218,120.681656,3.2,-99.0,,0.0,18.5,2.5,21.5,21.5,21.5,5.0,15.0,3.5,CAE070,國三N151K,-99.0,24.1,2025-09-24T02:00:00+08:00,2025-09-24T02:10:00+08:00,,-99,-99,陰有雨,270.0,0.4
93.0,23.366342,120.362306,,1001.3,1.0,0.0,10.5,0.5,16.0,16.0,16.0,1.0,1.0,1.0,C0X260,後壁,,24.8,,2025-09-24T02:10:00+08:00,2025-09-24T02:00:00+08:00,,,,65.0,1.4
98.0,22.684645,120.432803,,999.6,7.5,0.5,19.0,6.0,45.5,53.0,53.5,8.0,8.5,8.0,C0V910,大樹,,23.9,,2025-09-24T02:10:00+08:00,2025-09-24T02:00:00+08:00,,,,55.0,1.7
-99.0,24.109231,121.326456,,-99.0,-99.0,,,,,,,,,,C0I540,奇萊稜線A,,-99.0,,,2025-09-24T02:00:00+08:00,,,,-99.0,-99.0
100.0,23.676986,120.163433,2.3,-99.0,,0.0,19.5,0.5,26.0,26.0,26.0,1.5,2.0,1.5,E2K600,四湖植物園,-99.0,24.8,2025-09-24T02:00:00+08:00,2025-09-24T02:10:00+08:00,,-99,-99,陰有雨,70.0,0.7
99.0,24.49773,121.568625,,798.1,-99.0,,,,,,,,,,C0UB80,翠峰林道6K,,15.3,,,2025-09-24T02:00:00+08:00,,,,321.0,2.8
100.0,23.86008,120.6375,2.6,-99.0,,0.0,21.5,0.0,26.0,26.0,26.0,4.0,9.0,2.5,CAH030,茶改場竹圍站,-99.0,22.9,2025-09-24T02:00:00+08:00,2025-09-24T02:10:00+08:00,,-99,-99,陰,100.0,0.9
,24.829997,121.748477,,,,0.0,7.0,0.0,87.0,93.0,147.0,0.0,0.0,0.0,01U460,五峰,,,,2025-09-24T02:10:00+08:00,,,,,,
77.0,24.996414,121.651931,16.3,-99.0,,0.0,42.0,0.5,173.5,182.5,255.5,2.5,3.0,2.5,CAAD60,國五S005K,-99.0,28.3,2025-09-24T02:00:00+08:00,2025-09-24T02:10:00+08:00,,-99,7-10,陰,160.0,5.7
,23.631944,121.397778,,,,6.0,155.0,12.0,303.5,345.5,440.5,22.5,79.5,15.0,88T920,大興,,,,2025-09-24T02:10:00+08:00,,,,,,
100.0,22.917711,121.122994,,966.0,53.0,1.5,217.5,31.0,401.0,413.0,470.5,76.5,110.0,54.5,C0S710,鹿野,,24.0,,2025-09-24T02:10:00+08:00,2025-09-24T02:00:00+08:00,,,,81.0,1.3
99.0,23.411322,120.308333,,1002.0,0.5,0.0,11.0,0.5,17.5,17.5,17.5,1.0,1.5,0.5,C0M780,鹿草,,25.1,,2025-09-24T02:10:00+08:00,2025-09-24T02:00:00+08:00,,,,58.0,1.1
98.0,24.037803,120.855072,,971.3,1.5,0.0,14.0,0.0,19.0,19.0,19.0,2.0,7.5,1.5,C0I420,國姓,,23.4,,2025-09-24T02:10:00+08:00,2025-09-24T02:00:00+08:00,,,,133.0,0.3
70.0,25.109508,121.469681,,1004.9,0.0,0.0,1.5,0.0,41.5,41.5,62.5,0.0,0.0,0.0,C0A980,社子,,30.1,,2025-09-24T02:10:00+08:00,2025-09-24T02:00:00+08:00,,,,137.0,2.2
,23.493119,121.338806,,,,0.0,186.5,20.5,356.0,396.0,580.5,51.5,88.0,25.5,C1Z030,紅葉,,,,2025-09-24T02:10:00+08:00,,,,,,
,23.952956,121.178556,,,,1.0,108.0,5.5,206.5,212.5,265.5,39.0,75.5,35.5,C1I320,奧萬大,,,,2025-09-24T02:10:00+08:00,,,,,,
96.0,24.917736,120.968711,,1002.8,1.5,0.0,4.5,0.5,5.0,5.0,5.0,1.5,2.5,1.5,C0D690,外湖,,27.4,,2025-09-24T02:10:00+08:00,2025-09-24T02:00:00+08:00,,,,279.0,6.7
,22.383056,120.910278,,,,0.0,9.5,0.0,63.0,95.0,184.0,9.0,9.5,0.5,88S950,大鳥,,,,2025-09-24T02:10:00+08:00,,,,,,
95.0,22.024403,120.839892,,998.8,18.5,0.0,24.0,7.5,31.0,34.5,119.0,21.5,24.0,18.5,C0R780,滿州,,25.7,,2025-09-24T02:10:00+08:00,2025-09-24T02:00:00+08:00,,,,104.0,5.6
95.0,23.230347,120.182167,,1002.0,2.5,0.5,9.5,2.0,19.5,19.5,19.5,3.0,3.0,3.0,C0X220,學甲,,25.0,,2025-09-24T02:10:00+08:00,2025-09-24T02:00:00+08:00,,,,0.0,0.0
,23.769503,121.498653,,,,0.0,155.0,5.5,299.5,313.0,376.5,57.0,92.0,28.5,C1T920,中興,,,,2025-09-24T02:10:00+08:00,,,,,,
96.0,23.047062,121.343223,,1005.1,5.0,0.0,83.5,4.0,171.5,177.0,226.5,5.0,43.0,5.0,C0SB50,叭嗡嗡,,25.6,,2025-09-24T02:10:00+08:00,2025-09-24T02:00:00+08:00,,,,249.0,1.0
,24.981089,121.749275,,,,0.0,120.0,0.0,154.0,154.0,207.0,0.0,1.0,0.0,01A200,火燒寮,,,,2025-09-24T02:10:00+08:00,,,,,,
,22.175595,120.836703,,,,0.0,48.0,23.0,69.0,87.0,168.0,47.0,47.0,29.0,01Q860,牡丹,,,,2025-09-24T02:10:00+08:00,,,,,,
,24.191961,121.224339,,,,0.5,71.0,2.5,117.5,123.0,180.5,9.0,27.0,8.5,C1I430,翠華,,,,2025-09-24T02:10:00+08:00,,,,,,
98.0,23.922303,120.320025,2.7,-99.0,,0.5,25.5,2.0,27.0,27.0,27.0,4.0,7.5,3.0,C2G870,芳苑,-99.0,24.9,2025-09-24T02:00:00+08:00,2025-09-24T02:10:00+08:00,,-99,-99,陰有雨,90.0,0.6
100.0,24.6905,121.017189,,993.5,0.5,0.0,3.0,0.0,3.0,3.0,3.0,1.0,1.5,0.5,C0D430,峨眉,,24.3,,2025-09-24T02:10:00+08:00,2025-09-24T02:00:00+08:00,,,,0.0,0.0
96.0,23.183289,120.248611,,1002.0,3.0,0.5,10.5,2.5,21.0,21.0,21.0,3.5,3.5,3.5,C0X120,麻豆,,25.7,,2025-09-24T02:10:00+08:00,2025-09-24T02:00:00+08:00,,,,74.0,1.0
,23.967378,120.802189,,,,0.0,12.0,0.5,16.0,16.0,16.5,2.5,5.5,1.5,C1H941,雙冬,,,,2025-09-24T02:10:00+08:00,,,,,,
100.0,23.208717,121.262342,,983.7,39.0,2.5,240.0,21.0,439.0,465.5,568.0,62.5,124.0,41.5,C0Z020,明里,,23.7,,2025-09-24T02:10:00+08:00,2025-09-24T02:00:00+08:00,,,,148.0,2.0
96.0,23.514319,120.229736,,1003.6,1.0,0.0,14.0,0.5,20.5,20.5,20.5,1.0,2.0,1.0,C0K550,蔦松,,25.1,,2025-09-24T02:10:00+08:00,2025-09-24T02:00:00+08:00,,,,31.0,0.9
,22.876332,120.327203,,,,0.0,5.0,3.0,25.0,26.0,26.0,4.0,4.0,4.0,01P500,阿蓮(2),,,,2025-09-24T02:10:00+08:00,,,,,,
73.0,25.144756,121.791672,,1005.5,0.0,0.0,20.0,0.0,60.0,60.5,66.5,0.0,0.0,0.0,C0B050,八斗子,,29.7,,2025-09-24T02:10:00+08:00,2025-09-24T02:00:00+08:00,,,,131.0,10.3
,24.631479,121.117585,,,,0.0,0.5,0.0,0.5,0.5,0.5,0.0,0.0,0.0,81D600,五峰國小,,,,2025-09-24T02:10:00+08:00,,,,,,
95.0,23.843536,120.293236,6.7,-99.0,,0.0,24.5,1.5,27.0,27.0,27.0,4.5,6.5,3.5,CAG090,西濱N210K,-99.0,24.9,2025-09-24T02:00:00+08:00,2025-09-24T02:10:00+08:00,,-99,11-15,陰有雨,80.0,3.0
99.0,23.345667,121.213164,,919.4,32.5,5.5,223.0,22.0,447.0,481.5,614.0,51.5,92.0,38.0,C0Z050,佳心,,20.8,,2025-09-24T02:10:00+08:00,2025-09-24T02:00:00+08:00,,,,160.0,0.4
85.0,25.165914,121.632969,,966.4,0.0,0.0,10.5,0.0,73.5,73.5,88.0,0.0,0.0,0.0,C0A860,大坪,,26.1,,2025-09-24T02:10:00+08:00,2025-09-24T02:00:00+08:00,,,,206.0,2.5
,24.528034,120.913109,,,,0.0,10.0,2.0,12.0,12.0,12.0,6.0,6.0,2.0,01E370,和興,,,,2025-09-24T02:10:00+08:00,,,,,,
,23.406728,120.654417,,,,0.0,13.5,1.0,18.0,18.5,18.5,2.0,2.0,2.0,C1M390,龍美,,,,2025-09-24T02:10:00+08:00,,,,,,
100.0,22.168389,120.841225,,946.9,29.5,0.0,50.5,23.5,64.0,76.0,117.0,47.5,49.0,29.5,C0R840,牡丹池山,,23.0,,2025-09-24T02:10:00+08:00,2025-09-24T02:00:00+08:00,,,,121.0,2.5
99.0,24.310436,120.729725,,976.0,3.5,0.0,18.5,2.0,22.5,22.5,23.0,5.0,13.0,3.5,C0F9L0,后里,,24.1,,2025-09-24T02:10:00+08:00,2025-09-24T02:00:00+08:00,,,,88.0,0.4
,22.892785,120.404543,,,,0.0,10.0,4.0,39.0,41.0,41.0,6.0,6.0,6.0,01P280,古亭坑,,,,2025-09-24T02:10:00+08:00,,,,,,
-99.0,23.300997,120.110375,,-99.0,-99.0,,,,,,,,,,C0N050,蚵寮,,-99.0,,,2025-09-24T02:00:00+08:00,,,,-99.0,-99.0
,23.475173,120.620189,,,,0.0,11.0,0.0,16.0,16.0,16.0,1.0,2.0,1.0,01L390,大湖山,,,,2025-09-24T02:10:00+08:00,,,,,,
,22.513226,120.511111,,,,0.0,64.0,8.0,116.0,123.0,135.0,20.0,20.0,19.0,O1R630,崁頂,,,,2025-09-24T02:10:00+08:00,,,,,,
,24.838333,121.526111,,,,0.0,34.0,0.0,97.0,103.5,227.5,0.5,6.5,0.0,81AH90,信賢派出所,,,,2025-09-24T02:10:00+08:00,,,,,,
82.0,23.48718,120.95943,19.8,-99.0,,1.0,99.5,9.5,177.0,186.5,230.5,20.5,40.5,15.0,467550,玉山,0.0,6.3,2025-09-24T02:00:00+08:00,2025-09-24T02:10:00+08:00,,0,-99,陰有雨,110.0,9.1
-99.0,25.129036,121.923372,,-99.0,0.0,0.0,12.0,0.0,25.5,25.5,36.0,0.0,0.5,0.0,C0A950,鼻頭角,,-99.0,,2025-09-24T02:10:00+08:00,2025-09-24T02:00:00+08:00,,,,-99.0,-99.0
,23.779975,120.871686,,,,0.0,8.0,0.0,12.0,12.0,13.0,1.0,4.0,0.0,O1H540,龍神橋,,,,2025-09-24T02:10:00+08:00,,,,,,
,23.577934,120.301903,,,,0.0,19.0,1.0,26.0,26.0,26.0,2.0,2.0,1.0,O1J810,北港(2),,,,2025-09-24T02:10:00+08:00,,,,,,
,24.393125,121.347214,,,,0.5,70.5,8.5,130.0,137.5,212.5,16.0,37.0,11.5,C1U920,思源,,,,2025-09-24T02:10:00+08:00,,,,,,
97.0,23.076694,120.144861,2.2,-99.0,,1.5,6.0,3.0,16.0,16.5,16.5,3.5,3.5,2.0,C2O950,安南,-99.0,24.7,2025-09-24T02:00:00+08:00,2025-09-24T02:10:00+08:00,,-99,-99,陰有雨,80.0,0.3
92.0,24.193628,120.570311,5.3,-99.0,,0.0,20.0,1.0,24.5,24.5,24.5,6.0,13.5,5.0,CAF980,國三N183K,-99.0,23.8,2025-09-24T02:00:00+08:00,2025-09-24T02:10:00+08:00,,-99,7-10,陰有雨,110.0,0.4
,23.122139,121.262389,,,,0.0,179.5,6.0,344.0,378.5,494.0,18.5,77.5,11.0,C1S850,豐南,,,,2025-09-24T02:10:00+08:00,,,,,,
95.0,22.82315,120.236856,,1002.4,2.0,0.5,11.0,1.5,28.5,29.0,29.0,2.5,2.5,2.5,C0V620,永安,,24.2,,2025-09-24T02:10:00+08:00,2025-09-24T02:00:00+08:00,,,,29.0,1.3
98.0,23.649797,120.315011,,1002.4,2.5,0.0,19.0,1.0,25.5,25.5,25.5,4.5,5.0,2.5,C0K500,元長,,24.5,,2025-09-24T02:10:00+08:00,2025-09-24T02:00:00+08:00,,,,30.0,1.2
92.0,24.892936,121.324975,,989.1,0.0,0.0,0.0,0.0,4.0,5.5,8.0,0.0,0.0,0.0,C0C710,大溪永福,,25.5,,2025-09-24T02:10:00+08:00,2025-09-24T02:00:00+08:00,,,,0.0,0.1
81.0,24.668122,121.653017,,994.4,0.5,0.0,18.5,0.5,105.0,112.0,300.0,0.5,2.5,0.5,C0U890,三星,,26.3,,2025-09-24T02:10:00+08:00,2025-09-24T02:00:00+08:00,,,,88.0,4.5
95.0,23.102614,120.227839,,1003.2,3.5,0.0,8.5,2.5,23.0,23.5,23.5,3.5,3.5,3.5,C0X150,安定,,25.3,,2025-09-24T02:10:00+08:00,2025-09-24T02:00:00+08:00,,,,0.0,0.0
,22.87794,121.226881,,,,0.0,118.0,1.0,226.5,232.5,274.0,15.0,51.0,7.5,C1SA70,都蘭,,,,2025-09-24T02:10:00+08:00,,,,,,
99.0,23.9996,120.938739,2.7,-99.0,,0.0,15.0,0.5,17.0,17.0,17.0,2.0,10.0,2.0,C2H9J0,中台,-99.0,21.9,2025-09-24T02:00:00+08:00,2025-09-24T02:10:00+08:00,,-99,-99,陰,160.0,0.9
,23.644646,120.657625,,,,0.0,17.0,1.0,22.0,22.0,22.0,3.0,6.0,2.0,01H110,桶頭(2),,,,2025-09-24T02:10:00+08:00,,,,,,
,23.595278,120.596944,,,,0.0,6.5,0.0,10.0,10.0,10.0,0.0,0.5,0.0,88K590,華山,,,,2025-09-24T02:10:00+08:00,,,,,,
95.0,23.58565,120.408111,3.9,-99.0,,0.0,13.0,1.0,19.5,19.5,19.5,2.0,3.5,1.5,G2M350,溪口農場,-99.0,24.9,2025-09-24T02:00:00+08:00,2025-09-24T02:10:00+08:00,,-99,-99,陰,50.0,1.0
71.0,24.973208,121.445169,,999.8,-99.0,0.0,1.0,0.0,29.0,32.5,47.0,0.0,0.5,0.0,C0AD40,土城,,29.4,,2025-09-24T02:10:00+08:00,2025-09-24T02:00:00+08:00,,,,103.0,2.5
,24.356087,120.729316,,,,0.5,18.5,2.5,22.0,22.0,22.0,5.0,14.0,3.0,81E880,火炎山,,,,2025-09-24T02:10:00+08:00,,,,,,
99.0,24.950944,121.030583,4.1,-99.0,,0.0,2.5,0.0,2.5,3.0,3.0,1.0,1.5,0.5,72C440,桃園農改,-99.0,26.9,2025-09-24T02:00:00+08:00,2025-09-24T02:10:00+08:00,,-99,-99,陰,270.0,1.3
,25.133486,121.469331,,,,0.0,1.0,0.0,26.5,26.5,50.0,0.0,0.0,0.0,C1AC50,關渡,,,,2025-09-24T02:10:00+08:00,,,,,,
100.0,23.338017,120.683331,,941.7,2.0,0.0,20.0,2.0,27.5,27.5,27.5,2.5,3.0,2.0,C0M860,新美,,21.5,,2025-09-24T02:10:00+08:00,2025-09-24T02:00:00+08:00,,,,0.0,0.0
,24.368617,120.940228,,,,0.0,15.5,2.5,16.0,16.0,16.0,4.5,11.5,4.0,C1E451,象鼻,,,,2025-09-24T02:10:00+08:00,,,,,,
91.0,23.5626,119.468436,,998.1,0.5,0.5,1.5,1.0,8.0,8.0,8.0,1.0,1.0,1.0,C0W120,西嶼,,26.4,,2025-09-24T02:10:00+08:00,2025-09-24T02:00:00+08:00,,,,92.0,2.5
