humidity,lat,lon,peak_gust_speed,pressure,rain,rain_10min,rain_12hr,rain_1hr,rain_24hr,rain_2d,rain_3d,rain_3hr,rain_6hr,rain_now,stationId,stationName,sunshine_duration,temperature,timestamp_now,timestamp_rain,timestamp_weather,uv_index,visibility,weather,wind_dir,wind_speed
95.0,24.836391,121.199371,3.4,-99.0,,0.0,0.0,0.0,0.0,0.0,19.5,0.0,0.0,0.0,CAC770,國三N072K,-99.0,25.2,2025-07-31T02:00:00+08:00,2025-07-31T02:10:00+08:00,,-99,7-10,陰,190.0,1.7
84.0,24.549447,120.696803,,995.1,0.5,0.0,0.5,0.0,2.0,2.0,8.5,0.5,0.5,0.5,C0E570,白沙屯,,27.0,,2025-07-31T02:10:00+08:00,2025-07-31T02:00:00+08:00,,,,182.0,3.6
95.0,24.1081,120.434576,10.7,-99.0,,0.5,13.5,12.0,21.0,44.0,47.0,13.5,13.5,13.0,CAG070,西濱S173K,-99.0,24.7,2025-07-31T02:00:00+08:00,2025-07-31T02:10:00+08:00,,-99,2.1,陰有雨,110.0,5.0
,23.972934,121.605986,,,,0.0,1.0,1.0,1.0,1.0,7.0,1.0,1.0,1.0,O1T840,花蓮,,,,2025-07-31T02:10:00+08:00,,,,,,
98.0,22.971003,120.539853,7.7,-99.0,,10.0,53.0,12.5,124.0,127.5,315.5,18.0,21.5,3.0,C2V260,月眉,-99.0,26.7,2025-07-31T02:00:00+08:00,2025-07-31T02:10:00+08:00,,-99,-99,陰有雨,230.0,2.0
87.0,24.576533,121.495333,,954.4,0.0,0.0,0.0,0.0,0.0,0.0,0.0,0.0,0.0,0.0,C0UA00,土場,,25.1,,2025-07-31T02:10:00+08:00,2025-07-31T02:00:00+08:00,,,,181.0,0.4
,24.056661,120.911322,,,,1.5,110.0,4.5,210.0,210.0,363.5,32.5,69.5,20.0,81H960,北港國小,,,,2025-07-31T02:10:00+08:00,,,,,,
,22.876332,120.327203,,,,0.0,3.0,3.0,8.0,8.0,106.0,3.0,3.0,3.0,01P500,阿蓮(2),,,,2025-07-31T02:10:00+08:00,,,,,,
,22.87794,121.226881,,,,0.0,14.0,5.0,38.0,42.0,44.0,7.5,9.0,7.5,C1SA70,都蘭,,,,2025-07-31T02:10:00+08:00,,,,,,
95.0,24.312558,120.824361,,957.2,1.5,0.0,21.5,1.0,73.0,73.0,131.0,5.5,21.5,1.5,C0E791,卓蘭,,24.6,,2025-07-31T02:10:00+08:00,2025-07-31T02:00:00+08:00,,,,166.0,2.2
88.0,23.226933,120.256242,,997.3,1.5,0.0,1.5,0.5,6.5,12.0,27.0,1.5,1.5,1.5,C0X060,下營,,28.6,,2025-07-31T02:10:00+08:00,2025-07-31T02:00:00+08:00,,,,237.0,5.2
91.0,23.106694,120.327528,13.0,-99.0,,0.0,7.5,2.0,26.5,27.0,51.0,5.0,5.0,4.5,CAN090,國三S342K,-99.0,28.0,2025-07-31T02:00:00+08:00,2025-07-31T02:10:00+08:00,,-99,7-10,陰有雨,240.0,5.5
88.0,24.93917,121.3239,2.4,-99.0,,0.0,0.0,0.0,0.0,0.0,59.0,0.0,0.0,0.0,CAA080,國三S054K,-99.0,27.2,2025-07-31T02:00:00+08:00,2025-07-31T02:10:00+08:00,,-99,>30,多雲,140.0,0.5
88.0,24.76056,120.9911,4.8,-99.0,,0.0,0.0,0.0,0.0,0.0,15.0,0.0,0.0,0.0,CAD060,國一S098K,-99.0,27.1,2025-07-31T02:00:00+08:00,2025-07-31T02:10:00+08:00,,-99,-99,陰,220.0,1.3
91.0,23.102614,120.227839,,996.2,-99.0,0.0,1.0,0.0,23.0,34.5,50.0,0.5,0.5,0.0,C0X150,安定,,29.2,,2025-07-31T02:10:00+08:00,2025-07-31T02:00:00+08:00,,,,247.0,5.1
92.0,24.308519,120.614471,10.8,-99.0,,1.0,48.0,19.5,105.5,105.5,106.0,45.5,48.0,29.0,CAF060,國三S168K,-99.0,24.0,2025-07-31T02:00:00+08:00,2025-07-31T02:10:00+08:00,,-99,1.7,陰有雨,160.0,6.3
99.0,23.75555,120.318925,,996.0,-99.0,0.0,7.0,6.0,11.0,25.0,35.0,6.0,6.0,6.0,C0K250,崙背,,27.4,,2025-07-31T02:10:00+08:00,2025-07-31T02:00:00+08:00,,,,245.0,4.0
,22.479722,120.9125,,,,0.5,118.0,1.5,205.5,205.5,240.5,5.5,35.5,5.0,81S540,拉里吧,,,,2025-07-31T02:10:00+08:00,,,,,,
100.0,24.051142,120.909361,1.8,-99.0,,0.0,94.0,0.5,202.0,202.0,345.5,24.5,64.5,13.5,C2H9G0,百勝,-99.0,22.3,2025-07-31T02:00:00+08:00,2025-07-31T02:10:00+08:00,,-99,-99,陰有雨,0.0,0.2
,24.40135,120.837533,,,,0.0,4.0,0.5,14.5,14.5,20.5,2.0,4.0,1.5,C1E691,南湖,,,,2025-07-31T02:10:00+08:00,,,,,,
,22.457746,120.922713,,,,0.0,94.0,0.5,200.5,200.5,233.0,1.0,22.0,0.5,81S880,愛國埔分校,,,,2025-07-31T02:10:00+08:00,,,,,,
87.0,24.831989,120.914439,,994.0,0.0,0.0,0.0,0.0,0.0,0.0,28.5,0.0,0.0,0.0,C0D670,海天一線,,27.6,,2025-07-31T02:10:00+08:00,2025-07-31T02:00:00+08:00,,,,208.0,6.5
,25.133897,121.498913,,,,0.0,0.0,0.0,0.0,0.0,80.5,0.0,0.0,0.0,A1A9V0,北投國小,,,,2025-07-31T02:10:00+08:00,,,,,,
,25.029351,121.832514,,,,0.0,0.0,0.0,0.0,0.0,7.0,0.0,0.0,0.0,O1AH20,上林國小,,,,2025-07-31T02:10:00+08:00,,,,,,
,23.550319,120.505833,,,,0.0,27.5,0.5,140.5,153.0,189.5,1.0,19.0,1.0,C1M870,國三N285K,,,,2025-07-31T02:10:00+08:00,,,,,,
,25.168595,121.538915,,,,0.0,0.0,0.0,0.0,0.0,57.5,0.0,0.0,0.0,A1A9S0,湖田國小,,,,2025-07-31T02:10:00+08:00,,,,,,
81.0,24.951533,121.346294,,986.3,0.0,0.0,0.0,0.0,0.0,0.0,52.0,0.0,0.0,0.0,C0AD50,鶯歌,,30.5,,2025-07-31T02:10:00+08:00,2025-07-31T02:00:00+08:00,,,,0.0,0.0
99.0,24.310436,120.729725,,969.3,13.5,1.0,26.0,6.0,65.5,65.5,69.5,17.0,26.0,14.5,C0F9L0,后里,,25.3,,2025-07-31T02:10:00+08:00,2025-07-31T02:00:00+08:00,,,,186.0,0.5
100.0,22.168389,120.841225,,939.1,8.5,0.0,67.5,0.0,150.0,160.0,263.0,17.0,19.0,8.5,C0R840,牡丹池山,,24.5,,2025-07-31T02:10:00+08:00,2025-07-31T02:00:00+08:00,,,,255.0,7.6
88.0,24.648769,120.772436,,994.6,1.5,0.0,1.5,0.0,1.5,1.5,16.5,1.5,1.5,1.5,C0E910,海埔,,26.5,,2025-07-31T02:10:00+08:00,2025-07-31T02:00:00+08:00,,,,190.0,2.0
92.0,24.735922,121.81625,,993.2,0.0,0.0,0.0,0.0,0.0,0.0,0.5,0.0,0.0,0.0,C0UB20,壯圍,,27.6,,2025-07-31T02:10:00+08:00,2025-07-31T02:00:00+08:00,,,,278.0,1.2
92.0,22.972672,121.303986,,991.5,2.0,0.0,11.0,1.0,32.5,35.5,36.0,3.0,7.0,2.0,C0S810,東河,,24.1,,2025-07-31T02:10:00+08:00,2025-07-31T02:00:00+08:00,,,,67.0,1.1
,23.979067,120.867742,,,,1.5,138.0,6.0,250.0,250.0,299.5,31.0,86.5,21.0,C1I550,國六W023K,,,,2025-07-31T02:10:00+08:00,,,,,,
99.0,23.719183,120.442036,,992.8,3.0,2.5,6.5,5.0,20.0,52.5,59.5,5.5,6.5,5.5,C0K330,虎尾,,27.9,,2025-07-31T02:10:00+08:00,2025-07-31T02:00:00+08:00,,,,251.0,0.7
93.0,23.746114,121.453411,,983.4,4.5,0.0,4.5,2.0,10.5,10.5,12.5,4.5,4.5,4.5,C0Z160,鳳林,,23.8,,2025-07-31T02:10:00+08:00,2025-07-31T02:00:00+08:00,,,,172.0,1.0
85.0,24.870056,121.221389,,969.5,0.0,0.0,0.0,0.0,0.0,0.0,26.5,0.0,0.0,0.0,C0C670,龍潭,,25.3,,2025-07-31T02:10:00+08:00,2025-07-31T02:00:00+08:00,,,,203.0,1.1
-99.0,22.974361,121.156697,,-99.0,2.0,0.0,12.0,0.0,43.5,49.5,56.5,3.5,4.0,2.0,C0SA40,瑞和,,-99.0,,2025-07-31T02:10:00+08:00,2025-07-31T02:00:00+08:00,,,,-99.0,-99.0
99.0,23.493903,120.699253,,858.1,46.0,5.0,257.0,23.5,561.0,604.5,656.5,74.0,199.0,51.0,C0M530,奮起湖,,20.6,,2025-07-31T02:10:00+08:00,2025-07-31T02:00:00+08:00,,,,203.0,1.4
,22.888028,120.737917,,,,1.5,251.5,22.5,642.5,684.0,912.5,94.0,137.0,79.0,C1V780,多納林道,,,,2025-07-31T02:10:00+08:00,,,,,,
-99.0,24.388594,121.236339,,-99.0,-99.0,,,,,,,,,,C0F0A0,雪山圈谷A,,-99.0,,,2025-07-31T02:00:00+08:00,,,,-99.0,-99.0
-99.0,23.460833,120.375833,-99.0,-99.0,,0.0,6.5,0.0,34.5,39.0,122.5,0.0,2.0,-99.0,CAL030,國一N268K,-99.0,-99.0,2025-07-31T02:00:00+08:00,2025-07-31T02:10:00+08:00,,-99,-99,陰,-99.0,-99.0
80.0,24.908472,121.185333,5.5,-99.0,,0.0,0.0,0.0,0.0,0.0,43.0,0.0,0.0,0.0,82C160,茶改場,-99.0,27.0,2025-07-31T02:00:00+08:00,2025-07-31T02:10:00+08:00,,-99,-99,多雲,230.0,1.3
,23.926186,120.63801,,,,0.0,42.0,4.0,195.0,203.0,203.0,5.0,38.0,4.0,01H590,六分寮,,,,2025-07-31T02:10:00+08:00,,,,,,
89.0,24.980444,121.951214,,993.8,0.0,0.0,0.0,0.0,0.5,0.5,2.5,0.0,0.0,0.0,C0UA90,石城,,27.4,,2025-07-31T02:10:00+08:00,2025-07-31T02:00:00+08:00,,,,264.0,0.5
,24.597043,121.00036,,,,0.0,0.0,0.0,0.0,0.0,25.0,0.0,0.0,0.0,01E170,南庄(1),,,,2025-07-31T02:10:00+08:00,,,,,,
,23.263333,121.303056,,,,0.0,6.5,1.0,24.0,24.0,27.0,3.5,3.5,2.0,81T910,東里國中,,,,2025-07-31T02:10:00+08:00,,,,,,
88.0,22.336306,120.621722,,996.1,0.0,0.0,6.0,0.0,50.0,61.0,159.0,0.0,0.0,0.0,C0R940,加祿堂,,28.6,,2025-07-31T02:10:00+08:00,2025-07-31T02:00:00+08:00,,,,227.0,6.2
96.0,24.186117,121.316086,,720.9,7.5,0.0,10.5,5.5,28.0,29.0,48.5,7.5,9.5,7.5,C0T790,大禹嶺,,11.7,,2025-07-31T02:10:00+08:00,2025-07-31T02:00:00+08:00,,,,271.0,0.6
,24.798205,121.358193,,,,0.0,0.0,0.0,0.0,0.0,14.0,0.0,0.0,0.0,21C140,霞雲,,,,2025-07-31T02:10:00+08:00,,,,,,
,24.887277,121.421373,,,,0.0,0.0,0.0,0.0,0.0,20.0,0.0,0.0,0.0,01A210,大豹,,,,2025-07-31T02:10:00+08:00,,,,,,
88.0,24.388792,121.268675,,690.4,0.5,0.0,0.5,0.0,4.5,4.5,9.0,0.5,0.5,0.5,C0F9Z0,雪山東峰,,11.3,,2025-07-31T02:10:00+08:00,2025-07-31T02:00:00+08:00,,,,273.0,1.9
,22.419298,120.683098,,,,0.0,54.0,2.0,212.0,285.0,383.0,6.0,18.0,6.0,01R030,大漢山,,,,2025-07-31T02:10:00+08:00,,,,,,
94.0,24.0753,120.430481,5.7,-99.0,,0.0,1.0,1.0,15.0,44.0,44.0,1.0,1.0,1.0,C2G640,鹿港,-99.0,25.0,2025-07-31T02:00:00+08:00,2025-07-31T02:10:00+08:00,,-99,-99,陰,80.0,0.8
100.0,23.881325,120.90805,6.6,-99.0,,1.5,99.5,5.5,334.5,334.5,357.0,32.0,51.5,19.0,467650,日月潭,0.0,19.7,2025-07-31T02:00:00+08:00,2025-07-31T02:10:00+08:00,,0,<1,陰有雷雨,180.0,2.4
99.0,23.866003,120.452806,,993.4,-99.0,2.0,2.5,2.0,15.5,58.5,59.5,2.0,2.5,2.0,C0G830,埤頭,,26.3,,2025-07-31T02:10:00+08:00,2025-07-31T02:00:00+08:00,,,,154.0,1.8
86.0,24.699317,121.427133,2.6,-99.0,,0.0,0.0,0.0,0.0,0.0,4.5,0.0,0.0,0.0,CAC040,拉拉山,-99.0,19.8,2025-07-31T02:00:00+08:00,2025-07-31T02:10:00+08:00,,-99,-99,陰,170.0,1.2
,24.876212,121.562992,,,,0.0,0.0,0.0,0.0,0.0,14.0,0.0,0.0,0.0,01A440,大桶山,,,,2025-07-31T02:10:00+08:00,,,,,,
93.0,24.89583,121.1342,5.7,-99.0,,0.0,0.0,0.0,0.0,0.0,43.0,0.0,0.0,0.0,CAC010,國一S072K,-99.0,26.7,2025-07-31T02:00:00+08:00,2025-07-31T02:10:00+08:00,,-99,7-10,多雲,190.0,1.6
91.0,23.368928,121.382931,,897.7,5.0,0.0,6.5,1.5,15.0,15.0,15.5,6.5,6.5,5.0,C0Z290,赤柯山,,20.8,,2025-07-31T02:10:00+08:00,2025-07-31T02:00:00+08:00,,,,166.0,3.0
,25.03399,121.624705,,,,0.0,0.0,0.0,0.0,0.0,41.5,0.0,0.0,0.0,A1AC50,舊莊里,,,,2025-07-31T02:10:00+08:00,,,,,,
,25.017093,121.574405,,,,0.0,0.0,0.0,0.0,0.0,36.5,0.0,0.0,0.0,A1AC70,挹翠山莊,,,,2025-07-31T02:10:00+08:00,,,,,,
100.0,23.562643,120.665688,14.2,-99.0,,3.0,203.5,9.5,467.0,491.5,517.0,43.0,143.5,19.5,C2M960,外寮,-99.0,21.9,2025-07-31T02:00:00+08:00,2025-07-31T02:10:00+08:00,,-99,-99,陰有雷雨,250.0,6.7
100.0,22.609022,120.985328,,939.9,4.0,0.0,29.5,0.0,57.0,57.0,67.5,4.0,26.0,4.0,C0S690,太麻里,,22.7,,2025-07-31T02:10:00+08:00,2025-07-31T02:00:00+08:00,,,,250.0,0.4
,23.959722,120.686389,,,,0.0,107.0,9.0,225.0,225.0,225.0,22.0,102.5,14.0,81HA60,中興新村,,,,2025-07-31T02:10:00+08:00,,,,,,
99.0,23.911469,120.687331,,985.4,28.0,0.5,99.0,8.0,358.0,361.0,361.0,33.5,88.0,28.5,C0I460,南投,,24.4,,2025-07-31T02:10:00+08:00,2025-07-31T02:00:00+08:00,,,,279.0,0.8
,24.680903,121.748775,,,,0.0,0.0,0.0,0.0,0.0,1.0,0.0,0.0,0.0,01U190,新北城,,,,2025-07-31T02:10:00+08:00,,,,,,
,24.742156,120.906944,,,,0.0,0.0,0.0,0.0,0.0,12.0,0.0,0.0,0.0,O1D580,內湖國小,,,,2025-07-31T02:10:00+08:00,,,,,,
,23.985549,120.892835,,,,0.0,119.0,2.0,228.0,228.0,305.0,29.0,81.0,16.0,01H680,北山(2),,,,2025-07-31T02:10:00+08:00,,,,,,
89.0,24.5958,120.7394,4.8,-99.0,,0.0,1.5,0.0,2.0,2.0,7.5,1.5,1.5,1.5,CAE100,西濱N107K,-99.0,26.3,2025-07-31T02:00:00+08:00,2025-07-31T02:10:00+08:00,,-99,<1,陰有霧,190.0,1.5
79.0,25.07639,121.4964,2.7,-99.0,,0.0,0.0,0.0,0.0,0.0,55.0,0.0,0.0,0.0,CAA020,國一S026K,-99.0,29.8,2025-07-31T02:00:00+08:00,2025-07-31T02:10:00+08:00,,-99,7-10,多雲,90.0,1.1
,22.590969,120.933236,,,,0.0,49.5,0.0,114.5,115.0,136.5,2.0,34.0,1.0,C1S820,金峰,,,,2025-07-31T02:10:00+08:00,,,,,,
,23.247932,120.985899,,,,0.0,70.0,10.0,152.0,153.0,163.0,34.0,48.0,25.0,01S470,向陽(2),,,,2025-07-31T02:10:00+08:00,,,,,,
100.0,23.988304,120.508092,11.9,-99.0,,0.0,35.0,19.5,45.0,59.0,59.0,28.0,32.5,21.5,CAG030,國一S207K,-99.0,24.3,2025-07-31T02:00:00+08:00,2025-07-31T02:10:00+08:00,,-99,3-6,陰有雨,110.0,5.9
,24.265689,121.001142,,,,2.0,4.5,3.0,53.5,54.0,107.5,3.5,4.0,3.0,C1F891,稍來,,,,2025-07-31T02:10:00+08:00,,,,,,
86.0,24.941803,121.902956,,993.6,0.0,0.0,0.0,0.0,0.5,0.5,8.0,0.0,0.0,0.0,C0UA80,大溪漁港,,28.1,,2025-07-31T02:10:00+08:00,2025-07-31T02:00:00+08:00,,,,240.0,0.6
,23.587551,120.40001,,,,0.0,8.0,0.0,21.0,28.0,114.0,1.0,3.0,1.0,01M010,溪口(3),,,,2025-07-31T02:10:00+08:00,,,,,,
97.0,24.266761,121.741031,,993.6,0.0,0.0,0.0,0.0,0.0,0.0,0.0,0.0,0.0,0.0,C0T9D0,和中,,24.6,,2025-07-31T02:10:00+08:00,2025-07-31T02:00:00+08:00,,,,305.0,0.5
,23.325933,121.439636,,,,0.0,5.0,1.0,7.0,7.0,7.0,5.0,5.0,4.0,01S260,忠勇,,,,2025-07-31T02:10:00+08:00,,,,,,
,22.532409,120.954393,,,,0.0,115.0,1.0,190.0,190.0,213.0,1.0,37.0,1.0,O1S660,賓茂國小,,,,2025-07-31T02:10:00+08:00,,,,,,
99.0,23.590856,120.888864,1.9,-99.0,,1.0,80.0,20.0,155.0,156.0,175.5,50.5,70.0,26.0,U2HA30,臺大和社,-99.0,20.3,2025-07-31T02:00:00+08:00,2025-07-31T02:10:00+08:00,,-99,-99,陰有雷雨,0.0,0.0
,23.53,120.74,,,,1.5,301.0,36.0,576.0,594.5,634.5,97.0,231.0,59.0,81M800,來吉國小,,,,2025-07-31T02:10:00+08:00,,,,,,
,23.535556,120.708889,,,,1.0,328.5,27.0,643.0,666.0,699.5,89.5,247.5,60.5,81M680,太和村,,,,2025-07-31T02:10:00+08:00,,,,,,
,24.2775,121.263333,,,,0.0,3.0,1.0,18.0,18.0,25.5,2.0,2.0,2.0,81F970,松茂部落,,,,2025-07-31T02:10:00+08:00,,,,,,
100.0,22.954453,121.229922,,953.4,3.0,0.0,12.5,2.0,38.5,43.0,44.5,3.5,6.0,3.0,C0S950,七塊厝,,21.8,,2025-07-31T02:10:00+08:00,2025-07-31T02:00:00+08:00,,,,221.0,2.7
95.0,23.457656,120.460517,,992.8,0.0,0.0,11.5,0.0,77.5,82.5,217.0,0.0,9.0,0.0,C0M730,嘉義市東區,,28.1,,2025-07-31T02:10:00+08:00,2025-07-31T02:00:00+08:00,,,,247.0,1.9
,22.935472,120.309406,,,,0.0,0.5,0.5,1.5,1.5,95.0,0.5,0.5,0.5,C1N001,沙崙,,,,2025-07-31T02:10:00+08:00,,,,,,
,23.590386,120.744799,,,,0.0,234.0,0.0,460.0,474.5,504.0,68.0,202.0,18.5,81M020,豐山,,,,2025-07-31T02:10:00+08:00,,,,,,
93.0,22.857861,120.516667,7.0,-99.0,,0.5,9.0,1.0,52.0,63.5,236.5,5.0,6.5,2.0,72V140,旗南農改,-99.0,27.8,2025-07-31T02:00:00+08:00,2025-07-31T02:10:00+08:00,,-99,-99,陰,210.0,3.7
93.0,23.187875,120.0889,,995.4,0.0,0.0,0.0,0.0,0.0,0.0,0.5,0.0,0.0,0.0,C0N010,鯤鯓國小,,28.7,,2025-07-31T02:10:00+08:00,2025-07-31T02:00:00+08:00,,,,208.0,7.5
,24.191961,121.224339,,,,0.0,27.0,1.5,50.0,50.5,94.0,16.5,18.5,6.5,C1I430,翠華,,,,2025-07-31T02:10:00+08:00,,,,,,
74.0,24.791042,121.675047,,944.6,0.0,0.0,0.0,0.0,0.0,0.0,6.5,0.0,0.0,0.0,C0U870,大礁溪,,26.4,,2025-07-31T02:10:00+08:00,2025-07-31T02:00:00+08:00,,,,0.0,0.0
97.0,22.898792,120.51907,-99.0,-99.0,,0.0,14.5,2.0,73.5,76.5,254.0,5.0,7.0,5.0,C2V310,美濃,-99.0,27.1,2025-07-31T02:00:00+08:00,2025-07-31T02:10:00+08:00,,-99,-99,陰,250.0,1.1
92.0,25.00235,121.575728,,990.1,0.0,0.0,0.0,0.0,0.0,0.0,42.5,0.0,0.0,0.0,C0AC80,文山,,28.1,,2025-07-31T02:10:00+08:00,2025-07-31T02:00:00+08:00,,,,0.0,0.1
,23.814841,121.403464,,,,0.0,4.0,1.0,12.0,12.0,13.0,4.0,4.0,4.0,01T670,新東礦,,,,2025-07-31T02:10:00+08:00,,,,,,
91.0,23.419719,120.388894,,993.3,0.0,0.0,3.0,0.0,37.0,38.0,125.0,0.0,0.0,0.0,C0M690,水上,,28.4,,2025-07-31T02:10:00+08:00,2025-07-31T02:00:00+08:00,,,,12.0,4.2
,23.890575,121.459639,,,,0.5,4.5,2.0,11.5,12.0,12.0,4.5,4.5,4.5,C1Z140,荖溪,,,,2025-07-31T02:10:00+08:00,,,,,,
93.0,22.42565,120.49521,12.0,-99.0,,0.0,5.0,0.0,37.0,41.5,98.0,0.0,0.0,0.0,CAQ030,崎峰國小,-99.0,28.4,2025-07-31T02:00:00+08:00,2025-07-31T02:10:00+08:00,,-99,-99,陰,230.0,6.4
87.0,24.982361,121.471042,1.8,-99.0,,0.0,0.0,0.0,0.0,0.0,45.0,0.0,0.0,0.0,CAA050,國三S037K,-99.0,27.8,2025-07-31T02:00:00+08:00,2025-07-31T02:10:00+08:00,,-99,-99,多雲,140.0,0.9
98.0,23.468114,121.374069,,969.5,5.0,0.0,6.5,1.5,12.0,12.0,12.5,6.0,6.0,5.0,C0Z070,舞鶴,,22.6,,2025-07-31T02:10:00+08:00,2025-07-31T02:00:00+08:00,,,,190.0,1.2
99.0,24.037803,120.855072,,964.9,8.5,0.0,101.5,1.5,264.0,264.0,328.5,29.0,65.0,8.5,C0I420,國姓,,22.8,,2025-07-31T02:10:00+08:00,2025-07-31T02:00:00+08:00,,,,128.0,0.6
100.0,23.434056,120.727169,2.2,-99.0,,1.0,242.0,38.0,522.5,542.0,592.0,63.5,196.5,49.5,C2M940,日野賀,-99.0,19.2,2025-07-31T02:00:00+08:00,2025-07-31T02:10:00+08:00,,-99,-99,陰有雷雨,260.0,0.6
100.0,23.193217,120.315422,,994.5,0.0,0.0,4.5,0.0,30.0,36.0,82.0,0.0,0.0,0.0,C0X130,官田,,28.7,,2025-07-31T02:10:00+08:00,2025-07-31T02:00:00+08:00,,,,256.0,4.1
,24.494522,121.536435,,,,0.0,0.0,0.0,0.0,1.0,1.0,0.0,0.0,0.0,01U560,太平山(1),,,,2025-07-31T02:10:00+08:00,,,,,,
75.0,23.020333,121.323642,,986.9,1.5,0.0,6.0,0.0,23.5,25.5,26.0,2.0,5.0,1.5,C0SA30,都歷,,26.0,,2025-07-31T02:10:00+08:00,2025-07-31T02:00:00+08:00,,,,303.0,5.1
,23.525556,121.376111,,,,0.0,5.5,1.0,15.0,15.0,15.0,5.0,5.0,4.0,81T890,瑞北國小,,,,2025-07-31T02:10:00+08:00,,,,,,
,22.892785,120.404543,,,,0.0,7.0,3.0,21.0,22.0,129.0,6.0,6.0,6.0,01P280,古亭坑,,,,2025-07-31T02:10:00+08:00,,,,,,
99.0,24.42595,121.01347,,798.9,0.0,0.0,0.0,0.0,12.5,12.5,26.0,0.0,0.0,0.0,C0E940,雪見,,17.3,,2025-07-31T02:10:00+08:00,2025-07-31T02:00:00+08:00,,,,-99.0,-99.0
100.0,23.86008,120.6375,5.7,-99.0,,8.5,57.5,19.0,138.5,149.5,149.5,20.0,54.0,11.5,CAH030,茶改場竹圍站,-99.0,22.8,2025-07-31T02:00:00+08:00,2025-07-31T02:10:00+08:00,,-99,-99,陰有雷雨,130.0,2.5
91.0,23.076694,120.144861,8.0,-99.0,,0.0,0.0,0.0,0.5,31.5,40.0,0.0,0.0,0.0,C2O950,安南,-99.0,29.0,2025-07-31T02:00:00+08:00,2025-07-31T02:10:00+08:00,,-99,-99,陰,240.0,2.5
,24.935556,121.886944,,,,0.0,0.0,0.0,2.0,2.0,13.5,0.0,0.0,0.0,81U900,大溪國小,,,,2025-07-31T02:10:00+08:00,,,,,,
97.0,24.352825,121.308286,4.8,-99.0,,0.0,1.0,0.0,5.0,5.0,8.5,1.0,1.0,1.0,A0F010,武陵,-99.0,18.1,2025-07-31T02:00:00+08:00,2025-07-31T02:10:00+08:00,,-99,-99,陰,120.0,1.0
96.0,23.690928,120.303619,,994.6,2.0,0.0,3.0,2.0,6.0,31.5,57.5,2.0,2.5,2.0,C0K430,褒忠,,28.2,,2025-07-31T02:10:00+08:00,2025-07-31T02:00:00+08:00,,,,170.0,4.6
-99.0,23.600606,120.458397,,-99.0,-99.0,,,,,,,,,,C0M670,大林,,-99.0,,,2025-07-31T02:00:00+08:00,,,,-99.0,-99.0
93.0,22.246844,120.661086,,996.7,0.0,0.0,1.5,0.0,23.5,42.5,153.0,0.0,0.0,0.0,C0R700,枋山,,28.5,,2025-07-31T02:10:00+08:00,2025-07-31T02:00:00+08:00,,,,234.0,4.7
99.0,25.627975,122.079744,3.3,984.8,,0.0,0.0,0.0,0.0,0.0,41.0,0.0,0.0,0.0,466950,彭佳嶼,0.0,26.9,2025-07-31T02:00:00+08:00,2025-07-31T02:10:00+08:00,,0,7-10,晴有靄,310.0,2.5
96.0,24.183494,120.48713,,995.3,14.5,2.0,20.0,13.0,43.0,45.0,45.0,19.5,20.0,16.5,C0G950,防潮門,,24.6,,2025-07-31T02:10:00+08:00,2025-07-31T02:00:00+08:00,,,,145.0,6.1
,23.890642,120.485117,,,,0.0,3.0,0.5,30.5,74.5,74.5,0.5,2.5,0.5,C1G9D0,國一S218K,,,,2025-07-31T02:10:00+08:00,,,,,,
,25.038894,121.556406,,,,0.0,0.0,0.0,0.0,0.0,51.5,0.0,0.0,0.0,A1AA80,市政中心,,,,2025-07-31T02:10:00+08:00,,,,,,
86.0,25.164889,121.448906,1.7,993.8,,0.0,0.0,0.0,0.0,0.0,70.0,0.0,0.0,0.0,466900,淡水,0.0,27.9,2025-07-31T02:00:00+08:00,2025-07-31T02:10:00+08:00,,0,21-30,晴,0.0,0.1
,24.687014,120.960275,,,,0.0,0.0,0.0,0.0,0.0,9.0,0.0,0.0,0.0,01E240,珊珠湖,,,,2025-07-31T02:10:00+08:00,,,,,,
,23.819722,121.473333,,,,0.0,4.0,1.5,10.5,10.5,55.0,4.0,4.0,4.0,81T850,溪口國小,,,,2025-07-31T02:10:00+08:00,,,,,,
,23.905333,120.846983,,,,0.0,88.0,2.0,331.5,331.5,372.5,36.0,57.0,23.0,C1I220,樟湖,,,,2025-07-31T02:10:00+08:00,,,,,,
89.0,24.527806,120.770972,6.1,-99.0,,0.0,13.0,0.0,15.5,15.5,23.5,13.0,13.0,1.5,B2E890,新竹畜試,-99.0,26.2,2025-07-31T02:00:00+08:00,2025-07-31T02:10:00+08:00,,-99,-99,陰,170.0,2.8
100.0,23.0395,121.175017,,974.7,1.5,0.0,14.5,0.5,40.5,45.5,50.0,2.0,3.5,1.5,C0S890,關山,,23.0,,2025-07-31T02:10:00+08:00,2025-07-31T02:00:00+08:00,,,,240.0,0.8
94.0,25.113169,121.801147,0.9,-99.0,,0.0,0.0,0.0,0.0,0.0,13.0,0.0,0.0,0.0,C2A660,瑞芳,-99.0,26.4,2025-07-31T02:00:00+08:00,2025-07-31T02:10:00+08:00,,-99,-99,多雲,160.0,0.3
99.0,23.587642,121.378225,,964.3,4.0,0.0,7.0,0.5,17.5,17.5,18.0,5.5,5.5,4.0,C0Z080,富源,,22.8,,2025-07-31T02:10:00+08:00,2025-07-31T02:00:00+08:00,,,,187.0,1.1
94.0,22.997889,120.633583,,968.5,20.0,7.5,137.0,14.5,342.5,351.0,522.0,35.5,67.0,27.5,C0V800,六龜,,23.7,,2025-07-31T02:10:00+08:00,2025-07-31T02:00:00+08:00,,,,60.0,1.1
91.0,24.49773,121.568625,,791.2,0.0,0.0,0.0,0.0,0.0,0.0,0.5,0.0,0.0,0.0,C0UB80,翠峰林道6K,,16.2,,2025-07-31T02:10:00+08:00,2025-07-31T02:00:00+08:00,,,,11.0,0.7
,24.663333,121.397222,,,,0.0,0.0,0.0,0.5,0.5,4.0,0.0,0.0,0.0,81C790,華陵,,,,2025-07-31T02:10:00+08:00,,,,,,
100.0,24.206469,120.902794,6.5,-99.0,,1.5,21.0,7.5,96.0,96.0,163.5,18.5,19.5,15.0,C2FB50,出雲,-99.0,19.7,2025-07-31T02:00:00+08:00,2025-07-31T02:10:00+08:00,,-99,-99,陰有雷雨,190.0,4.2
100.0,24.043122,120.932781,4.3,-99.0,,0.0,96.5,2.0,184.0,184.0,301.5,25.0,72.0,16.5,C2H9W0,大坪頂農水,-99.0,21.4,2025-07-31T02:00:00+08:00,2025-07-31T02:10:00+08:00,,-99,-99,陰有雨,110.0,2.1
81.0,24.688247,120.912206,,992.3,0.0,0.0,0.0,0.0,0.0,0.0,9.0,0.0,0.0,0.0,C0E730,頭份,,27.6,,2025-07-31T02:10:00+08:00,2025-07-31T02:00:00+08:00,,,,223.0,0.7
,24.42585,121.749405,,,,0.0,0.0,0.0,0.0,0.0,0.0,0.0,0.0,0.0,01U450,樟林,,,,2025-07-31T02:10:00+08:00,,,,,,
91.0,22.797078,120.294958,,996.0,-99.0,0.0,0.0,0.0,1.0,8.5,65.0,0.0,0.0,0.0,C0V660,岡山,,29.5,,2025-07-31T02:10:00+08:00,2025-07-31T02:00:00+08:00,,,,239.0,3.6
90.0,22.682078,121.060236,,994.6,2.5,0.0,30.5,0.5,54.5,54.5,61.5,10.0,22.5,2.5,C0SB10,美和,,25.3,,2025-07-31T02:10:00+08:00,2025-07-31T02:00:00+08:00,,,,275.0,2.3
99.0,23.474264,121.410711,,973.6,4.5,0.5,7.5,1.0,14.5,14.5,14.5,7.0,7.0,5.0,C0Z280,德武,,23.6,,2025-07-31T02:10:00+08:00,2025-07-31T02:00:00+08:00,,,,256.0,0.8
,24.959713,121.53208,,,,0.0,0.0,0.0,0.0,0.0,36.0,0.0,0.0,0.0,81AH40,精忠,,,,2025-07-31T02:10:00+08:00,,,,,,
,22.982777,120.57,,,,2.0,51.5,2.0,138.5,139.5,343.5,5.0,16.5,2.5,81V920,新庄,,,,2025-07-31T02:10:00+08:00,,,,,,
,24.158325,120.886933,,,,0.5,59.0,12.5,162.5,162.5,266.0,45.5,48.0,33.5,C1F9D1,白毛台,,,,2025-07-31T02:10:00+08:00,,,,,,
76.0,25.117494,121.537169,,992.9,0.0,0.0,0.0,0.0,0.0,0.0,69.5,0.0,0.0,0.0,C0A9C0,天母,,29.6,,2025-07-31T02:10:00+08:00,2025-07-31T02:00:00+08:00,,,,12.0,2.2
100.0,23.478744,120.702264,10.3,-99.0,,1.0,251.5,13.0,513.0,551.0,613.0,72.0,182.5,51.0,C2M930,石卓,-99.0,19.1,2025-07-31T02:00:00+08:00,2025-07-31T02:10:00+08:00,,-99,-99,陰有雷雨,190.0,4.2
90.0,22.701083,120.347722,,993.9,0.0,0.0,0.5,0.0,0.5,0.5,48.0,0.0,0.0,0.0,C0V680,仁武,,29.7,,2025-07-31T02:10:00+08:00,2025-07-31T02:00:00+08:00,,,,234.0,5.2
99.0,23.0605,120.342194,9.7,-99.0,,0.0,13.5,4.5,34.5,34.5,61.5,5.0,5.0,5.0,72N100,臺南農改,-99.0,27.4,2025-07-31T02:00:00+08:00,2025-07-31T02:10:00+08:00,,-99,-99,陰有雨,230.0,3.7
94.0,22.567419,120.959667,,905.7,2.0,0.0,58.5,1.0,122.5,122.5,144.0,3.5,29.5,2.0,C0SA20,金崙山,,21.5,,2025-07-31T02:10:00+08:00,2025-07-31T02:00:00+08:00,,,,124.0,0.3
91.0,23.234405,120.096125,,995.1,0.0,0.0,0.0,0.0,0.5,0.5,2.5,0.0,0.0,0.0,C0N040,蘆竹溝,,28.7,,2025-07-31T02:10:00+08:00,2025-07-31T02:00:00+08:00,,,,244.0,10.8
98.0,24.562947,120.7485,,991.5,3.5,0.0,4.5,0.0,6.0,6.0,11.5,4.5,4.5,3.5,C0E810,西湖,,24.9,,2025-07-31T02:10:00+08:00,2025-07-31T02:00:00+08:00,,,,198.0,0.3
99.0,23.585386,120.555581,,979.1,9.0,0.0,62.5,6.5,199.5,210.5,218.5,9.5,50.0,9.0,C0M770,梅山,,26.9,,2025-07-31T02:10:00+08:00,2025-07-31T02:00:00+08:00,,,,190.0,2.6
95.0,22.959547,120.369317,,983.9,0.0,0.0,0.0,0.0,6.5,6.5,52.5,0.0,0.0,0.0,C0O960,崎頂,,28.4,,2025-07-31T02:10:00+08:00,2025-07-31T02:00:00+08:00,,,,247.0,1.7
,24.984393,121.577502,,,,0.0,0.0,0.0,0.0,0.0,35.5,0.0,0.0,0.0,A1AB00,北政國中,,,,2025-07-31T02:10:00+08:00,,,,,,
89.0,24.495722,120.829111,5.6,-99.0,,0.0,8.0,0.0,16.0,16.0,20.0,8.0,8.0,5.5,K2E360,苗栗農改,-99.0,25.5,2025-07-31T02:00:00+08:00,2025-07-31T02:10:00+08:00,,-99,-99,陰,200.0,2.2
98.0,25.191408,121.783914,,984.8,0.0,0.0,0.0,0.0,0.0,0.0,8.0,0.0,0.0,0.0,C0B020,基隆嶼,,28.2,,2025-07-31T02:10:00+08:00,2025-07-31T02:00:00+08:00,,,,0.0,0.0
,24.071242,120.820419,,,,0.0,149.5,3.5,285.5,285.5,306.5,65.0,109.0,29.0,C1F9J1,清水林,,,,2025-07-31T02:10:00+08:00,,,,,,
90.0,25.08,121.6475,-99.0,-99.0,,0.0,0.0,0.0,0.0,0.0,32.0,0.0,0.0,0.0,CAA030,國三S010K,-99.0,28.8,2025-07-31T02:00:00+08:00,2025-07-31T02:10:00+08:00,,-99,-99,多雲,-99.0,-99.0
,22.809417,121.050528,,,,0.0,91.5,10.0,168.5,172.5,182.5,41.5,58.0,33.5,C1S860,利嘉,,,,2025-07-31T02:10:00+08:00,,,,,,
93.0,23.300997,120.110375,,994.7,-99.0,,,,,,,,,,C0N050,蚵寮,,29.1,,,2025-07-31T02:00:00+08:00,,,,261.0,9.9
97.0,23.219333,119.444892,,992.8,0.0,0.0,0.0,0.0,0.0,0.0,56.5,0.0,0.0,0.0,C0W180,七美,,27.2,,2025-07-31T02:10:00+08:00,2025-07-31T02:00:00+08:00,,,,221.0,7.1
,25.079005,121.696626,,,,0.0,0.0,0.0,0.0,0.0,26.0,0.0,0.0,0.0,01B030,五堵,,,,2025-07-31T02:10:00+08:00,,,,,,
,22.526997,120.678346,,,,0.0,38.0,0.0,262.0,305.0,410.0,0.0,0.0,0.0,01Q350,新來義,,,,2025-07-31T02:10:00+08:00,,,,,,
94.0,23.572911,120.245956,,995.7,0.5,0.0,1.5,0.0,1.5,1.5,12.0,0.5,1.0,0.5,C0K510,水林,,28.7,,2025-07-31T02:10:00+08:00,2025-07-31T02:00:00+08:00,,,,230.0,3.5
96.0,22.485911,120.502736,,996.6,0.0,0.0,5.0,0.0,42.5,62.5,146.0,0.0,0.0,0.0,C0R580,南州,,28.7,,2025-07-31T02:10:00+08:00,2025-07-31T02:00:00+08:00,,,,245.0,4.2
,23.083884,120.58767,,,,0.0,70.0,11.0,157.0,181.0,385.0,28.0,55.0,14.0,01P660,甲仙(2),,,,2025-07-31T02:10:00+08:00,,,,,,
97.0,23.526167,120.555497,,982.0,1.5,0.5,47.0,2.0,220.0,235.5,308.0,2.0,30.5,2.0,C0M700,竹崎,,27.0,,2025-07-31T02:10:00+08:00,2025-07-31T02:00:00+08:00,,,,249.0,1.4
,24.5378,121.8485,,,,0.0,0.0,0.0,0.0,0.0,0.0,0.0,0.0,0.0,C1U840,東澳嶺,,,,2025-07-31T02:10:00+08:00,,,,,,
91.0,24.251494,120.589683,12.5,-99.0,,0.0,15.5,6.0,54.5,54.5,55.0,15.0,15.5,12.0,CAF960,國三S175K,-99.0,24.0,2025-07-31T02:00:00+08:00,2025-07-31T02:10:00+08:00,,-99,3-6,陰有雨,110.0,7.5
100.0,22.453108,120.887572,,982.3,3.5,0.5,120.5,2.0,261.5,272.0,316.5,6.5,29.5,4.0,C0SA80,土阪,,24.6,,2025-07-31T02:10:00+08:00,2025-07-31T02:00:00+08:00,,,,0.0,0.0
98.0,23.468598,120.499369,7.4,-99.0,,0.0,24.5,1.0,123.0,135.5,236.0,3.0,21.5,3.0,CAL070,國三N295K,-99.0,27.3,2025-07-31T02:00:00+08:00,2025-07-31T02:10:00+08:00,,-99,7-10,陰有雨,210.0,3.2
99.0,23.689694,120.851036,,944.2,33.0,6.0,99.5,31.5,214.0,214.0,236.0,57.5,94.5,39.0,C0I080,信義,,21.4,,2025-07-31T02:10:00+08:00,2025-07-31T02:00:00+08:00,,,,139.0,0.3
,24.035278,120.724444,,,,1.5,156.5,8.0,295.5,295.5,296.0,42.0,118.0,18.0,81F900,峰谷國小,,,,2025-07-31T02:10:00+08:00,,,,,,
,22.766264,121.024368,,,,0.0,96.0,5.0,167.0,171.0,181.0,28.0,52.0,19.0,01S560,南鵝,,,,2025-07-31T02:10:00+08:00,,,,,,
,24.42364,120.869835,,,,0.0,5.0,0.0,13.0,13.0,14.0,3.0,5.0,1.0,01E270,大湖(1),,,,2025-07-31T02:10:00+08:00,,,,,,
99.0,23.918333,120.885278,2.4,-99.0,,0.0,90.0,1.5,280.0,280.0,320.0,39.5,53.5,31.5,E2H360,蓮華池,-99.0,21.2,2025-07-31T02:00:00+08:00,2025-07-31T02:10:00+08:00,,-99,-99,陰有雷,0.0,0.0
,23.265355,120.445893,,,,0.0,5.0,0.0,74.0,77.0,164.0,2.0,3.0,2.0,01O190,東原,,,,2025-07-31T02:10:00+08:00,,,,,,
84.0,25.018244,121.273697,3.2,-99.0,,0.0,0.0,0.0,0.0,0.0,69.5,0.0,0.0,0.0,CAC020,國二E009K,-99.0,28.3,2025-07-31T02:00:00+08:00,2025-07-31T02:10:00+08:00,,-99,>30,多雲,180.0,0.6
,23.472849,120.907956,,,,0.0,111.0,22.0,272.0,273.0,326.0,39.0,64.0,29.0,O1I360,楠溪,,,,2025-07-31T02:10:00+08:00,,,,,,
,23.870853,121.508081,,,,0.0,3.0,1.5,8.5,8.5,9.5,3.0,3.0,3.0,C1Z120,壽豐,,,,2025-07-31T02:10:00+08:00,,,,,,
88.0,24.596944,121.857089,,991.8,0.0,0.0,0.0,0.0,0.0,0.0,0.0,0.0,0.0,0.0,C0UB10,蘇澳,,27.4,,2025-07-31T02:10:00+08:00,2025-07-31T02:00:00+08:00,,,,224.0,1.2
91.0,23.230347,120.182167,,994.7,0.0,0.0,0.0,0.0,0.5,0.5,8.0,0.0,0.0,0.0,C0X220,學甲,,28.7,,2025-07-31T02:10:00+08:00,2025-07-31T02:00:00+08:00,,,,247.0,5.2
90.0,22.730306,120.346639,,996.8,0.0,0.0,0.0,0.0,2.5,2.5,91.5,0.0,0.0,0.0,C0V770,大社,,29.3,,2025-07-31T02:10:00+08:00,2025-07-31T02:00:00+08:00,,,,227.0,2.9
90.0,23.58565,120.408111,12.7,-99.0,,2.0,11.5,2.5,27.5,35.0,122.5,2.5,7.5,0.5,G2M350,溪口農場,-99.0,28.5,2025-07-31T02:00:00+08:00,2025-07-31T02:10:00+08:00,,-99,-99,陰,230.0,7.1
100.0,24.103556,120.751061,4.7,-99.0,,0.0,170.0,12.0,306.5,306.5,306.5,107.5,146.0,56.0,C2F9A0,中竹林,-99.0,22.2,2025-07-31T02:00:00+08:00,2025-07-31T02:10:00+08:00,,-99,-99,陰有雨,120.0,1.0
80.0,25.134937,121.364899,,992.9,0.0,0.0,0.0,0.0,0.0,0.0,62.5,0.0,0.0,0.0,C0AK10,太平里,,28.7,,2025-07-31T02:10:00+08:00,2025-07-31T02:00:00+08:00,,,,124.0,1.4
,22.560122,120.488328,,,,0.0,1.0,0.0,84.0,119.0,194.0,0.0,0.0,0.0,O1R620,新庄國小,,,,2025-07-31T02:10:00+08:00,,,,,,
,23.710574,120.917657,,,,0.0,68.0,16.0,183.0,183.0,216.0,31.0,57.0,25.0,01H470,西巒,,,,2025-07-31T02:10:00+08:00,,,,,,
91.0,22.82315,120.236856,,996.2,0.0,0.0,0.0,0.0,1.5,1.5,65.0,0.0,0.0,0.0,C0V620,永安,,28.7,,2025-07-31T02:10:00+08:00,2025-07-31T02:00:00+08:00,,,,210.0,3.9
,25.064361,121.383836,,,,0.0,0.0,0.0,0.0,0.0,48.5,0.0,0.0,0.0,C1AI60,國一39K,,,,2025-07-31T02:10:00+08:00,,,,,,
,24.644447,121.090961,,,,0.0,0.0,0.0,0.0,0.0,27.5,0.0,0.0,0.0,C1D640,外坪五指,,,,2025-07-31T02:10:00+08:00,,,,,,
,23.173397,120.594092,,,,0.0,129.0,9.0,292.0,352.5,502.5,61.0,86.5,46.5,C1O880,關山,,,,2025-07-31T02:10:00+08:00,,,,,,
,23.668178,120.887417,,,,4.0,75.5,19.5,161.5,162.5,178.0,42.5,73.5,29.0,C1I290,豐丘,,,,2025-07-31T02:10:00+08:00,,,,,,
,23.148617,120.418633,,,,0.0,20.0,5.5,51.0,52.0,141.0,16.5,17.0,9.0,C1O850,環湖,,,,2025-07-31T02:10:00+08:00,,,,,,
,25.063288,121.633793,,,,0.0,0.0,0.0,0.0,0.0,36.0,0.0,0.0,0.0,01AG00,社后橋,,,,2025-07-31T02:10:00+08:00,,,,,,
90.0,23.514319,120.229736,,996.2,0.0,0.0,0.5,0.0,0.5,0.5,13.0,0.0,0.0,0.0,C0K550,蔦松,,28.7,,2025-07-31T02:10:00+08:00,2025-07-31T02:00:00+08:00,,,,225.0,2.2
99.0,22.588475,120.485081,,994.7,0.0,0.0,3.5,0.0,49.5,66.0,138.5,0.0,0.0,0.0,C0R930,萬丹,,29.0,,2025-07-31T02:10:00+08:00,2025-07-31T02:00:00+08:00,,,,233.0,3.4
100.0,22.825958,120.415519,6.9,-99.0,,0.0,4.0,0.0,18.5,24.5,130.5,2.5,2.5,2.5,CAV280,國三S378K,-99.0,27.3,2025-07-31T02:00:00+08:00,2025-07-31T02:10:00+08:00,,-99,7-10,陰,210.0,2.2
96.0,23.079561,120.495008,,984.4,2.0,0.0,15.5,1.5,50.0,52.0,207.0,3.5,4.5,2.0,C0O830,北寮,,27.3,,2025-07-31T02:10:00+08:00,2025-07-31T02:00:00+08:00,,,,212.0,1.7
,22.975659,120.467014,,,,0.0,10.0,0.0,38.0,38.0,169.0,3.0,3.0,1.0,01P190,木柵,,,,2025-07-31T02:10:00+08:00,,,,,,
,23.962025,120.845272,,,,0.0,131.0,4.5,257.5,257.5,286.0,36.5,86.5,21.5,C1I230,九份二山,,,,2025-07-31T02:10:00+08:00,,,,,,
87.0,25.072181,121.380839,,965.2,0.0,0.0,0.0,0.0,0.0,0.0,46.5,0.0,0.0,0.0,C0AH50,林口,,29.1,,2025-07-31T02:10:00+08:00,2025-07-31T02:00:00+08:00,,,,229.0,1.6
,23.913225,121.052483,,,,0.5,27.5,2.5,81.5,81.5,113.5,7.0,13.5,6.5,C1I030,武界,,,,2025-07-31T02:10:00+08:00,,,,,,
91.0,24.193628,120.570311,12.0,-99.0,,1.5,23.0,13.5,44.0,44.0,53.5,20.5,23.0,17.5,CAF980,國三N183K,-99.0,23.8,2025-07-31T02:00:00+08:00,2025-07-31T02:10:00+08:00,,-99,1.3,陰有雨,120.0,5.9
,22.545635,120.569592,,,,0.0,8.0,0.0,132.0,176.0,251.0,0.0,0.0,0.0,01R440,泗林,,,,2025-07-31T02:10:00+08:00,,,,,,
,24.491756,120.927619,,,,0.0,1.0,0.0,8.5,8.5,18.5,1.0,1.0,1.0,C1E701,八卦,,,,2025-07-31T02:10:00+08:00,,,,,,
,23.6906,120.851828,,,,0.0,91.0,21.0,211.0,211.0,233.0,48.0,86.0,29.0,01H780,內茅埔(2),,,,2025-07-31T02:10:00+08:00,,,,,,
94.0,22.463447,120.533892,,997.8,1.0,0.0,8.5,1.0,51.0,88.5,166.0,1.0,1.0,1.0,C0R850,林邊,,28.2,,2025-07-31T02:10:00+08:00,2025-07-31T02:00:00+08:00,,,,252.0,2.8
,23.615233,121.413331,,,,0.0,6.5,1.0,16.0,16.0,16.5,5.5,5.5,4.0,C1T970,大農,,,,2025-07-31T02:10:00+08:00,,,,,,
97.0,23.512333,120.403038,10.8,-99.0,,0.5,5.5,2.0,21.5,34.0,118.5,2.5,5.5,2.0,CAL020,國一S262K,-99.0,28.0,2025-07-31T02:00:00+08:00,2025-07-31T02:10:00+08:00,,-99,3-6,陰有雨,210.0,6.3
,24.497089,121.842481,,,,0.0,0.0,0.0,0.0,0.0,0.0,0.0,0.0,0.0,C1U930,粉鳥林,,,,2025-07-31T02:10:00+08:00,,,,,,
,22.598611,120.685278,,,,0.0,140.0,8.0,399.0,467.0,588.0,19.0,29.0,13.0,01Q960,泰武(2),,,,2025-07-31T02:10:00+08:00,,,,,,
99.0,23.670306,120.798194,7.0,-99.0,,3.0,143.0,40.0,267.5,268.5,298.5,71.5,137.5,41.0,U2H480,臺大溪頭,-99.0,18.7,2025-07-31T02:00:00+08:00,2025-07-31T02:10:00+08:00,,-99,-99,陰有雷雨,180.0,1.1
,24.680365,121.246763,,,,0.0,0.0,0.0,0.0,0.0,17.5,0.0,0.0,0.0,81D640,錦屏國小,,,,2025-07-31T02:10:00+08:00,,,,,,
89.0,22.142069,120.894356,,985.3,1.0,0.0,25.5,0.0,51.5,54.0,129.5,2.5,3.0,1.0,C0R790,九棚,,27.5,,2025-07-31T02:10:00+08:00,2025-07-31T02:00:00+08:00,,,,208.0,8.2
,23.087497,120.575997,,,,9.0,79.5,22.0,170.5,207.5,409.0,44.5,69.5,28.0,F1V860,甲仙,,,,2025-07-31T02:10:00+08:00,,,,,,
,23.530321,120.520569,,,,0.0,35.0,3.0,144.0,153.0,207.0,3.0,21.0,3.0,01L490,沙坑,,,,2025-07-31T02:10:00+08:00,,,,,,
100.0,22.430439,120.8938,,900.3,1.0,0.5,58.0,1.0,142.5,147.0,180.5,2.0,10.5,1.5,C0S980,勝林山,,21.4,,2025-07-31T02:10:00+08:00,2025-07-31T02:00:00+08:00,,,,261.0,1.6
97.0,23.852589,120.693481,9.1,-99.0,,4.5,130.5,20.5,229.5,232.0,232.0,45.0,119.5,35.0,C2H9H0,苗改南投蜂場,-99.0,23.7,2025-07-31T02:00:00+08:00,2025-07-31T02:10:00+08:00,,-99,-99,陰有雷雨,130.0,3.2
,25.029194,121.558106,,,,0.0,0.0,0.0,0.0,0.0,48.0,0.0,0.0,0.0,A1AA00,三興國小,,,,2025-07-31T02:10:00+08:00,,,,,,
,22.175595,120.836703,,,,0.0,94.0,1.0,225.0,245.0,384.0,35.0,42.0,18.0,01Q860,牡丹,,,,2025-07-31T02:10:00+08:00,,,,,,
96.0,22.305064,120.642986,,996.0,0.0,0.0,5.0,0.0,30.5,50.0,141.0,0.0,0.0,0.0,C0R810,內獅,,28.2,,2025-07-31T02:10:00+08:00,2025-07-31T02:00:00+08:00,,,,258.0,5.1
91.0,23.056758,120.408522,,990.9,0.5,0.5,10.0,0.5,39.0,39.5,114.0,1.0,1.5,1.0,C0X200,左鎮,,28.9,,2025-07-31T02:10:00+08:00,2025-07-31T02:00:00+08:00,,,,203.0,2.9
90.0,22.760558,120.267211,,995.1,0.0,0.0,0.0,0.0,2.0,2.0,57.5,0.0,0.0,0.0,C0V610,梓官,,28.9,,2025-07-31T02:10:00+08:00,2025-07-31T02:00:00+08:00,,,,215.0,6.0
95.0,24.347817,120.705686,,983.5,13.0,4.5,20.5,11.5,44.0,44.0,45.0,20.0,20.5,17.5,C0F9Q0,外埔,,25.0,,2025-07-31T02:10:00+08:00,2025-07-31T02:00:00+08:00,,,,194.0,0.8
,24.588003,120.735306,,,,0.0,1.0,0.0,1.0,1.0,7.0,1.0,1.0,1.0,01E310,南勢山,,,,2025-07-31T02:10:00+08:00,,,,,,
89.0,23.536267,120.169311,,996.9,0.0,0.0,0.5,0.0,0.5,0.5,4.5,0.0,0.0,0.0,C0K291,宜梧,,28.8,,2025-07-31T02:10:00+08:00,2025-07-31T02:00:00+08:00,,,,229.0,5.0
,23.279811,120.705319,,,,18.0,411.0,51.0,756.0,785.5,836.0,144.5,321.0,102.0,C1V160,達卡努瓦,,,,2025-07-31T02:10:00+08:00,,,,,,
,23.816114,120.5676,,,,8.0,25.5,20.5,50.5,84.5,84.5,20.5,23.5,20.5,C1G691,下水埔,,,,2025-07-31T02:10:00+08:00,,,,,,
87.0,24.734764,121.781922,2.5,-99.0,,0.0,0.0,0.0,0.0,0.0,2.0,0.0,0.0,0.0,CAUB40,國五S041K,-99.0,27.6,2025-07-31T02:00:00+08:00,2025-07-31T02:10:00+08:00,,-99,-99,多雲,280.0,0.5
,22.892969,120.540195,,,,0.0,28.0,2.0,103.0,107.0,314.0,9.0,16.0,9.0,01P770,美濃(2),,,,2025-07-31T02:10:00+08:00,,,,,,
,23.819214,121.432069,,,,0.0,4.0,1.0,11.0,11.0,14.0,4.0,4.0,4.0,01T560,西林,,,,2025-07-31T02:10:00+08:00,,,,,,
100.0,22.084681,120.863353,,961.3,0.5,0.0,19.0,0.0,45.0,45.5,169.5,0.5,0.5,0.5,C0R760,南仁湖,,25.9,,2025-07-31T02:10:00+08:00,2025-07-31T02:00:00+08:00,,,,242.0,4.4
95.0,23.400069,119.322761,,993.7,0.0,0.0,0.0,0.0,0.5,7.5,43.5,0.0,0.0,0.0,C0W130,花嶼,,27.6,,2025-07-31T02:10:00+08:00,2025-07-31T02:00:00+08:00,,,,200.0,6.7
94.0,22.742908,120.743678,,884.7,25.5,1.5,146.0,8.5,243.5,261.0,354.5,36.0,80.5,27.0,C0R130,阿禮,,21.2,,2025-07-31T02:10:00+08:00,2025-07-31T02:00:00+08:00,,,,264.0,4.4
,24.066314,120.953395,,,,0.0,95.0,0.0,164.0,164.0,315.0,19.0,64.0,14.0,01H720,清流(1),,,,2025-07-31T02:10:00+08:00,,,,,,
88.0,23.360694,120.279361,11.1,-99.0,,,,,,,,,,-99.0,72M360,義竹分場,-99.0,28.5,2025-07-31T02:00:00+08:00,,,-99,-99,陰,230.0,6.4
-99.0,22.9677,120.685703,-99.0,-99.0,,,,,,,,,,-99.0,E2P990,扇平林試,-99.0,-99.0,2025-07-31T02:00:00+08:00,,,-99,-99,陰,-99.0,-99.0
,25.109012,121.657791,,,,0.0,0.0,0.0,0.0,0.0,33.0,0.0,0.0,0.0,NUP490,復興國小,,,,2025-07-31T02:10:00+08:00,,,,,,
,23.533049,120.602587,,,,0.0,95.0,3.0,358.0,388.0,426.0,7.0,65.0,7.0,01L480,樟腦寮(2),,,,2025-07-31T02:10:00+08:00,,,,,,
,24.085275,120.484036,,,,0.0,7.0,2.0,42.0,55.0,61.0,5.0,5.0,5.0,01G090,頭汴,,,,2025-07-31T02:10:00+08:00,,,,,,
,24.397796,120.986018,,,,0.0,1.0,0.0,32.0,32.0,51.0,1.0,1.0,0.0,01E080,松安,,,,2025-07-31T02:10:00+08:00,,,,,,
,25.108056,121.814722,,,,0.0,0.0,0.0,0.0,0.0,0.0,0.0,0.0,0.0,NUP810,員山子,,,,2025-07-31T02:10:00+08:00,,,,,,
,25.00865,121.638017,,,,0.0,0.0,0.0,0.0,0.0,40.0,0.0,0.0,0.0,C1A750,石碇服務區,,,,2025-07-31T02:10:00+08:00,,,,,,
97.0,22.917711,121.122994,,957.1,8.0,0.0,27.0,5.5,71.5,78.0,85.5,10.5,12.0,8.0,C0S710,鹿野,,21.9,,2025-07-31T02:10:00+08:00,2025-07-31T02:00:00+08:00,,,,265.0,2.6
92.0,23.880628,121.581981,,951.2,2.5,0.5,3.0,1.5,5.0,5.0,12.0,3.0,3.0,3.0,C0T9E0,大坑,,23.4,,2025-07-31T02:10:00+08:00,2025-07-31T02:00:00+08:00,,,,225.0,2.0
,23.110591,120.703273,,,,0.0,357.0,19.0,363.0,363.0,475.0,83.0,247.0,43.0,O1V540,高中(2),,,,2025-07-31T02:10:00+08:00,,,,,,
87.0,22.079678,120.714425,9.9,-99.0,,0.0,2.0,0.0,17.0,17.0,254.0,0.0,0.0,0.0,12Q980,恆春工作站,-99.0,28.7,2025-07-31T02:00:00+08:00,2025-07-31T02:10:00+08:00,,-99,-99,陰,260.0,3.6
92.0,22.650775,120.527192,,993.9,-99.0,,,,,,,,,,C0R570,麟洛,,29.4,,,2025-07-31T02:00:00+08:00,,,,56.0,1.8
96.0,22.478475,120.943325,,956.7,1.5,0.5,121.5,0.5,212.0,213.0,249.0,2.0,31.0,2.0,C0S770,大溪山,,23.8,,2025-07-31T02:10:00+08:00,2025-07-31T02:00:00+08:00,,,,13.0,0.3
98.0,23.011789,120.249453,8.8,-99.0,,0.0,4.5,4.5,19.0,19.5,50.0,4.5,4.5,4.5,CAN040,國一N323K,-99.0,28.3,2025-07-31T02:00:00+08:00,2025-07-31T02:10:00+08:00,,-99,-99,陰,250.0,3.4
,24.018778,121.004456,,,,0.0,98.5,1.5,160.5,160.5,220.5,17.0,77.0,14.0,C1I400,凌霄,,,,2025-07-31T02:10:00+08:00,,,,,,
94.0,23.485028,120.473806,8.8,-99.0,,0.0,12.5,1.0,93.0,103.5,198.0,1.0,10.5,1.0,G2L020,嘉義農試,-99.0,27.3,2025-07-31T02:00:00+08:00,2025-07-31T02:10:00+08:00,,-99,-99,陰有雨,230.0,4.2
80.0,25.063861,121.340164,,969.1,0.0,0.0,0.0,0.0,0.0,0.0,52.0,0.0,0.0,0.0,C0C690,國一五楊N44K,,26.9,,2025-07-31T02:10:00+08:00,2025-07-31T02:00:00+08:00,,,,64.0,0.3
,24.925692,121.446624,,,,0.0,0.0,0.0,0.0,0.0,44.5,0.0,0.0,0.0,81AI10,建安國小,,,,2025-07-31T02:10:00+08:00,,,,,,
85.0,24.917736,120.968711,,994.0,0.0,0.0,0.0,0.0,0.0,0.0,24.5,0.0,0.0,0.0,C0D690,外湖,,28.4,,2025-07-31T02:10:00+08:00,2025-07-31T02:00:00+08:00,,,,217.0,9.7
89.0,22.783806,120.246361,,997.9,0.0,0.0,0.0,0.0,0.5,5.0,61.5,0.0,0.0,0.0,C0V650,彌陀,,28.9,,2025-07-31T02:10:00+08:00,2025-07-31T02:00:00+08:00,,,,235.0,5.0
87.0,22.752211,121.154586,7.2,995.8,,0.0,32.0,2.5,70.5,71.0,74.5,10.0,11.5,3.0,467660,臺東,0.0,24.7,2025-07-31T02:00:00+08:00,2025-07-31T02:10:00+08:00,,-99,>30,陰,320.0,2.5
-99.0,24.226944,121.308522,-99.0,-99.0,,,,,,,,,,-99.0,E2HA20,畢祿溪站,-99.0,-99.0,2025-07-31T02:00:00+08:00,,,-99,-99,陰有雨,-99.0,-99.0
81.0,25.184592,121.408617,,992.8,0.0,0.0,0.0,0.0,0.0,0.0,60.0,0.0,0.0,0.0,C0AJ30,淡水觀海,,29.3,,2025-07-31T02:10:00+08:00,2025-07-31T02:00:00+08:00,,,,135.0,1.4
99.0,23.761192,120.502372,,991.0,7.5,1.5,10.0,8.0,19.5,47.0,55.0,9.0,9.5,9.0,C0K480,莿桐,,24.6,,2025-07-31T02:10:00+08:00,2025-07-31T02:00:00+08:00,,,,72.0,1.4
93.0,24.439714,120.653053,,992.4,3.5,0.5,5.0,2.5,16.5,16.5,17.0,5.0,5.0,4.0,C0E830,苑裡,,25.2,,2025-07-31T02:10:00+08:00,2025-07-31T02:00:00+08:00,,,,162.0,3.2
,23.77896,120.896691,,,,1.0,93.0,16.5,335.0,335.0,358.0,36.5,54.0,20.5,81H940,人和國小,,,,2025-07-31T02:10:00+08:00,,,,,,
93.0,23.369892,120.248047,,995.5,0.0,0.0,0.0,0.0,2.0,4.0,24.0,0.0,0.0,0.0,C0M520,東後寮,,28.7,,2025-07-31T02:10:00+08:00,2025-07-31T02:00:00+08:00,,,,225.0,5.7
85.0,24.440218,120.681656,6.9,-99.0,,0.0,5.0,0.5,17.0,17.0,18.5,2.5,5.0,1.5,CAE070,國三N151K,-99.0,25.1,2025-07-31T02:00:00+08:00,2025-07-31T02:10:00+08:00,,-99,-99,陰有雨,180.0,3.4
96.0,24.650688,121.475277,,872.2,0.0,0.0,0.0,0.0,0.0,0.0,0.5,0.0,0.0,0.0,C0UB60,明池,,19.1,,2025-07-31T02:10:00+08:00,2025-07-31T02:00:00+08:00,,,,-99.0,-99.0
98.0,25.00194,121.5975,3.5,-99.0,,0.0,0.0,0.0,0.0,0.0,36.0,0.0,0.0,0.0,CAA090,國三甲005K,-99.0,26.5,2025-07-31T02:00:00+08:00,2025-07-31T02:10:00+08:00,,-99,21-30,多雲,80.0,2.2
94.0,23.987857,120.369607,11.5,-99.0,,0.0,0.5,0.0,1.5,10.0,10.5,0.0,0.0,0.0,CAG080,西濱S189K,-99.0,28.2,2025-07-31T02:00:00+08:00,2025-07-31T02:10:00+08:00,,-99,11-15,陰,240.0,6.2
90.0,22.877755,120.212747,,996.8,0.0,0.0,0.0,0.0,0.0,0.0,53.0,0.0,0.0,0.0,C0V880,興達,,29.3,,2025-07-31T02:10:00+08:00,2025-07-31T02:00:00+08:00,,,,236.0,6.5
92.0,23.173039,120.145086,,997.5,0.5,0.0,0.5,0.0,0.5,1.5,2.0,0.5,0.5,0.5,C0X080,佳里,,28.6,,2025-07-31T02:10:00+08:00,2025-07-31T02:00:00+08:00,,,,237.0,4.9
95.0,23.565503,119.563094,8.6,995.5,,0.0,0.0,0.0,0.0,9.0,58.5,0.0,0.0,0.0,467350,澎湖,0.0,27.9,2025-07-31T02:00:00+08:00,2025-07-31T02:10:00+08:00,,0,11-15,陰,220.0,2.9
,23.9246,121.006903,,,,0.5,45.0,3.0,110.0,110.0,156.5,11.5,16.5,10.0,C1I260,北坑,,,,2025-07-31T02:10:00+08:00,,,,,,
80.0,24.767147,121.057881,,980.7,0.0,0.0,0.0,0.0,0.0,0.0,14.5,0.0,0.0,0.0,C0D560,竹東,,27.7,,2025-07-31T02:10:00+08:00,2025-07-31T02:00:00+08:00,,,,192.0,0.3
100.0,24.864781,121.773961,,933.8,0.0,0.0,0.0,0.0,0.0,0.0,23.0,0.0,0.0,0.0,C0U980,坪林石牌,,23.2,,2025-07-31T02:10:00+08:00,2025-07-31T02:00:00+08:00,,,,328.0,3.2
,25.123897,121.503113,,,,0.0,0.0,0.0,0.0,0.0,77.5,0.0,0.0,0.0,A1AB70,奇岩,,,,2025-07-31T02:10:00+08:00,,,,,,
,24.631502,121.408182,,,,0.0,0.0,0.0,0.0,0.0,2.5,0.0,0.0,0.0,21C090,嘎拉賀,,,,2025-07-31T02:10:00+08:00,,,,,,
,23.594153,120.944286,,,,2.0,41.5,10.0,124.0,126.0,143.5,26.0,35.0,15.0,C1I450,望鄉山,,,,2025-07-31T02:10:00+08:00,,,,,,
,25.094893,121.56991,,,,0.0,0.0,0.0,0.0,0.0,44.5,0.0,0.0,0.0,A1AG80,金面山,,,,2025-07-31T02:10:00+08:00,,,,,,
92.0,23.649797,120.315011,,995.0,1.5,0.0,3.0,1.5,18.0,39.0,69.0,1.5,2.0,1.5,C0K500,元長,,28.5,,2025-07-31T02:10:00+08:00,2025-07-31T02:00:00+08:00,,,,241.0,4.2
84.0,25.02955,121.53628,0.2,-99.0,,0.0,0.0,0.0,0.0,0.0,56.0,0.0,0.0,0.0,CAAH60,大安森林,-99.0,27.3,2025-07-31T02:00:00+08:00,2025-07-31T02:10:00+08:00,,-99,-99,多雲,0.0,0.0
,25.037192,121.585606,,,,0.0,0.0,0.0,0.0,0.0,46.5,0.0,0.0,0.0,A1AA60,留公國中,,,,2025-07-31T02:10:00+08:00,,,,,,
,23.537022,120.607797,,,,1.0,85.0,3.0,328.5,356.0,396.0,6.0,55.0,5.5,C1M480,獨立山,,,,2025-07-31T02:10:00+08:00,,,,,,
,25.089894,121.55131,,,,0.0,0.0,0.0,0.0,0.0,61.5,0.0,0.0,0.0,A1AD50,劍南路,,,,2025-07-31T02:10:00+08:00,,,,,,
91.0,22.024403,120.839892,,992.2,0.0,0.0,14.0,0.0,30.0,30.5,206.5,0.0,0.0,0.0,C0R780,滿州,,28.0,,2025-07-31T02:10:00+08:00,2025-07-31T02:00:00+08:00,,,,229.0,4.4
88.0,24.93775,121.266389,2.7,-99.0,,,,,,,,,,-99.0,V2C250,八德合作社,-99.0,27.4,2025-07-31T02:00:00+08:00,,,-99,-99,多雲,180.0,1.2
,23.169246,121.041436,,,,0.0,38.0,1.0,74.0,76.0,88.0,10.0,16.0,6.0,01S430,霧鹿,,,,2025-07-31T02:10:00+08:00,,,,,,
94.0,24.539133,120.920042,,972.7,0.5,0.0,0.5,0.0,2.5,2.5,18.0,0.5,0.5,0.5,C0E820,獅潭,,24.5,,2025-07-31T02:10:00+08:00,2025-07-31T02:00:00+08:00,,,,215.0,2.6
,25.110338,121.803301,,,,0.0,0.0,0.0,0.0,0.0,12.0,0.0,0.0,0.0,01A380,瑞芳(2),,,,2025-07-31T02:10:00+08:00,,,,,,
,24.614906,121.637272,,,,0.0,0.0,0.0,0.0,0.0,1.0,0.0,0.0,0.0,01U790,清水,,,,2025-07-31T02:10:00+08:00,,,,,,
99.0,24.137006,120.637969,,989.7,39.0,1.0,73.0,15.0,168.5,168.5,171.5,51.0,66.0,40.0,C0F9U0,南屯,,23.7,,2025-07-31T02:10:00+08:00,2025-07-31T02:00:00+08:00,,,,150.0,1.3
85.0,24.950281,121.196314,7.3,-99.0,,0.0,0.0,0.0,0.0,0.0,72.0,0.0,0.0,0.0,CAC760,國一高架N063K,-99.0,27.7,2025-07-31T02:00:00+08:00,2025-07-31T02:10:00+08:00,,-99,>30,多雲,200.0,1.3
,22.690878,120.99909,,,,0.0,53.0,1.0,83.0,84.0,97.0,11.0,45.0,9.0,01S210,知本(5),,,,2025-07-31T02:10:00+08:00,,,,,,
100.0,24.332372,120.717144,4.5,-99.0,,2.0,25.0,11.0,60.5,60.5,61.0,23.0,25.0,19.5,CAF950,國一N158K,-99.0,24.2,2025-07-31T02:00:00+08:00,2025-07-31T02:10:00+08:00,,-99,2.7,陰有雷雨,170.0,1.3
92.0,23.646064,120.431525,,992.7,0.5,0.0,2.5,0.0,35.0,47.0,75.0,0.5,2.5,0.5,C0K450,大埤,,28.2,,2025-07-31T02:10:00+08:00,2025-07-31T02:00:00+08:00,,,,228.0,5.3
100.0,22.684872,121.005644,,943.1,6.5,0.0,45.0,1.5,73.0,73.5,85.0,10.0,37.0,6.5,C0S700,知本,,22.5,,2025-07-31T02:10:00+08:00,2025-07-31T02:00:00+08:00,,,,179.0,0.7
94.0,24.489681,120.790853,,979.2,-99.0,0.0,6.0,0.0,12.5,12.5,21.5,6.0,6.0,1.5,C0E780,銅鑼,,25.1,,2025-07-31T02:10:00+08:00,2025-07-31T02:00:00+08:00,,,,212.0,1.1
-99.0,23.538372,120.702961,7.5,-99.0,,14.5,284.5,34.0,564.5,583.0,619.0,96.0,214.5,58.0,C2M950,太和,-99.0,18.7,2025-07-31T02:00:00+08:00,2025-07-31T02:10:00+08:00,,-99,-99,陰有雷雨,10.0,2.2
,25.032491,121.611605,,,,0.0,0.0,0.0,0.0,0.0,44.5,0.0,0.0,0.0,A1AC60,九如里,,,,2025-07-31T02:10:00+08:00,,,,,,
99.0,23.345667,121.213164,,910.5,1.5,0.5,4.0,0.5,19.0,19.5,19.5,2.5,3.0,2.0,C0Z050,佳心,,20.5,,2025-07-31T02:10:00+08:00,2025-07-31T02:00:00+08:00,,,,330.0,0.5
92.0,23.30609,120.290033,11.9,-99.0,,0.0,3.5,0.0,5.0,5.5,51.0,3.5,3.5,3.5,CAN010,國一N288K,-99.0,28.6,2025-07-31T02:00:00+08:00,2025-07-31T02:10:00+08:00,,-99,16-20,陰,260.0,6.5
91.0,23.103439,120.086694,14.5,-99.0,,0.0,0.0,0.0,0.0,18.0,22.0,0.0,0.0,0.0,CAN120,西濱N304K,-99.0,28.9,2025-07-31T02:00:00+08:00,2025-07-31T02:10:00+08:00,,-99,11-15,陰,240.0,9.9
,23.291597,120.463822,,,,0.0,12.5,0.0,65.5,69.0,151.5,6.0,10.0,3.5,C1X040,東原,,,,2025-07-31T02:10:00+08:00,,,,,,
77.0,25.091966,121.192505,7.8,-99.0,,0.0,0.0,0.0,0.0,0.0,34.5,0.0,0.0,0.0,CAC060,西濱S032K,-99.0,28.9,2025-07-31T02:00:00+08:00,2025-07-31T02:10:00+08:00,,-99,16-20,多雲,150.0,3.3
,24.853611,121.4375,,,,0.0,0.0,0.0,0.0,0.0,27.0,0.0,0.0,0.0,81AI20,有木國小,,,,2025-07-31T02:10:00+08:00,,,,,,
93.0,22.902581,121.084058,,971.5,9.5,0.5,45.5,7.5,90.5,98.5,107.0,13.5,21.0,10.0,C0S930,延平,,23.0,,2025-07-31T02:10:00+08:00,2025-07-31T02:00:00+08:00,,,,236.0,4.5
-99.0,25.094819,121.717128,,991.6,0.0,0.0,0.0,0.0,0.0,0.0,20.5,0.0,0.0,0.0,C0B010,七堵,,-99.0,,2025-07-31T02:10:00+08:00,2025-07-31T02:00:00+08:00,,,,226.0,2.1
91.0,22.730432,120.312516,10.0,996.7,,0.0,0.0,0.0,1.0,1.5,75.0,0.0,0.0,0.0,467441,高雄,0.0,29.0,2025-07-31T02:00:00+08:00,2025-07-31T02:10:00+08:00,,0,21-30,陰,250.0,3.3
87.0,24.686369,121.797944,,993.8,0.0,0.0,0.0,0.0,0.0,0.0,0.5,0.0,0.0,0.0,C0U780,五結,,27.6,,2025-07-31T02:10:00+08:00,2025-07-31T02:00:00+08:00,,,,246.0,0.7
94.0,22.462467,120.440744,,996.5,-99.0,0.0,1.0,0.0,32.5,40.0,121.0,0.0,0.0,0.0,C0R640,東港,,28.3,,2025-07-31T02:10:00+08:00,2025-07-31T02:00:00+08:00,,,,232.0,5.5
,23.463619,120.954147,,,,5.0,75.0,22.5,171.0,172.5,214.0,33.0,46.0,26.5,C1V170,排雲,,,,2025-07-31T02:10:00+08:00,,,,,,
100.0,23.763919,120.788061,1.8,-99.0,,5.5,269.5,33.0,483.5,485.0,500.5,100.0,254.5,63.5,C2H9U0,鳳鵬,-99.0,22.2,2025-07-31T02:00:00+08:00,2025-07-31T02:10:00+08:00,,-99,-99,陰有雷雨,170.0,0.5
93.0,24.8284,121.40888,,901.1,0.0,0.0,0.0,0.0,0.0,0.0,17.0,0.0,0.0,0.0,C0C790,東眼山,,21.8,,2025-07-31T02:10:00+08:00,2025-07-31T02:00:00+08:00,,,,97.0,1.1
,23.403797,121.459474,,,,0.0,5.0,1.0,8.0,8.0,8.0,5.0,5.0,4.0,01S270,樟原(1),,,,2025-07-31T02:10:00+08:00,,,,,,
91.0,23.8068,120.367939,7.9,-99.0,,0.0,0.5,0.0,6.5,28.0,62.5,0.0,0.5,0.0,V2K610,大庄合作社,-99.0,28.3,2025-07-31T02:00:00+08:00,2025-07-31T02:10:00+08:00,,-99,-99,陰,230.0,3.7
,23.630394,120.615417,,,,0.0,96.0,8.0,172.0,184.0,184.0,18.0,78.0,12.0,01J960,大埔,,,,2025-07-31T02:10:00+08:00,,,,,,
94.0,23.619744,120.140036,,995.2,0.0,0.0,0.0,0.0,6.0,6.0,24.5,0.0,0.0,0.0,C0K600,箔子寮,,28.5,,2025-07-31T02:10:00+08:00,2025-07-31T02:00:00+08:00,,,,240.0,12.0
80.0,24.967652,121.185165,5.2,-99.0,,0.0,0.0,0.0,0.0,0.0,81.5,0.0,0.0,0.0,C2C410,中央大學,-99.0,27.7,2025-07-31T02:00:00+08:00,2025-07-31T02:10:00+08:00,,-99,-99,多雲,200.0,1.7
95.0,22.907694,121.130139,4.8,-99.0,,0.0,24.0,4.0,65.5,72.0,79.0,7.5,8.5,5.5,82S580,臺東茶改,-99.0,22.7,2025-07-31T02:00:00+08:00,2025-07-31T02:10:00+08:00,,-99,-99,陰,280.0,2.2
92.0,22.894167,120.271178,12.6,-99.0,,0.0,0.5,0.0,0.5,0.5,75.0,0.0,0.5,0.0,CAV270,國一S336K,-99.0,29.1,2025-07-31T02:00:00+08:00,2025-07-31T02:10:00+08:00,,-99,16-20,陰,210.0,7.5
,23.826281,120.774892,,,,0.0,267.0,27.0,490.0,490.0,490.0,138.0,232.0,117.0,00H710,集集(2),,,,2025-07-31T02:10:00+08:00,,,,,,
100.0,23.455167,121.495028,,986.9,4.5,0.5,6.0,1.5,8.5,8.5,8.5,6.0,6.0,5.0,C0T9M0,靜浦,,24.2,,2025-07-31T02:10:00+08:00,2025-07-31T02:00:00+08:00,,,,269.0,1.4
99.0,24.23192,120.9786,,794.2,3.5,0.5,14.0,2.5,74.0,74.5,157.5,7.0,11.0,4.0,C0FB20,雪山橋,,16.3,,2025-07-31T02:10:00+08:00,2025-07-31T02:00:00+08:00,,,,-99.0,-99.0
99.0,23.532742,120.843667,,837.0,57.0,3.0,169.5,38.5,360.5,363.5,390.5,83.0,115.5,60.0,C0H9A0,神木村,,17.1,,2025-07-31T02:10:00+08:00,2025-07-31T02:00:00+08:00,,,,285.0,0.7
,23.75386,120.639013,,,,3.0,112.0,31.5,176.5,190.0,504.0,51.5,108.5,50.0,81K580,坪頂,,,,2025-07-31T02:10:00+08:00,,,,,,
93.0,23.425381,120.522903,,980.6,3.0,0.0,22.0,0.0,98.5,112.5,183.5,3.0,17.0,3.0,C0M640,中埔,,27.1,,2025-07-31T02:10:00+08:00,2025-07-31T02:00:00+08:00,,,,226.0,4.6
100.0,23.953536,120.833183,6.9,-99.0,,0.5,126.5,6.0,271.5,271.5,293.5,44.0,87.5,26.5,C2H9S0,龍南,-99.0,19.2,2025-07-31T02:00:00+08:00,2025-07-31T02:10:00+08:00,,-99,-99,陰有雷雨,110.0,1.1
91.0,23.118847,120.360833,,993.2,9.0,0.0,14.0,3.5,39.0,39.0,81.0,11.5,11.5,9.0,C0O860,大內,,28.0,,2025-07-31T02:10:00+08:00,2025-07-31T02:00:00+08:00,,,,265.0,2.7
79.0,25.144756,121.791672,,995.2,0.0,0.0,0.0,0.0,0.0,0.0,10.5,0.0,0.0,0.0,C0B050,八斗子,,29.5,,2025-07-31T02:10:00+08:00,2025-07-31T02:00:00+08:00,,,,238.0,1.1
,23.628333,120.870556,,,,2.5,99.0,26.0,193.5,193.5,205.0,62.0,97.0,48.5,81H990,羅娜國小,,,,2025-07-31T02:10:00+08:00,,,,,,
93.0,22.507747,120.394511,,996.5,0.0,0.0,3.5,0.0,40.0,51.0,115.5,0.0,0.0,0.0,C0V720,林園,,29.5,,2025-07-31T02:10:00+08:00,2025-07-31T02:00:00+08:00,,,,243.0,4.4
100.0,23.504106,120.490742,9.6,-99.0,,0.0,16.5,4.5,80.0,89.0,167.5,4.5,10.0,4.5,CAM900,國三S290K,-99.0,27.3,2025-07-31T02:00:00+08:00,2025-07-31T02:10:00+08:00,,-99,3-6,陰有雨,220.0,2.6
,22.964938,120.359823,,,,0.0,0.0,0.0,6.0,6.0,51.0,0.0,0.0,0.0,01N860,崎頂,,,,2025-07-31T02:10:00+08:00,,,,,,
,24.767971,121.35156,,,,0.0,0.0,0.0,0.0,0.0,11.0,0.0,0.0,0.0,81C710,高坡國小,,,,2025-07-31T02:10:00+08:00,,,,,,
,24.298227,120.905896,,,,0.0,12.0,0.0,87.0,87.0,163.5,11.5,11.5,0.5,81E870,白布帆,,,,2025-07-31T02:10:00+08:00,,,,,,
,23.278428,121.271983,,,,0.0,5.0,1.0,21.0,21.0,24.0,2.0,3.0,1.0,O1T810,卓清國小,,,,2025-07-31T02:10:00+08:00,,,,,,
91.0,22.279725,120.889208,,996.2,13.0,1.5,61.0,6.5,134.5,147.0,191.0,15.5,32.5,14.5,C0S840,南田,,27.2,,2025-07-31T02:10:00+08:00,2025-07-31T02:00:00+08:00,,,,199.0,2.4
91.0,22.905944,120.688056,,951.1,14.0,0.0,62.0,6.0,325.0,351.0,576.5,17.5,22.0,14.0,C0V790,萬山,,25.1,,2025-07-31T02:10:00+08:00,2025-07-31T02:00:00+08:00,,,,234.0,7.7
,24.829422,121.071412,,,,0.0,0.0,0.0,0.0,0.0,30.0,0.0,0.0,0.0,01D310,新埔(1),,,,2025-07-31T02:10:00+08:00,,,,,,
,24.766464,121.119178,,,,0.0,0.0,0.0,0.0,0.0,21.0,0.0,0.0,0.0,C1D630,飛鳳山,,,,2025-07-31T02:10:00+08:00,,,,,,
97.0,24.757275,121.184792,1.8,-99.0,,0.0,0.0,0.0,0.0,0.0,20.0,0.0,0.0,0.0,C2D720,關西工作站,-99.0,25.0,2025-07-31T02:00:00+08:00,2025-07-31T02:10:00+08:00,,-99,-99,陰,310.0,0.5
93.0,22.608483,120.570714,,993.7,1.5,0.0,11.0,1.0,101.0,128.5,206.0,3.0,3.5,1.5,C0R960,內埔,,27.9,,2025-07-31T02:10:00+08:00,2025-07-31T02:00:00+08:00,,,,200.0,2.4
96.0,24.148933,120.484403,,994.7,14.5,4.0,18.5,15.0,49.0,57.5,60.5,18.5,18.5,18.5,C0G890,伸港,,24.1,,2025-07-31T02:10:00+08:00,2025-07-31T02:00:00+08:00,,,,109.0,3.0
81.0,24.912375,121.143047,,977.1,0.0,0.0,0.0,0.0,0.0,0.0,39.0,0.0,0.0,0.0,C0C660,楊梅,,27.4,,2025-07-31T02:10:00+08:00,2025-07-31T02:00:00+08:00,,,,198.0,0.9
88.0,24.973208,121.445169,,990.9,-99.0,0.0,0.0,0.0,0.0,0.0,52.5,0.0,0.0,0.0,C0AD40,土城,,27.1,,2025-07-31T02:10:00+08:00,2025-07-31T02:00:00+08:00,,,,123.0,0.4
-99.0,23.380864,120.167778,,-99.0,-99.0,0.0,0.0,0.0,2.5,2.5,7.5,0.0,0.0,0.0,C0M750,布袋,,-99.0,,2025-07-31T02:10:00+08:00,2025-07-31T02:00:00+08:00,,,,-99.0,-99.0
88.0,23.604119,120.403556,,993.3,0.0,0.0,2.5,0.0,8.5,17.5,97.5,0.0,2.5,0.0,C0M660,溪口,,28.7,,2025-07-31T02:10:00+08:00,2025-07-31T02:00:00+08:00,,,,229.0,6.9
99.0,24.041897,120.699472,,989.3,25.0,6.0,163.0,11.0,287.0,287.0,287.5,56.0,124.5,31.0,C0FA50,霧峰,,23.8,,2025-07-31T02:10:00+08:00,2025-07-31T02:00:00+08:00,,,,294.0,1.0
,23.793611,120.710833,,,,0.0,92.5,0.0,241.0,241.0,241.0,0.0,80.0,0.0,81H980,車籠埔,,,,2025-07-31T02:10:00+08:00,,,,,,
,23.240423,120.696717,,,,10.0,325.0,35.0,578.0,624.5,677.5,99.5,220.5,59.5,81V830,那瑪夏國中,,,,2025-07-31T02:10:00+08:00,,,,,,
100.0,24.405478,120.749819,8.6,-99.0,,0.0,16.5,1.5,47.0,47.0,51.0,15.0,16.5,8.5,C2E880,三義,-99.0,22.6,2025-07-31T02:00:00+08:00,2025-07-31T02:10:00+08:00,,-99,-99,陰有雨,150.0,4.0
,25.092496,121.51671,,,,0.0,0.0,0.0,0.0,0.0,64.5,0.0,0.0,0.0,A1A9W0,陽明高中,,,,2025-07-31T02:10:00+08:00,,,,,,
92.0,25.055192,121.925264,,992.5,0.0,0.0,0.0,0.0,0.0,0.0,1.5,0.0,0.0,0.0,C0AJ90,澳底,,27.2,,2025-07-31T02:10:00+08:00,2025-07-31T02:00:00+08:00,,,,275.0,2.2
92.0,23.877586,120.514222,4.3,-99.0,,5.5,9.0,6.0,41.5,88.0,88.0,6.0,8.5,0.5,C2G840,北斗,-99.0,25.3,2025-07-31T02:00:00+08:00,2025-07-31T02:10:00+08:00,,-99,-99,陰有雨,140.0,0.6
,25.084692,121.591709,,,,0.0,0.0,0.0,0.0,0.0,46.5,0.0,0.0,0.0,A1AA40,碧湖國小,,,,2025-07-31T02:10:00+08:00,,,,,,
92.0,25.002703,121.628328,,986.3,0.0,0.0,0.0,0.0,0.0,0.0,40.0,0.0,0.0,0.0,C0AH80,深坑,,27.7,,2025-07-31T02:10:00+08:00,2025-07-31T02:00:00+08:00,,,,0.0,0.0
,24.192044,121.388386,,,,0.5,4.0,2.5,12.5,0.0,-99.0,4.0,4.0,4.0,C1T810,慈恩,,,,2025-07-31T02:10:00+08:00,,,,,,
,25.168295,121.528315,,,,0.0,0.0,0.0,0.0,0.0,73.5,0.0,0.0,0.0,A1AD20,竹子湖,,,,2025-07-31T02:10:00+08:00,,,,,,
100.0,24.129842,120.858925,6.4,-99.0,,0.5,95.5,9.0,207.0,207.5,333.5,60.5,66.5,38.0,C2FB60,頭櫃山,-99.0,20.0,2025-07-31T02:00:00+08:00,2025-07-31T02:10:00+08:00,,-99,-99,陰有雷雨,120.0,3.6
92.0,24.96,121.4306,1.8,-99.0,,0.0,0.0,0.0,0.0,0.0,56.0,0.0,0.0,0.0,CAA060,國三S042K,-99.0,26.8,2025-07-31T02:00:00+08:00,2025-07-31T02:10:00+08:00,,-99,7-10,多雲,-99.0,0.6
,24.705412,121.183143,,,,0.0,0.0,0.0,0.0,0.0,24.0,0.0,0.0,0.0,81D650,內灣國小,,,,2025-07-31T02:10:00+08:00,,,,,,
87.0,24.498589,120.673878,,995.8,0.5,0.0,3.5,0.0,9.0,9.0,10.5,3.5,3.5,0.5,C0E920,通霄漁港,,26.3,,2025-07-31T02:10:00+08:00,2025-07-31T02:00:00+08:00,,,,182.0,4.7
99.0,23.058972,120.336406,8.5,-99.0,,0.5,12.0,6.0,35.0,35.0,58.5,6.0,6.0,5.5,B2N890,畜試所,-99.0,26.9,2025-07-31T02:00:00+08:00,2025-07-31T02:10:00+08:00,,-99,-99,陰有雨,200.0,2.0
84.0,24.437419,121.381669,,874.9,0.0,0.0,0.0,0.0,0.0,0.0,6.0,0.0,0.0,0.0,C0U720,南山,,22.0,,2025-07-31T02:10:00+08:00,2025-07-31T02:00:00+08:00,,,,136.0,0.7
88.0,23.955116,120.662376,8.5,-99.0,,0.0,80.5,6.5,194.5,199.0,199.0,11.5,78.5,9.0,CAH010,國三N223K,-99.0,23.8,2025-07-31T02:00:00+08:00,2025-07-31T02:10:00+08:00,,-99,7-10,陰有雷雨,190.0,2.7
94.0,22.614594,120.26468,12.1,-99.0,,0.0,4.5,0.0,8.5,8.5,82.5,0.0,0.0,0.0,CAP070,高雄燈塔,-99.0,28.3,2025-07-31T02:00:00+08:00,2025-07-31T02:10:00+08:00,,-99,-99,陰,250.0,5.3
,23.496606,120.663506,,,,2.5,180.5,15.0,484.0,520.0,562.5,37.5,130.0,28.5,C1M610,石磐龍,,,,2025-07-31T02:10:00+08:00,,,,,,
75.0,25.051478,121.446756,,992.5,0.0,0.0,0.0,0.0,0.0,0.0,45.0,0.0,0.0,0.0,C0ACA0,新莊,,29.2,,2025-07-31T02:10:00+08:00,2025-07-31T02:00:00+08:00,,,,0.0,0.0
91.0,24.105169,120.492131,,994.6,8.5,1.0,13.0,6.5,57.5,62.0,65.0,9.5,9.5,9.5,C0G9B0,和美,,24.6,,2025-07-31T02:10:00+08:00,2025-07-31T02:00:00+08:00,,,,125.0,2.7
94.0,22.598922,120.980044,4.1,-99.0,,0.0,20.0,0.0,52.5,53.0,64.0,1.0,19.5,0.5,E2S980,太麻里(1),-99.0,24.5,2025-07-31T02:00:00+08:00,2025-07-31T02:10:00+08:00,,-99,-99,陰,270.0,1.9
100.0,22.588194,120.664944,,916.1,8.0,0.0,86.5,6.0,283.5,366.5,482.0,8.5,11.0,8.0,C0R600,舊泰武,,23.8,,2025-07-31T02:10:00+08:00,2025-07-31T02:00:00+08:00,,,,234.0,5.2
96.0,24.372178,120.583125,,995.0,3.0,0.0,11.5,2.5,41.0,41.0,44.0,11.5,11.5,3.0,C0FA20,溫寮,,25.0,,2025-07-31T02:10:00+08:00,2025-07-31T02:00:00+08:00,,,,141.0,7.6
98.0,23.748675,120.609642,,986.6,54.0,0.0,95.0,12.0,138.0,170.0,170.5,58.5,94.5,54.0,C0K470,林內,,23.8,,2025-07-31T02:10:00+08:00,2025-07-31T02:00:00+08:00,,,,108.0,3.3
95.0,24.853233,121.830797,,994.5,0.0,0.0,0.0,0.0,0.0,0.0,8.0,0.0,0.0,0.0,C0U860,頭城,,26.6,,2025-07-31T02:10:00+08:00,2025-07-31T02:00:00+08:00,,,,0.0,0.0
91.0,24.173142,120.722289,,981.1,41.0,0.5,105.0,21.5,180.5,180.5,204.5,45.5,101.5,41.5,C0F970,大坑,,25.2,,2025-07-31T02:10:00+08:00,2025-07-31T02:00:00+08:00,,,,0.0,0.0
92.0,24.800636,121.813892,,995.2,0.0,0.0,0.0,0.0,0.0,0.0,7.5,0.0,0.0,0.0,C0U970,大福,,26.8,,2025-07-31T02:10:00+08:00,2025-07-31T02:00:00+08:00,,,,0.0,0.0
,24.942842,121.638556,,,,0.0,0.0,0.0,0.0,0.0,24.5,0.0,0.0,0.0,C1A760,坪林交控,,,,2025-07-31T02:10:00+08:00,,,,,,
95.0,23.347467,120.414428,,992.2,6.5,0.0,11.0,0.5,32.5,33.5,112.0,10.5,10.5,6.5,C0X210,白河,,27.8,,2025-07-31T02:10:00+08:00,2025-07-31T02:00:00+08:00,,,,237.0,2.9
90.0,23.272603,120.247622,,995.8,0.0,0.0,0.0,0.0,0.5,1.5,24.5,0.0,0.0,0.0,C0X230,鹽水,,28.7,,2025-07-31T02:10:00+08:00,2025-07-31T02:00:00+08:00,,,,240.0,2.5
,23.25163,120.57636,,,,0.0,108.5,19.0,246.0,297.5,372.0,50.5,73.0,40.5,C1M400,菜瓜坪,,,,2025-07-31T02:10:00+08:00,,,,,,
90.0,22.646611,120.356083,8.5,-99.0,,0.0,3.5,0.0,9.5,9.5,82.5,0.0,0.0,0.0,G2P820,鳳山農試,-99.0,28.6,2025-07-31T02:00:00+08:00,2025-07-31T02:10:00+08:00,,-99,-99,陰,230.0,2.4
97.0,23.761225,120.688156,,979.4,70.0,5.5,197.5,29.5,306.0,313.0,313.0,82.5,183.5,75.5,C0I110,竹山,,23.2,,2025-07-31T02:10:00+08:00,2025-07-31T02:00:00+08:00,,,,84.0,1.0
97.0,22.660269,120.494027,6.8,-99.0,,0.0,10.0,1.0,50.0,50.0,136.5,2.5,3.0,1.0,C2R170,屏東,-99.0,27.5,2025-07-31T02:00:00+08:00,2025-07-31T02:10:00+08:00,,-99,-99,陰,240.0,1.2
95.0,24.214641,120.490744,,995.4,8.5,1.0,11.0,3.0,40.0,40.0,40.5,11.0,11.0,9.5,C0FA40,臺中電廠,,24.4,,2025-07-31T02:10:00+08:00,2025-07-31T02:00:00+08:00,,,,169.0,2.7
79.0,25.11649,121.27551,5.7,-99.0,,0.0,0.0,0.0,0.0,0.0,21.5,0.0,0.0,0.0,CAC050,西濱S023K,-99.0,29.0,2025-07-31T02:00:00+08:00,2025-07-31T02:10:00+08:00,,-99,>30,多雲,210.0,2.5
78.0,25.066881,121.658778,,990.2,0.0,0.0,0.0,0.0,0.0,0.0,34.0,0.0,0.0,0.0,C0AH00,汐止,,29.4,,2025-07-31T02:10:00+08:00,2025-07-31T02:00:00+08:00,,,,193.0,1.7
80.0,25.133314,121.740475,4.3,992.5,,0.0,0.0,0.0,0.0,0.0,18.5,0.0,0.0,0.0,466940,基隆,0.0,29.1,2025-07-31T02:00:00+08:00,2025-07-31T02:10:00+08:00,,0,>30,多雲,210.0,2.6
,24.635269,120.820796,,,,0.0,1.0,0.0,1.0,1.0,9.0,1.0,1.0,1.0,01E390,大潭,,,,2025-07-31T02:10:00+08:00,,,,,,
86.0,24.307169,121.770069,,993.0,0.0,0.0,0.0,0.0,0.0,0.0,0.0,0.0,0.0,0.0,C0Z230,和平,,27.0,,2025-07-31T02:10:00+08:00,2025-07-31T02:00:00+08:00,,,,215.0,1.6
100.0,24.296465,120.643135,6.0,-99.0,,3.0,42.0,13.5,86.0,86.0,89.0,40.5,42.0,21.0,CAF090,國四E5K,-99.0,24.0,2025-07-31T02:00:00+08:00,2025-07-31T02:10:00+08:00,,-99,-99,陰有雨,140.0,3.2
,23.961922,120.991131,,,,0.0,56.0,3.5,110.0,110.0,170.0,17.5,26.5,9.5,C1I250,鯉潭,,,,2025-07-31T02:10:00+08:00,,,,,,
80.0,25.006725,121.047492,9.6,993.4,,0.0,0.0,0.0,0.0,0.0,31.5,0.0,0.0,0.0,467050,新屋,0.0,28.4,2025-07-31T02:00:00+08:00,2025-07-31T02:10:00+08:00,,0,>30,多雲,230.0,5.6
,24.631479,121.117585,,,,0.0,0.0,0.0,0.0,0.0,14.0,0.0,0.0,0.0,81D600,五峰國小,,,,2025-07-31T02:10:00+08:00,,,,,,
86.0,23.346388,120.438888,8.1,-99.0,,0.0,14.5,2.5,40.5,41.0,116.0,13.0,14.0,8.0,CAN060,國三S311K,-99.0,27.8,2025-07-31T02:00:00+08:00,2025-07-31T02:10:00+08:00,,-99,11-15,陰有雷,220.0,2.9
91.0,22.7405,120.490503,,992.3,2.0,0.0,6.5,0.0,38.5,43.5,174.5,2.0,2.5,2.0,C0R490,九如,,28.7,,2025-07-31T02:10:00+08:00,2025-07-31T02:00:00+08:00,,,,209.0,2.2
-99.0,23.610292,120.436867,-99.0,-99.0,,3.0,9.5,4.0,22.5,33.0,98.0,4.0,8.5,-99.0,CAL010,國一N250K,-99.0,-99.0,2025-07-31T02:00:00+08:00,2025-07-31T02:10:00+08:00,,-99,-99,陰,-99.0,-99.0
100.0,24.067969,121.209389,4.2,-99.0,,0.0,24.5,1.5,51.0,51.5,138.0,5.5,9.5,4.5,C2D740,屯原,-99.0,16.2,2025-07-31T02:00:00+08:00,2025-07-31T02:10:00+08:00,,-99,-99,陰有雨,60.0,1.8
98.0,23.340258,120.379661,10.2,-99.0,,0.0,4.5,0.0,16.0,16.5,84.5,4.5,4.5,4.5,A2N290,蘭花園區,-99.0,27.6,2025-07-31T02:00:00+08:00,2025-07-31T02:10:00+08:00,,-99,-99,陰,230.0,2.1
97.0,23.903319,120.376069,,994.9,0.0,0.0,1.0,0.0,7.5,36.5,61.0,0.0,1.0,0.0,C0G730,二林,,28.4,,2025-07-31T02:10:00+08:00,2025-07-31T02:00:00+08:00,,,,221.0,2.6
89.0,24.542003,121.513453,,900.5,0.0,0.0,0.0,0.0,0.0,0.0,0.0,0.0,0.0,0.0,C0UB70,太平山中間站,,24.6,,2025-07-31T02:10:00+08:00,2025-07-31T02:00:00+08:00,,,,267.0,1.3
,23.992778,120.7625,,,,0.0,120.0,7.5,227.0,227.0,233.5,32.5,98.0,23.5,81H910,平林國小,,,,2025-07-31T02:10:00+08:00,,,,,,
100.0,23.248397,120.986133,,765.7,27.5,1.0,69.5,11.5,150.5,151.0,161.0,36.5,49.5,28.5,C0S750,向陽,,13.9,,2025-07-31T02:10:00+08:00,2025-07-31T02:00:00+08:00,,,,321.0,0.5
90.0,23.975222,121.563889,4.2,-99.0,,0.5,1.5,1.0,2.5,2.5,8.0,1.5,1.5,1.0,72T250,花蓮農改,-99.0,25.3,2025-07-31T02:00:00+08:00,2025-07-31T02:10:00+08:00,,-99,-99,陰,200.0,0.9
94.0,22.392861,120.55478,,997.6,0.0,0.0,9.0,0.0,66.0,80.0,163.5,0.0,0.5,0.0,C0R910,下寮,,28.1,,2025-07-31T02:10:00+08:00,2025-07-31T02:00:00+08:00,,,,239.0,5.2
100.0,23.080106,120.591758,8.5,-99.0,,3.0,74.5,22.5,162.5,188.5,389.0,40.0,65.0,23.5,C2V250,甲仙,-99.0,25.3,2025-07-31T02:00:00+08:00,2025-07-31T02:10:00+08:00,,-99,-99,陰有雨,190.0,1.5
,23.406728,120.654417,,,,0.0,168.5,24.0,346.5,400.0,433.5,56.5,129.5,50.0,C1M390,龍美,,,,2025-07-31T02:10:00+08:00,,,,,,
,24.037079,121.604462,,,,0.0,0.0,0.0,1.0,1.0,5.0,0.0,0.0,0.0,01T500,北埔,,,,2025-07-31T02:10:00+08:00,,,,,,
97.0,23.126042,120.46055,5.7,-99.0,,5.0,24.5,5.5,60.0,61.5,188.5,18.5,22.5,7.5,C2O930,玉井,-99.0,27.2,2025-07-31T02:00:00+08:00,2025-07-31T02:10:00+08:00,,-99,-99,陰,220.0,1.2
-99.0,24.192719,121.001366,,-99.0,-99.0,,,,,,,,,,C0FB30,八仙山苗圃,,-99.0,,,2025-07-31T02:00:00+08:00,,,,-99.0,-99.0
100.0,23.568632,120.624165,17.0,-99.0,,2.0,129.0,9.0,354.5,378.0,395.0,15.0,89.5,7.0,C2M970,碧湖,-99.0,22.4,2025-07-31T02:00:00+08:00,2025-07-31T02:10:00+08:00,,-99,-99,陰有雷,230.0,7.9
,23.631944,121.397778,,,,0.0,5.5,1.0,17.0,17.0,17.0,4.5,4.5,3.5,88T920,大興,,,,2025-07-31T02:10:00+08:00,,,,,,
92.0,22.190131,120.692156,,998.0,0.0,0.0,13.0,0.0,39.0,40.0,165.0,0.0,0.0,0.0,C0R670,楓港,,28.0,,2025-07-31T02:10:00+08:00,2025-07-31T02:00:00+08:00,,,,230.0,5.2
94.0,25.14583,121.7217,1.7,-99.0,,0.0,0.0,0.0,0.0,0.0,17.0,0.0,0.0,0.0,CAB050,國三N002K,-99.0,26.2,2025-07-31T02:00:00+08:00,2025-07-31T02:10:00+08:00,,-99,-99,多雲,210.0,0.4
,23.584167,120.695634,,,,0.0,252.0,10.0,500.0,518.0,543.0,70.0,192.0,23.0,01J970,草嶺(2),,,,2025-07-31T02:10:00+08:00,,,,,,
,23.635204,121.530893,,,,0.0,2.0,1.0,4.5,4.5,4.5,2.0,2.0,2.0,81T870,東興部落,,,,2025-07-31T02:10:00+08:00,,,,,,
92.0,24.429117,120.617483,,994.8,3.0,0.5,5.0,2.0,15.0,15.0,15.5,5.0,5.0,3.5,C0FA10,松柏,,25.4,,2025-07-31T02:10:00+08:00,2025-07-31T02:00:00+08:00,,,,136.0,4.9
99.0,24.993969,121.662917,,972.0,0.0,0.0,0.0,0.0,0.0,0.0,42.0,0.0,0.0,0.0,C0A640,石碇,,26.1,,2025-07-31T02:10:00+08:00,2025-07-31T02:00:00+08:00,,,,0.0,0.0
77.0,25.048711,121.550428,,992.6,0.0,0.0,0.0,0.0,0.0,0.0,53.0,0.0,0.0,0.0,C0AH70,松山,,29.8,,2025-07-31T02:10:00+08:00,2025-07-31T02:00:00+08:00,,,,250.0,1.7
,22.877254,121.057045,,,,0.0,82.0,8.0,132.0,137.0,149.0,21.0,53.0,18.0,01S570,上里,,,,2025-07-31T02:10:00+08:00,,,,,,
99.0,24.022122,121.132206,,875.8,4.5,0.0,28.0,1.0,56.0,56.0,107.0,5.0,16.5,4.5,C0I390,仁愛,,20.4,,2025-07-31T02:10:00+08:00,2025-07-31T02:00:00+08:00,,,,122.0,0.4
,23.684836,121.482088,,,,0.0,5.0,1.0,11.0,11.0,11.0,5.0,5.0,4.0,01T9L0,東富,,,,2025-07-31T02:10:00+08:00,,,,,,
,23.754486,120.883956,,,,4.0,147.0,21.0,363.5,363.5,397.0,70.0,132.0,48.5,C1I310,西巒,,,,2025-07-31T02:10:00+08:00,,,,,,
94.0,23.947633,120.525456,,991.5,8.0,6.5,25.0,14.5,37.5,71.5,71.5,14.5,25.0,14.5,C0G810,埔心,,26.5,,2025-07-31T02:10:00+08:00,2025-07-31T02:00:00+08:00,,,,109.0,1.6
98.0,23.5626,119.468436,,990.4,0.5,0.0,0.5,0.5,0.5,18.0,27.0,0.5,0.5,0.5,C0W120,西嶼,,26.8,,2025-07-31T02:10:00+08:00,2025-07-31T02:00:00+08:00,,,,203.0,11.3
,24.449458,121.77722,,,,0.0,0.0,0.0,0.0,0.0,1.0,0.0,0.0,0.0,01U470,武塔,,,,2025-07-31T02:10:00+08:00,,,,,,
90.0,23.416869,120.283061,12.6,-99.0,,0.0,0.0,0.0,8.0,9.0,59.5,0.0,0.0,0.0,72M700,嘉義分場,-99.0,28.8,2025-07-31T02:00:00+08:00,2025-07-31T02:10:00+08:00,,-99,-99,陰,230.0,7.6
88.0,23.021375,120.347878,,989.8,1.0,0.0,2.5,1.0,22.5,22.5,75.5,1.0,1.0,1.0,C0O970,虎頭埤,,27.9,,2025-07-31T02:10:00+08:00,2025-07-31T02:00:00+08:00,,,,248.0,2.4
,24.936785,121.713797,,,,0.0,0.0,0.0,0.0,0.0,28.5,0.0,0.0,0.0,L1A830,坪林,,,,2025-07-31T02:10:00+08:00,,,,,,
94.0,22.961189,120.188378,,996.9,0.0,0.0,0.0,0.0,1.0,1.0,52.0,0.0,0.0,0.0,C0X110,臺南市南區,,29.5,,2025-07-31T02:10:00+08:00,2025-07-31T02:00:00+08:00,,,,260.0,4.4
83.0,24.457703,118.328989,,991.3,0.0,0.0,0.0,0.0,0.0,0.0,0.0,0.0,0.0,0.0,C0W150,金寧,,27.2,,2025-07-31T02:10:00+08:00,2025-07-31T02:00:00+08:00,,,,241.0,2.4
100.0,24.971197,121.823711,,951.3,0.0,0.0,0.0,0.0,0.0,0.0,18.0,0.0,0.0,0.0,C0A550,泰平,,23.9,,2025-07-31T02:10:00+08:00,2025-07-31T02:00:00+08:00,,,,0.0,0.0
,25.162299,121.54405,,,,0.0,0.0,0.0,0.0,0.0,45.0,0.0,0.0,0.0,01A420,竹子湖,,,,2025-07-31T02:10:00+08:00,,,,,,
,24.971779,121.828198,,,,0.0,0.0,0.0,0.0,0.0,17.0,0.0,0.0,0.0,L1A840,太平,,,,2025-07-31T02:10:00+08:00,,,,,,
99.0,24.29515,121.03651,,710.9,0.0,0.0,1.5,0.0,30.0,30.0,76.0,0.5,1.0,0.0,C0FA90,小雪山林道,,12.1,,2025-07-31T02:10:00+08:00,2025-07-31T02:00:00+08:00,,,,186.0,2.5
,24.637836,121.573656,,,,0.0,0.0,0.0,0.0,0.0,0.0,0.0,0.0,0.0,C1U501,牛鬥,,,,2025-07-31T02:10:00+08:00,,,,,,
85.0,24.675432,120.847389,9.4,-99.0,,0.0,0.0,0.0,0.0,0.0,7.5,0.0,0.0,0.0,CAE060,國三N119K,-99.0,26.8,2025-07-31T02:00:00+08:00,2025-07-31T02:10:00+08:00,,-99,>30,陰,230.0,5.4
,24.579364,121.079947,,,,0.0,0.0,0.0,0.0,0.0,16.0,0.0,0.0,0.0,C1D410,白蘭,,,,2025-07-31T02:10:00+08:00,,,,,,
88.0,22.5434,120.461558,,997.6,0.0,0.0,7.5,0.0,56.0,88.5,155.5,0.0,0.0,0.0,C0R560,新園,,29.8,,2025-07-31T02:10:00+08:00,2025-07-31T02:00:00+08:00,,,,227.0,4.3
95.0,26.220358,119.974881,,989.5,0.0,0.0,0.0,0.0,0.0,0.0,0.5,0.0,0.0,0.0,C0W220,北竿,,28.5,,2025-07-31T02:10:00+08:00,2025-07-31T02:00:00+08:00,,,,171.0,3.3
,23.706388,121.4125,,,,0.0,2.0,1.0,6.5,6.5,6.5,2.0,2.0,2.0,81T1C0,明利國小,,,,2025-07-31T02:10:00+08:00,,,,,,
94.0,24.184536,120.528972,,995.2,15.0,1.5,18.0,10.5,45.5,45.5,47.0,18.0,18.0,16.5,C0F9R0,龍井,,24.4,,2025-07-31T02:10:00+08:00,2025-07-31T02:00:00+08:00,,,,188.0,2.6
99.0,22.264347,120.823972,,942.5,11.0,0.5,50.5,2.5,173.0,212.0,307.0,22.0,26.5,11.5,C0SA90,達仁林場,,24.9,,2025-07-31T02:10:00+08:00,2025-07-31T02:00:00+08:00,,,,281.0,0.9
,22.781967,120.426475,,,,0.0,4.5,1.0,22.5,31.0,118.0,3.5,3.5,1.5,C1V830,國三S383K,,,,2025-07-31T02:10:00+08:00,,,,,,
95.0,24.312297,120.562242,,993.4,22.5,2.5,26.5,18.5,67.0,67.0,67.5,26.5,26.5,25.0,C0F9P0,清水,,24.6,,2025-07-31T02:10:00+08:00,2025-07-31T02:00:00+08:00,,,,178.0,4.6
,22.525964,120.676125,,,,0.0,43.0,3.0,269.5,305.5,404.5,3.5,8.0,3.5,88R460,來義,,,,2025-07-31T02:10:00+08:00,,,,,,
95.0,22.893178,120.401947,,990.1,6.5,0.0,7.5,3.0,20.0,20.5,122.0,7.0,7.0,6.5,C0V370,古亭坑,,27.3,,2025-07-31T02:10:00+08:00,2025-07-31T02:00:00+08:00,,,,233.0,0.8
,24.393125,121.347214,,,,0.0,0.5,0.0,2.0,2.0,2.5,0.5,0.5,0.5,C1U920,思源,,,,2025-07-31T02:10:00+08:00,,,,,,
85.0,25.11444,121.6886,3.7,-99.0,,0.0,0.0,0.0,0.0,0.0,13.5,0.0,0.0,0.0,CAB030,國三S004K,-99.0,27.7,2025-07-31T02:00:00+08:00,2025-07-31T02:10:00+08:00,,-99,-99,晴,210.0,1.8
,22.379592,120.858181,,,,0.0,108.0,2.0,251.0,259.0,300.0,8.0,45.0,8.0,01S360,紹家,,,,2025-07-31T02:10:00+08:00,,,,,,
89.0,25.129142,121.577086,,948.6,0.0,0.0,0.0,0.0,0.0,0.0,68.5,0.0,0.0,0.0,C0AH40,平等,,26.3,,2025-07-31T02:10:00+08:00,2025-07-31T02:00:00+08:00,,,,357.0,2.3
95.0,23.978875,121.139639,1.0,-99.0,,0.0,25.5,1.0,56.5,56.5,90.0,4.5,7.5,4.0,42HA10,萬大發電廠,-99.0,20.3,2025-07-31T02:00:00+08:00,2025-07-31T02:10:00+08:00,,-99,-99,陰,170.0,0.3
100.0,23.545133,120.675197,17.6,-99.0,,4.0,272.0,25.0,554.5,579.0,612.0,74.0,195.0,52.0,C2M620,瑞里,-99.0,21.2,2025-07-31T02:00:00+08:00,2025-07-31T02:10:00+08:00,,-99,-99,陰有雷雨,250.0,5.5
91.0,22.623325,120.275575,,995.6,0.0,0.0,2.5,0.0,5.5,5.5,89.0,0.0,0.0,0.0,C0V690,鼓山,,28.9,,2025-07-31T02:10:00+08:00,2025-07-31T02:00:00+08:00,,,,221.0,6.1
,23.691944,121.549444,,,,0.0,0.0,0.0,0.5,0.5,1.5,0.0,0.0,0.0,81T990,高山部落,,,,2025-07-31T02:10:00+08:00,,,,,,
,24.809322,121.248473,,,,0.0,0.0,0.0,0.0,0.0,17.0,0.0,0.0,0.0,21C050,石門,,,,2025-07-31T02:10:00+08:00,,,,,,
,24.090736,121.032224,,,,0.0,66.0,1.0,111.0,111.0,233.0,9.0,47.0,5.0,00H810,惠蓀(2),,,,2025-07-31T02:10:00+08:00,,,,,,
93.0,24.107155,120.554482,10.1,-99.0,,1.5,30.5,7.0,94.0,95.0,98.5,21.0,21.5,19.0,CAG050,國三N196K,-99.0,23.8,2025-07-31T02:00:00+08:00,2025-07-31T02:10:00+08:00,,-99,3-6,陰有雨,130.0,4.5
81.0,25.057378,121.500625,,992.8,0.0,0.0,0.0,0.0,0.0,0.0,180.5,0.0,0.0,0.0,C0AI30,三重,,30.7,,2025-07-31T02:10:00+08:00,2025-07-31T02:00:00+08:00,,,,177.0,0.6
97.0,23.86045,120.557964,8.1,-99.0,,5.0,23.0,11.0,52.0,80.5,81.0,11.0,20.0,6.0,C2G9A0,畜試所彰化,-99.0,24.7,2025-07-31T02:00:00+08:00,2025-07-31T02:10:00+08:00,,-99,-99,陰有雷雨,130.0,2.4
,23.644646,120.657625,,,,0.0,139.0,16.0,228.0,241.0,241.0,33.0,117.0,22.0,01H110,桶頭(2),,,,2025-07-31T02:10:00+08:00,,,,,,
,25.029293,121.582905,,,,0.0,0.0,0.0,0.0,0.0,52.0,0.0,0.0,0.0,A1AG40,四獸山,,,,2025-07-31T02:10:00+08:00,,,,,,
,24.934158,121.593283,,,,0.0,0.0,0.0,0.0,0.0,46.5,0.0,0.0,0.0,C1A9N0,四十份,,,,2025-07-31T02:10:00+08:00,,,,,,
99.0,24.26867,121.03062,,742.6,0.5,0.5,7.0,1.0,46.0,47.0,105.5,4.5,5.5,1.0,C0FA70,大雪山埡口,,15.9,,2025-07-31T02:10:00+08:00,2025-07-31T02:00:00+08:00,,,,250.0,2.4
,24.066172,120.735194,,,,3.0,184.5,6.5,314.5,314.5,315.5,63.0,136.5,34.5,C1F9B1,桐林,,,,2025-07-31T02:10:00+08:00,,,,,,
94.0,22.709889,120.639944,,986.0,0.0,0.0,0.0,0.0,48.0,52.0,102.0,0.0,0.0,0.0,C0R150,三地門,,27.1,,2025-07-31T02:10:00+08:00,2025-07-31T02:00:00+08:00,,,,248.0,1.7
,23.286017,120.390378,,,,0.0,2.5,0.0,30.5,31.0,107.0,1.0,1.0,1.0,C1O940,東山服務區,,,,2025-07-31T02:10:00+08:00,,,,,,
,22.811862,120.398164,,,,0.0,2.0,0.0,8.0,14.0,85.0,1.0,1.0,1.0,01P390,金山,,,,2025-07-31T02:10:00+08:00,,,,,,
,25.010105,121.387637,,,,0.0,0.0,0.0,0.0,0.0,52.0,0.0,0.0,0.0,01C570,龍壽社區,,,,2025-07-31T02:10:00+08:00,,,,,,
100.0,24.15295,120.572117,5.0,-99.0,,1.0,42.0,14.5,82.0,82.0,83.5,40.0,40.5,32.0,C2F000,大肚,-99.0,22.7,2025-07-31T02:00:00+08:00,2025-07-31T02:10:00+08:00,,-99,-99,陰有雨,130.0,0.6
,24.356087,120.729316,,,,2.0,30.0,12.0,57.5,57.5,60.5,26.0,30.0,24.5,81E880,火炎山,,,,2025-07-31T02:10:00+08:00,,,,,,
,24.728728,121.226523,,,,0.0,0.0,0.0,0.0,0.0,15.5,0.0,0.0,0.0,81D630,尖石國小,,,,2025-07-31T02:10:00+08:00,,,,,,
-99.0,22.913661,121.257469,,-99.0,-99.0,,,,,,,,,,C0SB40,興隆,,-99.0,,,2025-07-31T02:00:00+08:00,,,,-99.0,-99.0
89.0,23.455047,120.331439,,995.1,0.0,0.0,0.0,0.0,22.0,24.5,90.5,0.0,0.0,0.0,C0M680,太保,,28.5,,2025-07-31T02:10:00+08:00,2025-07-31T02:00:00+08:00,,,,231.0,3.6
99.0,23.828206,120.801467,,969.2,122.5,2.5,250.5,30.5,480.5,480.5,484.0,138.0,208.5,125.0,C0I380,集集,,22.4,,2025-07-31T02:10:00+08:00,2025-07-31T02:00:00+08:00,,,,116.0,2.7
100.0,24.026875,121.1205,4.4,-99.0,,0.0,31.0,1.0,59.0,59.0,108.0,6.0,20.0,5.5,C2H9N0,仁愛東眼,-99.0,19.2,2025-07-31T02:00:00+08:00,2025-07-31T02:10:00+08:00,,-99,-99,陰,80.0,0.6
92.0,22.680555,120.328611,10.0,-99.0,,0.0,0.5,0.0,6.0,6.0,76.5,0.0,0.0,0.0,CAP040,國一N361K,-99.0,28.8,2025-07-31T02:00:00+08:00,2025-07-31T02:10:00+08:00,,-99,7-10,陰,220.0,4.5
,24.011505,120.822421,,,,0.0,120.0,1.5,238.5,238.5,251.5,21.0,90.0,12.0,81H950,福龜國小,,,,2025-07-31T02:10:00+08:00,,,,,,
,24.890886,121.745559,,,,0.0,0.0,0.0,0.0,0.0,35.0,0.0,0.0,0.0,01A190,碧湖,,,,2025-07-31T02:10:00+08:00,,,,,,
,23.779975,120.871686,,,,0.0,182.0,19.0,441.0,441.0,468.0,63.0,134.0,55.0,O1H540,龍神橋,,,,2025-07-31T02:10:00+08:00,,,,,,
,25.134398,121.476914,,,,0.0,0.0,0.0,0.0,0.0,76.0,0.0,0.0,0.0,A1A9U0,桃源國中,,,,2025-07-31T02:10:00+08:00,,,,,,
88.0,24.817539,121.765608,,993.3,0.0,0.0,0.0,0.0,0.0,0.0,4.0,0.0,0.0,0.0,C0U600,礁溪,,26.8,,2025-07-31T02:10:00+08:00,2025-07-31T02:00:00+08:00,,,,0.0,0.2
92.0,23.268528,121.305469,,978.9,2.5,0.0,7.5,1.0,23.5,23.5,24.5,4.0,4.5,2.5,C0Z300,東里,,24.1,,2025-07-31T02:10:00+08:00,2025-07-31T02:00:00+08:00,,,,203.0,1.9
,23.793361,120.949378,,,,0.5,153.5,16.0,314.5,314.5,323.5,47.5,71.5,43.0,C1I150,青雲,,,,2025-07-31T02:10:00+08:00,,,,,,
100.0,23.602469,120.707731,4.5,-99.0,,1.5,227.0,19.5,418.0,428.5,440.5,61.5,180.0,28.0,C2K610,草嶺石壁,-99.0,19.8,2025-07-31T02:00:00+08:00,2025-07-31T02:10:00+08:00,,-99,-99,陰有雷雨,260.0,1.5
92.0,23.120802,120.079676,13.0,-99.0,,0.0,0.0,0.0,0.5,6.0,11.0,0.0,0.0,0.0,CAN130,水試所海水繁養殖中心,-99.0,28.9,2025-07-31T02:00:00+08:00,2025-07-31T02:10:00+08:00,,-99,-99,陰,240.0,8.1
93.0,24.938183,121.70975,,964.0,0.0,0.0,0.0,0.0,0.0,0.0,28.5,0.0,0.0,0.0,C0A530,坪林,,25.8,,2025-07-31T02:10:00+08:00,2025-07-31T02:00:00+08:00,,,,0.0,0.0
,24.1605,120.831961,,,,0.5,86.5,17.5,216.0,216.0,329.0,71.5,82.0,59.0,C1F9E1,龍安,,,,2025-07-31T02:10:00+08:00,,,,,,
84.0,24.834444,121.066111,5.9,-99.0,,0.0,0.0,0.0,0.0,0.0,29.5,0.0,0.0,0.0,72D680,新埔工作站,-99.0,27.3,2025-07-31T02:00:00+08:00,2025-07-31T02:10:00+08:00,,-99,-99,陰,0.0,0.0
93.0,24.370625,120.620067,,993.2,8.0,0.0,12.5,6.5,45.5,45.5,47.5,12.5,12.5,8.0,C0FB70,大甲溪埔,,24.8,,2025-07-31T02:10:00+08:00,2025-07-31T02:00:00+08:00,,,,149.0,4.1
,23.044518,120.479345,,,,0.0,34.0,16.0,90.0,91.0,259.0,20.0,24.0,19.0,01N850,南化(2),,,,2025-07-31T02:10:00+08:00,,,,,,
95.0,24.39798,120.669487,9.8,-99.0,,0.0,16.0,3.0,38.5,38.5,44.5,12.0,16.0,6.0,CAE090,國三S156K,-99.0,24.6,2025-07-31T02:00:00+08:00,2025-07-31T02:10:00+08:00,,-99,-99,陰有雨,160.0,5.9
,25.103294,121.555611,,,,0.0,0.0,0.0,0.0,0.0,61.0,0.0,0.0,0.0,A1AA30,至善國中,,,,2025-07-31T02:10:00+08:00,,,,,,
83.0,24.618069,120.948578,,984.7,0.0,0.0,0.0,0.0,0.0,0.0,8.0,0.0,0.0,0.0,C0E850,大河,,24.5,,2025-07-31T02:10:00+08:00,2025-07-31T02:00:00+08:00,,,,208.0,1.0
,22.854222,120.5454,,,,0.5,13.5,3.0,56.5,80.0,268.0,6.5,9.0,3.5,C1V570,吉東,,,,2025-07-31T02:10:00+08:00,,,,,,
-99.0,24.347667,120.640403,3.9,-99.0,,0.5,41.0,19.0,90.5,90.5,91.0,36.5,41.0,23.5,C2F930,大甲,-99.0,24.2,2025-07-31T02:00:00+08:00,2025-07-31T02:10:00+08:00,,-99,-99,陰有雨,110.0,0.9
,25.113693,121.565711,,,,0.0,0.0,0.0,0.0,0.0,72.5,0.0,0.0,0.0,A1AC80,明德樂園,,,,2025-07-31T02:10:00+08:00,,,,,,
,23.619266,120.927817,,,,0.0,50.0,6.0,144.0,146.0,168.0,32.0,48.0,21.0,01H390,望鄉,,,,2025-07-31T02:10:00+08:00,,,,,,
83.0,24.668836,120.885811,6.3,-99.0,,0.0,0.5,0.0,0.5,0.5,11.5,0.5,0.5,0.5,CAE020,國一S114K,-99.0,26.8,2025-07-31T02:00:00+08:00,2025-07-31T02:10:00+08:00,,-99,-99,陰,200.0,2.2
96.0,24.267064,121.000793,,772.9,1.5,2.5,5.5,3.5,58.5,59.0,115.5,4.5,4.5,4.0,C0FA60,鞍馬山工作站,,16.2,,2025-07-31T02:10:00+08:00,2025-07-31T02:00:00+08:00,,,,181.0,0.7
99.0,23.837053,120.701447,,977.1,40.0,1.5,116.5,21.5,220.0,222.0,222.0,48.5,104.0,41.5,C0I410,名間,,22.6,,2025-07-31T02:10:00+08:00,2025-07-31T02:00:00+08:00,,,,121.0,5.3
,22.926574,120.509127,,,,0.0,23.0,2.0,70.0,71.0,250.0,13.0,15.0,11.0,O1V820,圓富國中,,,,2025-07-31T02:10:00+08:00,,,,,,
87.0,22.645017,120.311233,,994.5,0.0,0.0,1.0,0.0,5.5,5.5,101.0,0.0,0.0,0.0,C0V700,三民,,29.1,,2025-07-31T02:10:00+08:00,2025-07-31T02:00:00+08:00,,,,231.0,3.9
,24.982222,121.690278,,,,0.0,0.0,0.0,0.0,0.0,36.0,0.0,0.0,0.0,81AJ30,華梵大學,,,,2025-07-31T02:10:00+08:00,,,,,,
90.0,24.041289,120.437669,,994.7,0.0,0.0,2.5,0.0,9.5,28.0,28.0,0.0,2.5,0.0,C0G770,福興,,25.4,,2025-07-31T02:10:00+08:00,2025-07-31T02:00:00+08:00,,,,92.0,3.2
,23.084972,120.788475,,,,0.5,441.5,26.0,819.5,876.5,990.0,119.0,335.5,103.0,C1V580,溪南(特),,,,2025-07-31T02:10:00+08:00,,,,,,
100.0,24.066147,120.660919,7.2,-99.0,,7.0,184.5,16.5,303.0,303.5,303.5,77.5,146.5,40.0,CAF050,國三N208K,-99.0,23.5,2025-07-31T02:00:00+08:00,2025-07-31T02:10:00+08:00,,-99,-99,陰有雨,220.0,2.7
,23.224869,121.412806,,,,0.0,8.0,2.0,12.5,12.5,12.5,5.5,6.0,4.0,81S910,膽曼,,,,2025-07-31T02:10:00+08:00,,,,,,
,25.054444,121.696389,,,,0.0,0.0,0.0,0.0,0.0,31.0,0.0,0.0,0.0,81AJ20,東山,,,,2025-07-31T02:10:00+08:00,,,,,,
100.0,22.592333,120.614306,,994.2,3.5,0.0,27.0,3.5,153.5,187.0,277.5,4.0,5.0,3.5,C0R190,赤山,,28.2,,2025-07-31T02:10:00+08:00,2025-07-31T02:00:00+08:00,,,,176.0,1.3
-99.0,24.606489,120.783933,4.4,-99.0,,0.0,2.5,0.0,2.5,2.5,16.5,2.5,2.5,2.0,C2E540,龍溪,-99.0,24.4,2025-07-31T02:00:00+08:00,2025-07-31T02:10:00+08:00,,-99,-99,陰,210.0,0.8
,24.613062,121.525585,,,,0.0,0.0,0.0,0.0,0.0,1.0,0.0,0.0,0.0,01U060,梵梵(2),,,,2025-07-31T02:10:00+08:00,,,,,,
89.0,22.674911,120.284911,,993.1,0.0,0.0,0.5,0.0,2.0,2.0,80.5,0.0,0.0,0.0,C0V810,左營,,28.6,,2025-07-31T02:10:00+08:00,2025-07-31T02:00:00+08:00,,,,251.0,5.0
91.0,21.987777,120.709119,,995.8,0.0,0.0,2.0,0.0,11.0,11.0,252.5,0.0,0.0,0.0,C0R890,山海,,28.7,,2025-07-31T02:10:00+08:00,2025-07-31T02:00:00+08:00,,,,248.0,7.8
97.0,23.596111,120.523333,10.1,-99.0,,0.5,34.5,1.0,112.5,125.0,139.5,1.5,32.0,1.0,CAL050,國三N279K,-99.0,27.3,2025-07-31T02:00:00+08:00,2025-07-31T02:10:00+08:00,,-99,11-15,陰,220.0,4.8
99.0,24.131764,121.295717,,695.4,8.5,0.0,23.5,3.5,52.0,54.0,105.5,10.5,17.5,8.5,C0I530,小奇萊,,10.2,,2025-07-31T02:10:00+08:00,2025-07-31T02:00:00+08:00,,,,-99.0,-99.0
,23.330882,120.506972,,,,0.0,22.0,2.0,93.0,99.0,161.0,8.0,14.0,7.0,01O070,關子嶺(2),,,,2025-07-31T02:10:00+08:00,,,,,,
91.0,25.11583,121.7286,1.5,-99.0,,0.0,0.0,0.0,0.0,0.0,13.5,0.0,0.0,0.0,CAB010,國一S001K,-99.0,27.0,2025-07-31T02:00:00+08:00,2025-07-31T02:10:00+08:00,,-99,-99,晴,100.0,0.3
,24.292326,120.910107,,,,0.0,10.0,1.0,82.0,82.0,169.0,7.0,10.0,1.0,O1F390,雙崎(2),,,,2025-07-31T02:10:00+08:00,,,,,,
96.0,23.797131,121.542514,,968.1,4.0,0.5,4.5,2.0,10.0,10.0,14.5,4.5,4.5,4.5,C0T9F0,水璉,,23.7,,2025-07-31T02:10:00+08:00,2025-07-31T02:00:00+08:00,,,,264.0,0.8
,23.405748,121.320127,,,,0.0,6.0,1.0,17.0,17.0,17.0,6.0,6.0,4.0,O1T820,太平國小,,,,2025-07-31T02:10:00+08:00,,,,,,
,24.531772,121.451236,,,,0.0,0.0,0.0,0.0,0.0,0.0,0.0,0.0,0.0,01U070,留茂安,,,,2025-07-31T02:10:00+08:00,,,,,,
93.0,23.222064,120.40085,,982.0,1.5,0.0,4.0,0.5,62.5,64.5,170.0,2.5,2.5,1.5,C0O840,王爺宮,,27.1,,2025-07-31T02:10:00+08:00,2025-07-31T02:00:00+08:00,,,,253.0,3.9
99.0,23.299075,120.664767,,951.9,74.0,12.0,289.5,34.5,603.5,642.5,698.5,107.5,217.0,86.0,C0M800,茶山,,21.9,,2025-07-31T02:10:00+08:00,2025-07-31T02:00:00+08:00,,,,247.0,0.8
97.0,24.848222,121.597992,,956.2,0.0,0.0,0.0,0.0,0.0,0.0,15.5,0.0,0.0,0.0,C0A570,桶後,,23.6,,2025-07-31T02:10:00+08:00,2025-07-31T02:00:00+08:00,,,,0.0,0.1
95.0,23.241856,120.641658,,921.8,48.5,4.5,210.0,27.0,396.0,458.5,548.0,65.5,136.5,53.0,C0M850,表湖,,20.9,,2025-07-31T02:10:00+08:00,2025-07-31T02:00:00+08:00,,,,70.0,0.7
99.0,22.682903,120.686639,,922.6,5.0,0.0,83.0,4.0,201.0,212.0,292.5,20.0,31.0,5.0,C0R140,瑪家,,23.2,,2025-07-31T02:10:00+08:00,2025-07-31T02:00:00+08:00,,,,304.0,3.6
,24.625286,121.148046,,,,0.0,0.0,0.0,0.0,0.0,16.0,0.0,0.0,0.0,01D100,太閣南,,,,2025-07-31T02:10:00+08:00,,,,,,
87.0,24.718133,121.687664,,989.7,0.0,0.0,0.0,0.0,0.0,0.0,2.0,0.0,0.0,0.0,C0U900,內城,,27.1,,2025-07-31T02:10:00+08:00,2025-07-31T02:00:00+08:00,,,,0.0,0.0
,22.879521,120.481673,,,,0.0,3.0,0.0,40.0,46.0,212.0,0.0,0.0,0.0,O1P470,旗山(4),,,,2025-07-31T02:10:00+08:00,,,,,,
93.0,22.802525,120.216369,,996.8,0.0,0.0,0.0,0.0,0.0,0.0,62.0,0.0,0.0,0.0,C0V870,文安,,29.1,,2025-07-31T02:10:00+08:00,2025-07-31T02:00:00+08:00,,,,213.0,7.9
88.0,24.681836,121.749344,,993.7,0.0,0.0,0.0,0.0,0.0,0.0,1.5,0.0,0.0,0.0,C0U940,羅東,,27.4,,2025-07-31T02:10:00+08:00,2025-07-31T02:00:00+08:00,,,,0.0,0.2
95.0,23.208717,121.262342,,974.0,1.0,0.0,6.0,0.5,26.0,26.0,26.5,2.0,2.5,1.0,C0Z020,明里,,23.8,,2025-07-31T02:10:00+08:00,2025-07-31T02:00:00+08:00,,,,228.0,4.3
85.0,24.974944,121.402008,,990.8,0.0,0.0,0.0,0.0,0.0,0.0,62.0,0.0,0.0,0.0,C0A520,山佳,,29.5,,2025-07-31T02:10:00+08:00,2025-07-31T02:00:00+08:00,,,,131.0,0.7
99.0,23.756972,120.681556,9.1,-99.0,,4.5,205.0,34.0,307.0,315.0,315.0,85.0,190.5,74.5,U2HA50,臺大竹山,-99.0,23.0,2025-07-31T02:00:00+08:00,2025-07-31T02:10:00+08:00,,-99,-99,陰有雷雨,100.0,1.1
-99.0,22.479997,120.466058,-99.0,-99.0,,,,,,,,,,-99.0,12Q970,東港工作站,-99.0,-99.0,2025-07-31T02:00:00+08:00,,,-99,-99,陰,-99.0,-99.0
,24.564908,121.308179,,,,0.0,0.0,0.0,0.0,0.0,0.0,0.0,0.0,0.0,21D170,鎮西堡,,,,2025-07-31T02:10:00+08:00,,,,,,
-99.0,24.143186,121.284231,-99.0,-99.0,,,,,,,,,,-99.0,A0Z080,合歡山,-99.0,-99.0,2025-07-31T02:00:00+08:00,,,-99,-99,陰有雨,-99.0,-99.0
91.0,21.993578,120.861633,,997.4,0.0,0.0,3.5,0.0,13.0,15.0,178.5,0.0,0.0,0.0,C0R680,佳樂水,,28.5,,2025-07-31T02:10:00+08:00,2025-07-31T02:00:00+08:00,,,,263.0,4.9
,23.539612,120.66493,,,,0.5,128.0,9.5,392.0,416.5,447.0,25.0,89.0,13.5,81M810,瑞里國小,,,,2025-07-31T02:10:00+08:00,,,,,,
,24.109397,121.205211,,,,0.0,39.0,2.5,84.5,84.5,162.5,14.0,25.0,7.5,C1H000,翠峰,,,,2025-07-31T02:10:00+08:00,,,,,,
76.0,25.037658,121.514853,3.4,992.6,,0.0,0.0,0.0,0.0,0.0,53.5,0.0,0.0,0.0,466920,臺北,0.0,29.6,2025-07-31T02:00:00+08:00,2025-07-31T02:10:00+08:00,,0,>30,多雲,200.0,0.5
,22.888322,120.645986,,,,0.0,54.0,7.5,242.0,256.5,449.5,25.0,28.5,16.0,C1V340,大津,,,,2025-07-31T02:10:00+08:00,,,,,,
,24.646103,121.151106,,,,0.0,0.0,0.0,0.0,0.0,13.5,0.0,0.0,0.0,81D660,花園派出所,,,,2025-07-31T02:10:00+08:00,,,,,,
,25.034164,121.619664,,,,0.0,0.0,0.0,0.0,0.0,39.5,0.0,0.0,0.0,C1AI50,國三N016K,,,,2025-07-31T02:10:00+08:00,,,,,,
,23.925069,120.637797,,,,0.0,39.0,4.5,178.5,185.0,185.0,5.0,36.0,5.0,C1H971,六分寮,,,,2025-07-31T02:10:00+08:00,,,,,,
88.0,22.1043,120.897883,,994.8,1.0,0.0,28.0,0.0,56.5,58.0,145.5,2.0,2.0,1.0,C0R860,鼻頭,,28.3,,2025-07-31T02:10:00+08:00,2025-07-31T02:00:00+08:00,,,,188.0,1.6
74.0,24.751724,120.905028,7.4,-99.0,,0.0,0.0,0.0,0.0,0.0,19.5,0.0,0.0,0.0,CAD110,西濱S082K,-99.0,28.5,2025-07-31T02:00:00+08:00,2025-07-31T02:10:00+08:00,,-99,>30,陰,200.0,4.6
96.0,23.150194,121.070025,,914.8,6.0,0.0,29.5,2.5,60.5,62.5,72.5,10.0,13.5,6.0,C0S660,下馬,,20.4,,2025-07-31T02:10:00+08:00,2025-07-31T02:00:00+08:00,,,,259.0,1.1
,23.001003,121.130944,,,,0.0,12.0,1.0,44.0,48.5,57.5,4.0,5.0,3.5,81S900,加拿國小,,,,2025-07-31T02:10:00+08:00,,,,,,
,24.178889,120.978333,,,,0.0,38.0,9.0,100.5,100.5,155.0,22.0,25.0,10.0,88F920,松鶴,,,,2025-07-31T02:10:00+08:00,,,,,,
92.0,23.41613,120.162872,14.7,-99.0,,0.0,0.0,0.0,0.0,0.0,29.0,0.0,0.0,0.0,CAL100,西濱S267K,-99.0,28.9,2025-07-31T02:00:00+08:00,2025-07-31T02:10:00+08:00,,-99,11-15,陰,230.0,11.7
99.0,24.200172,120.815806,,939.1,33.5,1.0,61.5,12.5,141.0,141.0,351.0,44.5,55.5,34.5,C0F9V0,新社,,22.7,,2025-07-31T02:10:00+08:00,2025-07-31T02:00:00+08:00,,,,139.0,1.8
,25.072195,121.528909,,,,0.0,0.0,0.0,0.0,0.0,61.5,0.0,0.0,0.0,A1AB50,建國,,,,2025-07-31T02:10:00+08:00,,,,,,
98.0,24.256003,120.523381,10.6,-99.0,,0.5,34.5,11.5,56.5,56.5,57.0,34.5,34.5,30.0,C0FA30,梧棲,-99.0,24.7,2025-07-31T02:00:00+08:00,2025-07-31T02:10:00+08:00,,-99,-99,陰有雨,130.0,4.7
,23.483056,121.511389,,,,0.0,4.5,0.5,8.0,8.0,8.0,4.5,4.5,4.5,81T880,石梯坪,,,,2025-07-31T02:10:00+08:00,,,,,,
91.0,25.07125,121.780794,,912.6,0.0,0.0,0.0,0.0,0.0,0.0,23.5,0.0,0.0,0.0,C0AH30,五分山,,25.9,,2025-07-31T02:10:00+08:00,2025-07-31T02:00:00+08:00,,,,263.0,2.1
100.0,23.5239,121.390211,,984.4,4.5,0.0,6.5,1.0,15.0,15.0,15.5,6.5,6.5,4.5,C0Z210,瑞穗,,23.8,,2025-07-31T02:10:00+08:00,2025-07-31T02:00:00+08:00,,,,146.0,0.8
99.0,24.49999,121.08773,,758.1,0.0,0.0,0.0,0.0,12.5,12.5,29.0,0.0,0.0,0.0,C0D750,樂山林道6k,,15.4,,2025-07-31T02:10:00+08:00,2025-07-31T02:00:00+08:00,,,,54.0,4.9
,25.175833,121.689444,,,,0.0,0.0,0.0,0.0,0.0,16.5,0.0,0.0,0.0,81AH50,萬里國小,,,,2025-07-31T02:10:00+08:00,,,,,,
97.0,24.776203,121.502811,0.6,-99.0,,0.0,0.0,0.0,0.0,0.0,6.0,0.0,0.0,0.0,C2A560,福山,-99.0,23.0,2025-07-31T02:00:00+08:00,2025-07-31T02:10:00+08:00,,-99,-99,陰,0.0,0.1
,24.635687,121.783933,,,,0.0,0.0,0.0,0.0,0.0,0.0,0.0,0.0,0.0,01U130,冬山,,,,2025-07-31T02:10:00+08:00,,,,,,
92.0,23.94835,120.479122,,993.5,1.5,0.5,13.0,2.0,25.0,49.5,50.0,2.5,13.0,2.0,C0G660,溪湖,,25.5,,2025-07-31T02:10:00+08:00,2025-07-31T02:00:00+08:00,,,,0.0,0.1
93.0,24.2499,121.1455,,853.9,-99.0,,,,,,,,,,C0FB40,中橫21.6k,,19.8,,,2025-07-31T02:00:00+08:00,,,,220.0,0.5
,23.591131,120.888861,,,,1.5,77.5,20.0,150.0,151.5,171.5,48.5,67.5,26.5,C1I070,和社,,,,2025-07-31T02:10:00+08:00,,,,,,
95.0,23.633639,120.551889,7.8,987.0,,0.5,41.5,2.0,89.5,112.0,114.0,5.5,36.5,1.5,467290,古坑,0.0,27.4,2025-07-31T02:00:00+08:00,2025-07-31T02:10:00+08:00,,0,16-20,陰有雨,220.0,3.9
95.0,23.901669,120.509389,,991.3,0.5,0.0,1.5,0.5,28.5,64.5,64.5,0.5,1.0,0.5,C0G820,田尾,,26.3,,2025-07-31T02:10:00+08:00,2025-07-31T02:00:00+08:00,,,,120.0,1.0
88.0,24.633725,121.793697,,993.2,0.0,0.0,0.0,0.0,0.0,0.0,0.0,0.0,0.0,0.0,C0U910,冬山,,27.8,,2025-07-31T02:10:00+08:00,2025-07-31T02:00:00+08:00,,,,284.0,0.9
100.0,23.68645,120.603417,,985.1,1.0,2.5,80.0,2.5,125.5,146.0,148.5,7.0,75.0,3.5,C0K560,棋山,,24.9,,2025-07-31T02:10:00+08:00,2025-07-31T02:00:00+08:00,,,,0.0,0.0
,22.838676,121.139022,,,,0.0,43.0,11.0,75.0,80.0,86.0,29.0,34.0,25.0,O1S650,利吉國小,,,,2025-07-31T02:10:00+08:00,,,,,,
90.0,24.819144,121.782378,2.1,-99.0,,0.0,0.0,0.0,0.0,0.0,5.5,0.0,0.0,0.0,CAUB30,國五S031K,-99.0,27.7,2025-07-31T02:00:00+08:00,2025-07-31T02:10:00+08:00,,-99,-99,晴,200.0,0.4
92.0,22.646653,120.356122,,996.4,0.0,0.0,4.0,0.0,11.0,11.0,112.5,0.5,0.5,0.0,C0V440,鳳山,,28.3,,2025-07-31T02:10:00+08:00,2025-07-31T02:00:00+08:00,,,,234.0,2.2
,24.572873,121.49644,,,,0.0,0.0,0.0,0.0,0.0,0.0,0.0,0.0,0.0,01U050,土場(1),,,,2025-07-31T02:10:00+08:00,,,,,,
99.0,23.924703,120.547533,,993.2,5.0,1.5,9.5,6.5,34.5,68.0,68.0,6.5,9.0,6.5,C0G920,永靖,,24.8,,2025-07-31T02:10:00+08:00,2025-07-31T02:00:00+08:00,,,,147.0,1.0
81.0,24.84444,121.0214,4.2,-99.0,,0.0,0.0,0.0,0.0,0.0,33.5,0.0,0.0,0.0,CAD040,國一S088K,-99.0,28.8,2025-07-31T02:00:00+08:00,2025-07-31T02:10:00+08:00,,-99,>30,陰,160.0,1.5
91.0,24.118546,120.585747,8.1,-99.0,,1.0,45.5,12.0,132.0,132.0,132.0,40.0,41.5,31.0,CAF040,國一S188K,-99.0,23.8,2025-07-31T02:00:00+08:00,2025-07-31T02:10:00+08:00,,-99,-99,陰有雨,130.0,3.2
89.0,23.798783,120.217717,16.8,-99.0,,0.0,0.0,0.0,0.0,0.5,1.5,0.0,0.0,0.0,A0K420,麥寮,-99.0,28.8,2025-07-31T02:00:00+08:00,2025-07-31T02:10:00+08:00,,-99,-99,陰,230.0,10.8
81.0,25.074453,121.427281,,975.9,0.0,0.0,0.0,0.0,0.0,0.0,47.5,0.0,0.0,0.0,C0AI00,五股,,29.1,,2025-07-31T02:10:00+08:00,2025-07-31T02:00:00+08:00,,,,239.0,2.1
87.0,24.147433,121.629703,,988.2,0.5,0.0,0.5,0.5,0.5,0.5,4.0,0.5,0.5,0.5,C0Z190,富世,,27.1,,2025-07-31T02:10:00+08:00,2025-07-31T02:00:00+08:00,,,,291.0,1.9
99.0,23.267772,120.125481,,996.5,0.0,0.0,0.0,0.0,0.5,0.5,3.0,0.0,0.0,0.0,C0X290,北門,,28.6,,2025-07-31T02:10:00+08:00,2025-07-31T02:00:00+08:00,,,,234.0,6.7
82.0,24.583486,120.885411,,988.1,2.5,0.0,6.0,0.0,6.0,6.0,8.0,6.0,6.0,2.5,C0E550,明德,,27.0,,2025-07-31T02:10:00+08:00,2025-07-31T02:00:00+08:00,,,,257.0,0.7
96.0,22.709333,120.525889,6.7,-99.0,,0.0,15.5,2.5,47.5,51.0,154.5,8.5,8.5,4.0,72Q010,高雄農改,-99.0,27.5,2025-07-31T02:00:00+08:00,2025-07-31T02:10:00+08:00,,-99,-99,陰,210.0,1.5
87.0,22.757806,120.30575,,995.1,0.0,0.0,0.0,0.0,1.0,1.0,77.5,0.0,0.0,0.0,C0V760,橋頭,,29.6,,2025-07-31T02:10:00+08:00,2025-07-31T02:00:00+08:00,,,,228.0,2.9
,23.529649,120.739968,,,,0.0,303.0,28.0,573.0,594.0,633.0,97.0,235.0,60.0,O1M650,外來吉,,,,2025-07-31T02:10:00+08:00,,,,,,
82.0,23.995322,121.638331,,993.1,0.5,0.0,0.5,0.5,0.5,0.5,3.0,0.5,0.5,0.5,C0TA10,花蓮漁港,,25.6,,2025-07-31T02:10:00+08:00,2025-07-31T02:00:00+08:00,,,,227.0,8.5
96.0,23.411322,120.308333,,994.7,0.0,0.0,1.5,0.0,6.5,7.5,40.5,0.5,0.5,0.0,C0M780,鹿草,,28.7,,2025-07-31T02:10:00+08:00,2025-07-31T02:00:00+08:00,,,,239.0,4.3
91.0,24.505781,121.113921,,782.5,0.0,0.0,0.0,0.0,7.0,7.0,21.5,0.0,0.0,0.0,C0E960,觀霧分站,,16.4,,2025-07-31T02:10:00+08:00,2025-07-31T02:00:00+08:00,,,,140.0,1.4
87.0,25.283128,121.519058,,993.6,0.0,0.0,0.0,0.0,0.0,0.0,15.0,0.0,0.0,0.0,C0AI20,白沙灣,,28.3,,2025-07-31T02:10:00+08:00,2025-07-31T02:00:00+08:00,,,,231.0,1.8
,23.133056,121.246667,,,,0.0,1.0,0.0,16.0,16.0,16.0,0.0,0.5,0.0,81T760,富南部落,,,,2025-07-31T02:10:00+08:00,,,,,,
,22.654873,120.466375,,,,0.0,9.0,1.0,42.0,42.0,127.0,1.0,2.0,1.0,00Q070,屏東(5),,,,2025-07-31T02:10:00+08:00,,,,,,
,23.528204,120.856691,,,,8.0,144.0,34.0,313.5,313.5,337.5,68.5,96.5,43.0,81I530,神木,,,,2025-07-31T02:10:00+08:00,,,,,,
97.0,23.8263,120.444175,8.1,-99.0,,0.0,3.5,3.5,9.5,55.0,56.5,3.5,3.5,3.5,C2G980,田頭村,-99.0,24.5,2025-07-31T02:00:00+08:00,2025-07-31T02:10:00+08:00,,-99,-99,陰有雨,120.0,3.6
83.0,22.792467,121.192669,,992.6,5.0,0.0,16.5,4.0,46.5,48.5,51.0,8.5,9.5,5.0,C0SB20,富岡,,24.7,,2025-07-31T02:10:00+08:00,2025-07-31T02:00:00+08:00,,,,319.0,5.3
99.0,23.331169,120.508025,,956.1,7.0,0.0,23.0,1.5,99.0,105.5,170.5,8.5,15.0,7.0,C0X240,關子嶺,,25.5,,2025-07-31T02:10:00+08:00,2025-07-31T02:00:00+08:00,,,,353.0,0.5
89.0,24.897503,121.214636,,973.5,0.0,0.0,0.0,0.0,0.0,0.0,42.5,0.0,0.0,0.0,C0C650,平鎮,,26.6,,2025-07-31T02:10:00+08:00,2025-07-31T02:00:00+08:00,,,,0.0,0.0
95.0,22.318619,120.857372,,953.0,16.0,1.0,81.5,6.5,198.0,209.5,251.5,23.0,45.5,17.0,C0S990,山豬窟,,25.1,,2025-07-31T02:10:00+08:00,2025-07-31T02:00:00+08:00,,,,243.0,6.2
94.0,23.991861,121.537169,,936.3,1.5,0.5,2.0,1.5,5.0,5.0,16.5,2.0,2.0,2.0,C0T9B0,水源,,23.7,,2025-07-31T02:10:00+08:00,2025-07-31T02:00:00+08:00,,,,278.0,1.4
,24.581505,121.358179,,,,0.0,0.0,0.0,0.5,0.5,1.0,0.0,0.0,0.0,21D350,西丘斯山,,,,2025-07-31T02:10:00+08:00,,,,,,
,24.769203,121.225244,,,,0.0,0.0,0.0,0.0,0.0,12.0,0.0,0.0,0.0,81D760,錦山國小,,,,2025-07-31T02:10:00+08:00,,,,,,
100.0,23.89525,121.549833,,992.5,2.0,0.5,2.5,1.5,6.0,6.0,18.0,2.5,2.5,2.5,C0Z100,東華,,24.2,,2025-07-31T02:10:00+08:00,2025-07-31T02:00:00+08:00,,,,0.0,0.1
100.0,24.996414,121.651931,1.7,-99.0,,0.0,0.0,0.0,0.0,0.0,44.5,0.0,0.0,0.0,CAAD60,國五S005K,-99.0,25.5,2025-07-31T02:00:00+08:00,2025-07-31T02:10:00+08:00,,-99,7-10,多雲,140.0,0.5
,22.76625,120.64444,,,,0.0,30.0,4.0,110.0,136.0,314.0,14.0,21.0,12.0,01Q610,古夏,,,,2025-07-31T02:10:00+08:00,,,,,,
77.0,24.564569,120.824575,,990.0,0.5,0.0,13.5,0.0,14.0,14.0,19.5,13.5,13.5,0.5,C0E750,苗栗,,26.8,,2025-07-31T02:10:00+08:00,2025-07-31T02:00:00+08:00,,,,201.0,2.4
82.0,24.448431,118.451786,3.2,-99.0,,0.0,0.0,0.0,0.0,0.0,0.0,0.0,0.0,0.0,C2W030,金門(東),-99.0,26.9,2025-07-31T02:00:00+08:00,2025-07-31T02:10:00+08:00,,-99,-99,陰,220.0,0.6
95.0,23.596314,119.67275,,995.0,0.0,0.0,0.0,0.0,1.5,11.0,12.0,0.0,0.0,0.0,C0W200,湖西,,27.4,,2025-07-31T02:10:00+08:00,2025-07-31T02:00:00+08:00,,,,219.0,5.7
,22.813153,120.367789,,,,0.0,0.0,0.0,4.5,4.5,91.5,0.0,0.0,0.0,C1V390,尖山,,,,2025-07-31T02:10:00+08:00,,,,,,
100.0,23.77412,120.64061,9.1,-99.0,,2.0,106.5,22.0,174.0,195.0,195.0,56.5,105.0,50.5,CAJ010,國三N252K,-99.0,23.0,2025-07-31T02:00:00+08:00,2025-07-31T02:10:00+08:00,,-99,1.2,陰有雷雨,90.0,2.7
,25.015833,121.804444,,,,0.0,0.0,0.0,0.0,0.0,14.5,0.0,0.0,0.0,81AH70,柑林國小,,,,2025-07-31T02:10:00+08:00,,,,,,
79.0,25.096356,121.516506,,990.8,0.0,0.0,0.0,0.0,0.0,0.0,69.0,0.0,0.0,0.0,C0A770,科教館,,29.8,,2025-07-31T02:10:00+08:00,2025-07-31T02:00:00+08:00,,,,316.0,0.6
93.0,23.73835,121.540108,,958.4,5.0,0.0,5.0,1.5,10.5,10.5,15.5,5.0,5.0,5.0,C0Z270,蕃薯寮,,22.9,,2025-07-31T02:10:00+08:00,2025-07-31T02:00:00+08:00,,,,231.0,3.4
97.0,24.179494,120.641275,,985.3,21.0,4.5,48.0,16.0,108.5,108.5,114.5,38.0,46.5,25.5,C0F9T0,西屯,,24.0,,2025-07-31T02:10:00+08:00,2025-07-31T02:00:00+08:00,,,,148.0,1.2
92.0,23.313644,121.459994,,991.8,3.5,0.5,5.5,2.0,6.5,6.5,6.5,5.5,5.5,4.0,C0SB80,長濱漁港,,26.2,,2025-07-31T02:10:00+08:00,2025-07-31T02:00:00+08:00,,,,230.0,4.6
98.0,23.27125,121.188272,,928.7,0.5,0.0,4.5,0.5,20.5,20.5,21.5,1.0,1.0,0.5,C0Z320,清水林道,,21.1,,2025-07-31T02:10:00+08:00,2025-07-31T02:00:00+08:00,,,,280.0,1.0
,23.761508,120.832956,,,,2.5,189.0,21.0,384.0,384.0,404.5,67.0,174.0,48.0,C1I510,線浸林道,,,,2025-07-31T02:10:00+08:00,,,,,,
89.0,24.944503,121.386972,1.8,-99.0,,0.0,0.0,0.0,0.0,0.0,48.0,0.0,0.0,0.0,72AI40,桃改臺北,-99.0,26.5,2025-07-31T02:00:00+08:00,2025-07-31T02:10:00+08:00,,-99,-99,多雲,200.0,0.7
,23.509597,120.79,,,,6.5,252.5,27.0,485.5,495.5,538.0,72.0,175.0,53.0,F1M710,二萬坪,,,,2025-07-31T02:10:00+08:00,,,,,,
,25.105298,121.474712,,,,0.0,0.0,0.0,0.0,0.0,66.0,0.0,0.0,0.0,A1AB30,中洲,,,,2025-07-31T02:10:00+08:00,,,,,,
,23.290374,120.496384,,,,0.0,21.0,1.0,105.0,118.0,198.0,6.0,12.0,5.0,01O200,北寮,,,,2025-07-31T02:10:00+08:00,,,,,,
84.0,23.589978,120.180394,12.1,-99.0,,0.0,1.5,0.0,3.5,3.5,4.5,0.0,0.0,0.0,12J990,口湖工作站,-99.0,28.5,2025-07-31T02:00:00+08:00,2025-07-31T02:10:00+08:00,,-99,-99,陰,240.0,6.0
,24.87561,121.451992,,,,0.0,0.0,0.0,0.0,0.0,17.0,0.0,0.0,0.0,01AG10,熊空山,,,,2025-07-31T02:10:00+08:00,,,,,,
,24.1263,120.994672,,,,1.0,54.5,2.5,117.5,117.5,226.5,10.0,27.5,6.5,C1H9B1,阿眉,,,,2025-07-31T02:10:00+08:00,,,,,,
,22.112611,120.756597,,,,0.0,20.0,0.0,40.0,41.0,230.0,0.0,0.0,0.0,C1R290,石門山,,,,2025-07-31T02:10:00+08:00,,,,,,
92.0,25.132153,121.608692,,921.6,0.0,0.0,0.0,0.0,0.0,0.0,32.5,0.0,0.0,0.0,C0A870,五指山,,25.8,,2025-07-31T02:10:00+08:00,2025-07-31T02:00:00+08:00,,,,310.0,4.4
91.0,22.0744,120.716247,,998.0,0.0,0.0,3.5,0.0,20.5,20.5,269.5,0.0,0.0,0.0,C0R320,車城,,28.6,,2025-07-31T02:10:00+08:00,2025-07-31T02:00:00+08:00,,,,233.0,2.8
,24.709464,120.898219,,,,0.0,0.0,0.0,0.0,0.0,11.0,0.0,0.0,0.0,01E120,大埔,,,,2025-07-31T02:10:00+08:00,,,,,,
100.0,23.676986,120.163433,8.8,-99.0,,0.0,0.5,0.5,0.5,1.0,10.0,0.5,0.5,0.5,E2K600,四湖植物園,-99.0,28.1,2025-07-31T02:00:00+08:00,2025-07-31T02:10:00+08:00,,-99,-99,陰有雨,10.0,1.9
94.0,22.507667,120.587817,,992.3,2.0,0.0,11.5,2.0,84.5,111.5,222.0,2.0,2.0,2.0,C0R950,萬隆國小,,27.7,,2025-07-31T02:10:00+08:00,2025-07-31T02:00:00+08:00,,,,209.0,3.8
,23.639517,120.786444,,,,1.0,193.0,37.0,350.5,353.0,364.0,86.5,179.5,44.0,C1I470,杉林溪,,,,2025-07-31T02:10:00+08:00,,,,,,
92.0,24.063889,120.523056,12.0,-99.0,,0.0,32.5,10.5,64.5,68.0,68.5,23.0,24.0,21.0,CAG010,國一N198K,-99.0,24.5,2025-07-31T02:00:00+08:00,2025-07-31T02:10:00+08:00,,-99,-99,陰有雨,140.0,6.2
99.0,22.813889,121.071278,7.9,-99.0,,0.0,81.5,10.5,138.0,141.5,149.5,42.5,54.5,35.0,72S590,賓朗果園,-99.0,21.5,2025-07-31T02:00:00+08:00,2025-07-31T02:10:00+08:00,,-99,-99,陰,250.0,1.6
85.0,24.612194,121.157167,2.4,-99.0,,0.0,0.0,0.0,0.0,0.0,16.5,0.0,0.0,0.0,72D080,五峰站,-99.0,22.8,2025-07-31T02:00:00+08:00,2025-07-31T02:10:00+08:00,,-99,-99,陰,130.0,0.9
-99.0,10.370203,114.364286,-99.0,-99.0,,,,,,,,,,-99.0,469020,南沙島,-99.0,-99.0,2025-07-31T02:00:00+08:00,,,-99,-99,-99,-99.0,-99.0
,24.461667,120.863889,,,,0.0,4.5,0.0,19.0,19.0,41.0,4.5,4.5,3.5,81E710,開礦國小,,,,2025-07-31T02:10:00+08:00,,,,,,
91.0,23.3052,120.14891,12.4,-99.0,,0.0,0.0,0.0,3.0,3.0,3.5,0.0,0.0,0.0,CAN110,西濱S280K,-99.0,28.9,2025-07-31T02:00:00+08:00,2025-07-31T02:10:00+08:00,,-99,7-10,陰有靄,240.0,7.9
83.0,24.79778,121.0089,7.3,-99.0,,0.0,0.0,0.0,0.0,0.0,21.0,0.0,0.0,0.0,CAD050,國一N094K,-99.0,28.1,2025-07-31T02:00:00+08:00,2025-07-31T02:10:00+08:00,,-99,-99,陰,210.0,2.4
,23.955381,120.416991,,,,0.0,3.0,1.0,6.0,42.0,44.0,2.0,3.0,2.0,01G240,萬興(2),,,,2025-07-31T02:10:00+08:00,,,,,,
99.0,23.119628,121.209469,,967.4,0.5,0.5,6.0,0.5,26.0,27.0,28.0,1.5,3.5,1.0,C0S740,池上,,23.1,,2025-07-31T02:10:00+08:00,2025-07-31T02:00:00+08:00,,,,228.0,2.7
,24.940081,121.087161,,,,0.0,0.0,0.0,0.0,0.0,58.5,0.0,0.0,0.0,C1C510,水尾,,,,2025-07-31T02:10:00+08:00,,,,,,
100.0,24.510856,121.608044,,804.7,0.0,0.0,0.0,0.0,0.0,0.0,1.0,0.0,0.0,0.0,C0U960,翠峰湖,,15.8,,2025-07-31T02:10:00+08:00,2025-07-31T02:00:00+08:00,,,,24.0,0.6
97.0,22.205403,120.887614,,973.9,24.0,3.5,114.0,14.5,202.0,210.0,271.5,30.5,72.5,27.5,C0R720,旭海,,25.8,,2025-07-31T02:10:00+08:00,2025-07-31T02:00:00+08:00,,,,232.0,5.7
,23.661789,120.807647,,,,5.0,131.0,32.5,258.0,258.5,279.0,59.5,124.5,37.0,C1I101,溪頭,,,,2025-07-31T02:10:00+08:00,,,,,,
,23.496927,121.445929,,,,0.0,7.0,1.0,13.0,13.0,13.0,7.0,7.0,5.0,O1T800,奇美國小,,,,2025-07-31T02:10:00+08:00,,,,,,
93.0,22.35572,120.90374,4.6,996.6,,0.0,48.5,4.0,148.0,152.0,176.0,7.5,22.0,6.0,467540,大武,0.0,26.6,2025-07-31T02:00:00+08:00,2025-07-31T02:10:00+08:00,,-99,-99,陰有雨,270.0,0.8
,24.939858,121.470989,,,,0.0,0.0,0.0,0.0,0.0,48.0,0.0,0.0,0.0,81AH80,五城加油站,,,,2025-07-31T02:10:00+08:00,,,,,,
,24.548212,121.224879,,,,0.0,0.0,0.0,0.0,0.0,1.0,0.0,0.0,0.0,21D160,白石,,,,2025-07-31T02:10:00+08:00,,,,,,
98.0,23.973672,120.68085,,984.0,12.5,1.0,103.5,9.0,196.0,197.5,197.5,19.5,94.0,13.5,C0H960,草屯,,23.5,,2025-07-31T02:10:00+08:00,2025-07-31T02:00:00+08:00,,,,180.0,1.5
,24.414244,120.77003,,,,0.0,13.0,1.0,36.0,36.0,51.0,12.0,13.0,7.0,01E290,三義(2),,,,2025-07-31T02:10:00+08:00,,,,,,
86.0,25.150211,121.403947,,991.1,0.0,0.0,0.0,0.0,0.0,0.0,69.0,0.0,0.0,0.0,C0AD10,八里,,30.5,,2025-07-31T02:10:00+08:00,2025-07-31T02:00:00+08:00,,,,129.0,1.1
,24.73339,120.967392,,,,0.0,0.0,0.0,0.0,0.0,10.0,0.0,0.0,0.0,O1D570,新城國小,,,,2025-07-31T02:10:00+08:00,,,,,,
,22.368323,120.663618,,,,0.0,16.0,0.0,118.0,152.0,267.0,0.0,2.0,0.0,01R040,士文,,,,2025-07-31T02:10:00+08:00,,,,,,
80.0,24.841667,121.953133,,951.9,0.0,0.0,0.0,0.0,0.0,0.0,7.5,0.0,0.0,0.0,C0U750,龜山島,,26.9,,2025-07-31T02:10:00+08:00,2025-07-31T02:00:00+08:00,,,,285.0,2.2
100.0,22.024633,120.69355,,980.3,0.0,0.0,4.5,0.0,10.5,11.5,283.0,0.0,0.0,0.0,C0R730,大坪頂,,26.9,,2025-07-31T02:10:00+08:00,2025-07-31T02:00:00+08:00,,,,125.0,1.8
69.0,23.047062,121.343223,,993.2,1.5,0.0,5.0,0.5,18.0,19.5,20.0,2.0,3.5,1.5,C0SB50,叭嗡嗡,,27.4,,2025-07-31T02:10:00+08:00,2025-07-31T02:00:00+08:00,,,,297.0,6.4
,22.708369,120.649251,,,,0.0,43.0,4.0,119.0,124.0,213.0,23.0,28.0,12.0,01Q930,三地門,,,,2025-07-31T02:10:00+08:00,,,,,,
98.0,24.225972,120.800917,7.9,-99.0,,1.5,73.5,17.5,133.0,133.0,271.5,50.0,71.0,29.5,K2F750,種苗繁殖,-99.0,22.4,2025-07-31T02:00:00+08:00,2025-07-31T02:10:00+08:00,,-99,-99,陰有雷雨,140.0,3.2
82.0,25.028458,121.386561,,969.4,0.0,0.0,0.0,0.0,0.0,0.0,43.5,0.0,0.0,0.0,C0C680,龜山,,27.5,,2025-07-31T02:10:00+08:00,2025-07-31T02:00:00+08:00,,,,263.0,0.5
99.0,23.453994,120.749517,,894.5,59.0,2.0,264.5,39.0,520.0,530.5,566.5,67.0,188.5,61.0,C0M820,達邦,,19.7,,2025-07-31T02:10:00+08:00,2025-07-31T02:00:00+08:00,,,,52.0,1.3
99.0,24.711158,121.116933,,972.3,0.0,0.0,0.0,0.0,0.0,0.0,7.0,0.0,0.0,0.0,C0D540,橫山,,24.8,,2025-07-31T02:10:00+08:00,2025-07-31T02:00:00+08:00,,,,0.0,0.0
100.0,24.081389,120.556667,10.0,-99.0,,2.0,66.5,20.0,129.5,139.0,139.5,60.0,60.5,44.0,A0G720,彰師大,-99.0,23.5,2025-07-31T02:00:00+08:00,2025-07-31T02:10:00+08:00,,-99,-99,陰有雨,120.0,4.0
,23.309037,120.459288,,,,0.0,7.0,0.0,56.0,58.0,135.0,1.0,2.0,1.0,01O080,六溪,,,,2025-07-31T02:10:00+08:00,,,,,,
,25.099395,121.528911,,,,0.0,0.0,0.0,0.0,0.0,75.5,0.0,0.0,0.0,A1AB60,福德,,,,2025-07-31T02:10:00+08:00,,,,,,
100.0,24.2049,120.6552,5.7,-99.0,,4.5,35.5,13.5,62.0,62.0,69.5,22.5,35.0,14.0,CAF010,國一N174K,-99.0,23.8,2025-07-31T02:00:00+08:00,2025-07-31T02:10:00+08:00,,-99,11-15,陰有雨,160.0,2.4
80.0,25.123697,121.862239,,993.4,0.0,0.0,0.0,0.0,0.0,0.0,10.0,0.0,0.0,0.0,C0AJ50,水湳洞,,29.2,,2025-07-31T02:10:00+08:00,2025-07-31T02:00:00+08:00,,,,103.0,0.8
92.0,23.502278,120.171861,9.2,-99.0,,0.0,0.0,0.0,0.0,0.0,15.0,0.0,0.0,0.0,CAL090,西濱S257K,-99.0,28.7,2025-07-31T02:00:00+08:00,2025-07-31T02:10:00+08:00,,-99,7-10,陰有靄,230.0,4.0
93.0,25.136097,121.426372,,930.6,0.0,0.0,0.0,0.0,0.0,0.0,71.5,0.0,0.0,0.0,C0AK30,硬漢嶺,,24.7,,2025-07-31T02:10:00+08:00,2025-07-31T02:00:00+08:00,,,,247.0,3.6
78.0,25.165914,121.632969,,956.4,0.0,0.0,0.0,0.0,0.0,0.0,13.0,0.0,0.0,0.0,C0A860,大坪,,28.3,,2025-07-31T02:10:00+08:00,2025-07-31T02:00:00+08:00,,,,203.0,4.9
90.0,24.183258,121.641899,,879.1,0.5,0.0,0.5,0.5,0.5,0.5,6.5,0.5,0.5,0.5,C0TA80,立霧山,,21.7,,2025-07-31T02:10:00+08:00,2025-07-31T02:00:00+08:00,,,,181.0,1.8
97.0,23.928228,121.091411,,832.8,3.0,0.0,14.0,1.0,58.5,58.5,85.0,3.5,7.0,3.0,C0I490,萬大林道,,17.7,,2025-07-31T02:10:00+08:00,2025-07-31T02:00:00+08:00,,,,191.0,0.6
84.0,24.423753,118.240186,,990.4,0.0,0.0,2.0,0.0,2.0,2.0,3.0,0.0,0.0,0.0,C0W240,九宮,,27.0,,2025-07-31T02:10:00+08:00,2025-07-31T02:00:00+08:00,,,,254.0,2.8
87.0,23.48718,120.95943,13.1,-99.0,,10.0,67.0,23.5,164.5,164.5,194.0,35.5,44.5,24.0,467550,玉山,0.0,7.6,2025-07-31T02:00:00+08:00,2025-07-31T02:10:00+08:00,,0,-99,陰有雷,220.0,2.9
92.0,24.907222,121.873428,,994.5,0.0,0.0,0.0,0.0,1.5,1.5,9.0,0.0,0.0,0.0,C0U880,北關,,27.0,,2025-07-31T02:10:00+08:00,2025-07-31T02:00:00+08:00,,,,326.0,1.0
,23.345833,121.303333,,,,0.0,0.0,0.0,6.5,6.5,7.5,0.0,0.0,0.0,81T900,卓溪國小,,,,2025-07-31T02:10:00+08:00,,,,,,
,23.701086,120.311047,,,,0.0,3.0,1.0,6.0,35.0,63.0,1.0,3.0,1.0,01K060,褒忠(2),,,,2025-07-31T02:10:00+08:00,,,,,,
99.0,23.903208,120.963364,2.9,-99.0,,0.0,71.5,7.5,202.5,202.5,244.0,28.5,32.0,23.0,72HA00,埔里分場,-99.0,21.3,2025-07-31T02:00:00+08:00,2025-07-31T02:10:00+08:00,,-99,-99,陰有雨,120.0,0.9
88.0,25.007606,122.002058,,985.5,0.0,0.0,0.0,0.0,0.0,0.0,0.5,0.0,0.0,0.0,C0A970,三貂角,,26.6,,2025-07-31T02:10:00+08:00,2025-07-31T02:00:00+08:00,,,,352.0,1.2
93.0,23.897647,120.5862,,991.7,2.5,2.5,20.0,4.0,74.0,92.0,93.0,5.0,19.5,5.0,C0G860,社頭,,25.5,,2025-07-31T02:10:00+08:00,2025-07-31T02:00:00+08:00,,,,127.0,3.1
94.0,22.594789,120.960825,,981.6,3.0,0.0,34.5,0.0,75.5,75.5,87.5,3.5,30.5,3.0,C0S920,金峰嘉蘭,,23.7,,2025-07-31T02:10:00+08:00,2025-07-31T02:00:00+08:00,,,,290.0,0.8
86.0,23.253328,120.375253,,994.0,1.5,0.0,3.0,0.5,39.0,41.5,112.0,2.0,2.0,1.5,C0X320,柳營,,28.2,,2025-07-31T02:10:00+08:00,2025-07-31T02:00:00+08:00,,,,243.0,5.3
83.0,23.286817,121.411975,,966.1,3.5,0.5,6.5,2.0,9.5,9.5,10.0,6.5,6.5,4.0,C0S830,長濱,,25.3,,2025-07-31T02:10:00+08:00,2025-07-31T02:00:00+08:00,,,,203.0,1.3
,22.305,120.644722,,,,0.0,4.5,0.0,46.5,47.5,137.0,0.0,0.0,0.0,81R660,內獅國小,,,,2025-07-31T02:10:00+08:00,,,,,,
,25.147998,121.483915,,,,0.0,0.0,0.0,0.0,0.0,78.0,0.0,0.0,0.0,A1AG30,稻香里,,,,2025-07-31T02:10:00+08:00,,,,,,
92.0,23.056805,120.095569,,995.4,0.0,0.0,0.0,0.0,0.0,17.5,42.5,0.0,0.0,0.0,C0N020,城西,,28.9,,2025-07-31T02:10:00+08:00,2025-07-31T02:00:00+08:00,,,,224.0,8.5
,23.403864,120.649071,,,,1.5,155.5,32.5,329.0,372.0,405.0,57.0,120.0,46.0,81M790,麻竹湖步道,,,,2025-07-31T02:10:00+08:00,,,,,,
100.0,23.728081,120.787347,9.1,-99.0,,7.0,185.0,35.5,305.5,309.0,311.0,72.5,171.5,46.0,C2I090,鳳凰,-99.0,20.2,2025-07-31T02:00:00+08:00,2025-07-31T02:10:00+08:00,,-99,-99,陰有雷雨,140.0,2.2
,23.240357,120.696723,,,,0.0,460.0,26.0,705.0,768.0,812.0,181.0,359.0,111.0,O1V520,民權,,,,2025-07-31T02:10:00+08:00,,,,,,
97.0,22.598,120.99775,5.0,-99.0,,0.0,20.5,0.0,46.5,46.5,54.0,1.5,18.5,0.5,E2S960,太麻里(2),-99.0,24.5,2025-07-31T02:00:00+08:00,2025-07-31T02:10:00+08:00,,-99,-99,陰,250.0,2.8
99.0,22.0369,121.55843,23.4,961.7,,0.0,0.0,0.0,0.0,0.0,34.5,0.0,0.0,0.0,467620,蘭嶼,0.0,26.0,2025-07-31T02:00:00+08:00,2025-07-31T02:10:00+08:00,,0,7-10,陰有靄,250.0,14.6
82.0,24.8956,120.9649,7.1,-99.0,,0.0,0.0,0.0,0.0,0.0,35.0,0.0,0.0,0.0,CAD100,西濱N066K,-99.0,27.7,2025-07-31T02:00:00+08:00,2025-07-31T02:10:00+08:00,,-99,16-20,陰,230.0,2.2
99.0,23.464644,120.554144,,973.2,7.0,0.0,39.0,0.0,172.5,194.0,250.5,7.0,26.5,7.0,C0M720,番路,,26.2,,2025-07-31T02:10:00+08:00,2025-07-31T02:00:00+08:00,,,,209.0,1.1
99.0,23.689722,120.851117,1.8,-99.0,,6.5,101.0,32.0,217.0,217.0,239.0,58.5,95.5,33.5,U2HA40,臺大內茅埔,-99.0,21.3,2025-07-31T02:00:00+08:00,2025-07-31T02:10:00+08:00,,-99,-99,陰有雷雨,140.0,0.4
100.0,21.975177,120.843919,,997.1,0.0,0.0,3.5,0.0,13.5,16.0,172.5,0.0,0.0,0.0,C0R870,興海,,28.5,,2025-07-31T02:10:00+08:00,2025-07-31T02:00:00+08:00,,,,244.0,2.9
85.0,24.700036,120.859128,,995.3,0.0,0.0,0.0,0.0,0.0,0.0,11.0,0.0,0.0,0.0,C0E930,龍鳳,,27.6,,2025-07-31T02:10:00+08:00,2025-07-31T02:00:00+08:00,,,,181.0,2.1
99.0,23.389125,120.716647,,855.9,56.5,1.0,338.0,27.5,561.0,594.0,631.0,107.5,287.0,57.5,C0M810,里佳,,19.5,,2025-07-31T02:10:00+08:00,2025-07-31T02:00:00+08:00,,,,277.0,0.7
91.0,24.637056,120.864778,,993.6,0.5,0.0,4.5,0.0,4.5,4.5,10.5,4.5,4.5,0.5,C0E740,造橋,,25.7,,2025-07-31T02:10:00+08:00,2025-07-31T02:00:00+08:00,,,,234.0,1.4
79.0,24.978508,121.281819,2.1,-99.0,,0.0,0.0,0.0,0.0,0.0,71.5,0.0,0.0,0.0,V2C260,八德蔬果,-99.0,27.4,2025-07-31T02:00:00+08:00,2025-07-31T02:10:00+08:00,,-99,-99,多雲,210.0,0.8
,23.134911,120.716711,,,,7.5,427.0,45.5,773.5,824.0,914.0,110.5,289.5,76.0,C1V231,高中,,,,2025-07-31T02:10:00+08:00,,,,,,
96.0,22.739558,120.530778,,992.3,4.5,0.0,13.5,1.5,58.5,66.0,205.5,6.5,7.5,4.5,C0R160,鹽埔,,28.3,,2025-07-31T02:10:00+08:00,2025-07-31T02:00:00+08:00,,,,221.0,3.1
99.0,22.738578,120.446797,,994.9,1.0,0.0,6.0,0.5,24.0,25.0,138.0,1.0,1.0,1.0,C0V350,溪埔,,27.9,,2025-07-31T02:10:00+08:00,2025-07-31T02:00:00+08:00,,,,218.0,3.5
,24.115092,120.811125,,,,0.0,130.0,8.0,242.0,242.0,274.0,79.0,96.0,39.0,01F680,頭汴坑,,,,2025-07-31T02:10:00+08:00,,,,,,
94.0,24.082025,121.608944,,991.7,1.0,0.0,1.0,1.0,1.0,1.0,3.0,1.0,1.0,1.0,C0TA20,加灣,,25.9,,2025-07-31T02:10:00+08:00,2025-07-31T02:00:00+08:00,,,,209.0,1.5
,24.30505,120.813208,,,,0.0,25.0,0.0,74.0,74.0,107.0,8.0,25.0,1.0,01E230,卓蘭(2),,,,2025-07-31T02:10:00+08:00,,,,,,
100.0,24.237116,120.688271,5.5,-99.0,,0.5,34.0,9.5,61.0,61.0,67.0,16.5,34.0,11.5,CAF030,國一S169K,-99.0,23.5,2025-07-31T02:00:00+08:00,2025-07-31T02:10:00+08:00,,-99,-99,陰有雷雨,160.0,2.7
89.0,24.686306,121.716583,1.3,-99.0,,0.0,0.0,0.0,0.0,0.0,1.5,0.0,0.0,0.0,72U480,蘭陽分場,-99.0,27.1,2025-07-31T02:00:00+08:00,2025-07-31T02:10:00+08:00,,-99,-99,多雲,0.0,0.0
96.0,23.344331,121.302853,,976.3,2.5,0.0,4.5,1.0,16.5,16.5,17.0,3.0,3.5,2.5,C0Z170,卓溪,,23.5,,2025-07-31T02:10:00+08:00,2025-07-31T02:00:00+08:00,,,,241.0,2.2
,24.425484,120.727759,,,,0.0,10.0,2.0,27.0,27.0,30.0,10.0,10.0,5.0,01E330,大坪頂,,,,2025-07-31T02:10:00+08:00,,,,,,
94.0,24.275964,120.547681,5.9,-99.0,,0.5,15.5,3.5,53.0,53.0,53.5,15.5,15.5,8.0,CAF100,西濱N151K,-99.0,25.1,2025-07-31T02:00:00+08:00,2025-07-31T02:10:00+08:00,,-99,3-6,陰有雨,140.0,2.7
100.0,23.884447,120.766406,4.9,-99.0,,3.5,128.0,9.5,366.0,367.5,367.5,51.0,109.0,33.5,C2H950,中寮,-99.0,23.0,2025-07-31T02:00:00+08:00,2025-07-31T02:10:00+08:00,,-99,-99,陰有雷雨,150.0,0.5
,23.430078,121.312632,,,,0.0,6.0,1.0,18.0,18.0,19.0,6.0,6.0,4.0,01T230,立山,,,,2025-07-31T02:10:00+08:00,,,,,,
92.0,25.08694,121.6869,1.8,-99.0,,0.0,0.0,0.0,0.0,0.0,32.0,0.0,0.0,0.0,CAB020,國一S006K,-99.0,27.3,2025-07-31T02:00:00+08:00,2025-07-31T02:10:00+08:00,,-99,-99,晴,320.0,0.6
80.0,24.708978,120.888897,,991.9,0.0,0.0,0.0,0.0,0.0,0.0,10.5,0.0,0.0,0.0,C0E420,竹南,,28.1,,2025-07-31T02:10:00+08:00,2025-07-31T02:00:00+08:00,,,,205.0,0.5
87.0,23.296581,120.385592,,994.3,2.5,0.0,4.5,0.5,17.0,17.5,94.5,4.5,4.5,2.5,C0X050,東河,,28.0,,2025-07-31T02:10:00+08:00,2025-07-31T02:00:00+08:00,,,,219.0,4.7
,25.087591,121.613109,,,,0.0,0.0,0.0,0.0,0.0,46.0,0.0,0.0,0.0,A1AD30,安泰里,,,,2025-07-31T02:10:00+08:00,,,,,,
100.0,24.381675,121.4203,,692.2,0.0,0.0,0.0,0.0,0.5,0.5,6.0,0.0,0.0,0.0,C0F0D0,審馬陣,,10.1,,2025-07-31T02:10:00+08:00,2025-07-31T02:00:00+08:00,,,,-99.0,-99.0
,23.381471,120.530602,,,,0.0,24.5,3.5,111.0,119.0,163.0,13.5,20.5,12.0,81M690,沄水國小,,,,2025-07-31T02:10:00+08:00,,,,,,
,23.72541,120.876679,,,,0.5,95.0,23.5,218.5,218.5,261.5,42.5,84.0,33.5,81I540,上安,,,,2025-07-31T02:10:00+08:00,,,,,,
-99.0,25.079422,121.57545,,992.9,0.0,0.0,0.0,0.0,0.0,0.0,46.5,0.0,0.0,0.0,C0A9F0,內湖,,30.6,,2025-07-31T02:10:00+08:00,2025-07-31T02:00:00+08:00,,,,269.0,0.6
,24.102039,120.879897,,,,0.5,111.0,6.5,227.0,227.0,380.0,59.5,70.5,34.0,C1H920,長豐,,,,2025-07-31T02:10:00+08:00,,,,,,
93.0,22.480277,120.531666,8.6,-99.0,,0.0,9.5,0.0,57.5,84.5,164.5,0.0,0.0,0.0,CAQ010,國三N425K,-99.0,28.2,2025-07-31T02:00:00+08:00,2025-07-31T02:10:00+08:00,,-99,-99,陰,250.0,4.3
93.0,23.678725,120.478347,,989.8,3.5,0.5,11.0,2.0,42.5,70.0,88.5,4.5,11.0,4.0,C0K460,斗南,,28.1,,2025-07-31T02:10:00+08:00,2025-07-31T02:00:00+08:00,,,,256.0,4.8
100.0,23.508208,120.813242,7.2,-99.0,,3.0,261.5,32.0,520.5,527.0,580.5,74.5,154.0,55.0,467530,阿里山,0.0,14.1,2025-07-31T02:00:00+08:00,2025-07-31T02:10:00+08:00,,0,2.6,陰有雷雨,210.0,2.1
88.0,23.753836,120.294783,11.0,-99.0,,0.0,1.0,0.5,2.0,15.0,17.5,0.5,0.5,0.5,V2K620,麥寮合作社,-99.0,28.0,2025-07-31T02:00:00+08:00,2025-07-31T02:10:00+08:00,,-99,-99,陰,250.0,6.1
91.0,23.881975,120.289544,,994.2,0.0,0.0,0.5,0.0,0.5,8.0,14.5,0.0,0.0,0.0,C0G970,三豐,,28.0,,2025-07-31T02:10:00+08:00,2025-07-31T02:00:00+08:00,,,,241.0,11.8
86.0,25.064433,121.381972,2.6,-99.0,,0.0,0.0,0.0,0.0,0.0,49.0,0.0,0.0,0.0,CAA990,國一N039K,-99.0,27.3,2025-07-31T02:00:00+08:00,2025-07-31T02:10:00+08:00,,-99,21-30,多雲,100.0,0.5
100.0,23.972169,120.952425,,949.8,11.5,0.0,102.5,3.0,175.0,175.0,264.5,27.0,50.5,11.5,C0H890,埔里,,22.8,,2025-07-31T02:10:00+08:00,2025-07-31T02:00:00+08:00,,,,0.0,0.0
77.0,25.086594,121.472331,,992.2,0.0,0.0,0.0,0.0,0.0,0.0,66.5,0.0,0.0,0.0,C0AD30,蘆洲,,30.5,,2025-07-31T02:10:00+08:00,2025-07-31T02:00:00+08:00,,,,8.0,0.8
90.0,23.469889,120.259383,9.1,-99.0,,0.0,0.0,0.0,0.5,3.5,28.5,0.0,0.0,0.0,C2M920,朴子農改,-99.0,28.6,2025-07-31T02:00:00+08:00,2025-07-31T02:10:00+08:00,,-99,-99,陰,240.0,3.6
-99.0,24.601775,121.000214,,-99.0,-99.0,,,,,,,,,,C0E430,南庄,,-99.0,,,2025-07-31T02:00:00+08:00,,,,-99.0,-99.0
78.0,22.869214,121.223228,,990.3,9.0,0.0,15.5,7.0,41.0,45.0,47.0,9.0,10.0,9.0,C0SB30,新蘭,,25.1,,2025-07-31T02:10:00+08:00,2025-07-31T02:00:00+08:00,,,,301.0,4.9
-99.0,24.018658,120.847072,-99.0,-99.0,,,,,,,,,,-99.0,C2H9F0,柑林,-99.0,-99.0,2025-07-31T02:00:00+08:00,,,-99,-99,陰有雨,-99.0,-99.0
,25.030298,121.490307,,,,0.0,0.0,0.0,0.0,0.0,46.5,0.0,0.0,0.0,A1AB20,雙園,,,,2025-07-31T02:10:00+08:00,,,,,,
71.0,24.560647,121.752608,,877.2,0.0,0.0,0.0,0.0,3.0,3.0,3.0,0.0,0.0,0.0,C0UA40,西德山,,23.4,,2025-07-31T02:10:00+08:00,2025-07-31T02:00:00+08:00,,,,360.0,0.5
95.0,24.6905,121.017189,,985.4,0.0,0.0,0.0,0.0,0.0,0.0,7.0,0.0,0.0,0.0,C0D430,峨眉,,26.1,,2025-07-31T02:10:00+08:00,2025-07-31T02:00:00+08:00,,,,0.0,0.0
92.0,23.0757,120.363253,,991.1,2.5,0.0,5.0,2.0,30.5,30.5,71.5,3.0,3.0,2.5,C0X180,山上,,27.7,,2025-07-31T02:10:00+08:00,2025-07-31T02:00:00+08:00,,,,227.0,3.7
-99.0,23.212777,120.355833,10.0,-99.0,,0.0,2.5,0.5,40.5,44.5,109.0,1.0,1.0,0.5,CAN070,國三S329K,-99.0,28.1,2025-07-31T02:00:00+08:00,2025-07-31T02:10:00+08:00,,-99,16-20,陰,230.0,5.0
,24.421669,120.923831,,,,0.0,3.5,0.0,15.5,15.5,25.0,3.0,3.5,0.0,C1E681,南勢山,,,,2025-07-31T02:10:00+08:00,,,,,,
81.0,24.950944,121.030583,7.5,-99.0,,0.0,0.0,0.0,0.0,0.0,44.0,0.0,0.0,0.0,72C440,桃園農改,-99.0,28.0,2025-07-31T02:00:00+08:00,2025-07-31T02:10:00+08:00,,-99,-99,陰,220.0,2.2
,25.083096,121.52841,,,,0.0,0.0,0.0,0.0,0.0,59.5,0.0,0.0,0.0,A1AG50,劍潭山,,,,2025-07-31T02:10:00+08:00,,,,,,
,24.488418,121.426136,,,,0.0,0.0,0.0,0.0,0.0,0.0,0.0,0.0,0.0,01U780,四季,,,,2025-07-31T02:10:00+08:00,,,,,,
,24.017338,121.088627,,,,0.0,35.0,0.5,64.0,64.0,107.0,6.0,22.0,5.0,88H890,南豐,,,,2025-07-31T02:10:00+08:00,,,,,,
,24.789844,120.952712,,,,0.0,0.0,0.0,0.0,0.0,23.0,0.0,0.0,0.0,O1D590,成德中學,,,,2025-07-31T02:10:00+08:00,,,,,,
100.0,23.82137,120.72293,9.6,-99.0,,3.0,211.5,50.5,349.0,350.5,350.5,105.0,192.5,86.5,CAHA00,消防署訓練中心,-99.0,23.0,2025-07-31T02:00:00+08:00,2025-07-31T02:10:00+08:00,,-99,-99,陰有雷雨,70.0,2.7
86.0,24.522345,120.725006,3.4,-99.0,,0.0,10.5,0.0,15.5,15.5,24.0,10.5,10.5,3.0,CAE080,國三S140K,-99.0,25.5,2025-07-31T02:00:00+08:00,2025-07-31T02:10:00+08:00,,-99,7-10,陰,200.0,1.2
90.0,25.162078,121.544547,4.7,930.6,,0.0,0.0,0.0,0.0,0.0,62.5,0.0,0.0,0.0,466930,陽明山,0.0,24.8,2025-07-31T02:00:00+08:00,2025-07-31T02:10:00+08:00,,0,-99,晴,330.0,1.3
96.0,22.9077,120.3513,10.9,-99.0,,0.0,1.5,0.0,9.0,9.5,82.5,0.0,0.0,0.0,CAN100,國三S366K,-99.0,28.0,2025-07-31T02:00:00+08:00,2025-07-31T02:10:00+08:00,,-99,11-15,陰,240.0,4.2
93.0,25.09694,121.6678,2.2,-99.0,,0.0,0.0,0.0,0.0,0.0,34.0,0.0,0.0,0.0,CAB040,國三S007K,-99.0,27.0,2025-07-31T02:00:00+08:00,2025-07-31T02:10:00+08:00,,-99,7-10,晴,210.0,0.3
88.0,23.458911,120.153831,,996.1,0.0,0.0,0.0,0.0,0.0,0.0,50.5,0.0,0.0,0.0,C0M710,東石,,28.7,,2025-07-31T02:10:00+08:00,2025-07-31T02:00:00+08:00,,,,222.0,3.8
,23.421147,121.267631,,,,0.0,7.5,1.0,19.5,19.5,27.5,6.5,6.5,4.0,C1Z240,中平林道,,,,2025-07-31T02:10:00+08:00,,,,,,
90.0,22.572152,120.311191,,996.2,0.0,0.0,1.0,0.0,27.0,34.5,91.5,0.0,0.0,0.0,C0V890,前鎮,,29.0,,2025-07-31T02:10:00+08:00,2025-07-31T02:00:00+08:00,,,,0.0,0.0
99.0,24.031261,120.688133,5.7,-99.0,,8.0,192.5,18.5,312.0,312.0,312.0,71.0,146.0,31.0,G2F820,農業試驗所,-99.0,23.6,2025-07-31T02:00:00+08:00,2025-07-31T02:10:00+08:00,,-99,-99,陰有雨,60.0,1.0
,22.990682,120.509017,,,,0.0,20.0,1.0,71.0,72.0,256.0,5.0,9.0,3.0,O1V810,溝坪,,,,2025-07-31T02:10:00+08:00,,,,,,
99.0,22.991703,120.645722,5.0,-99.0,,9.5,140.5,18.5,350.0,358.0,521.0,40.5,70.5,22.5,E2P980,六龜林試,-99.0,22.5,2025-07-31T02:00:00+08:00,2025-07-31T02:10:00+08:00,,-99,-99,陰有雨,30.0,1.8
94.0,23.873803,120.581286,12.7,992.6,,6.0,29.0,10.5,68.0,93.5,93.5,11.0,25.0,5.0,467270,田中,0.0,24.7,2025-07-31T02:00:00+08:00,2025-07-31T02:10:00+08:00,,0,11-15,陰有雷雨,150.0,3.2
,23.952956,121.178556,,,,0.0,18.0,0.5,48.0,48.0,68.0,3.5,8.0,3.0,C1I320,奧萬大,,,,2025-07-31T02:10:00+08:00,,,,,,
,23.107777,120.738611,,,,4.0,369.0,30.0,653.5,688.5,771.5,72.0,271.5,37.0,81V930,竹林,,,,2025-07-31T02:10:00+08:00,,,,,,
84.0,23.214972,120.135761,,995.5,0.0,0.0,0.0,0.0,0.5,0.5,2.0,0.0,0.0,0.0,C0X280,將軍,,28.7,,2025-07-31T02:10:00+08:00,2025-07-31T02:00:00+08:00,,,,220.0,8.9
,24.236166,121.708898,,,,0.0,0.0,0.0,0.0,0.0,0.0,0.0,0.0,0.0,81T1B0,和仁車站,,,,2025-07-31T02:10:00+08:00,,,,,,
98.0,25.002719,121.742892,1.0,-99.0,,0.0,0.0,0.0,0.0,0.0,29.0,0.0,0.0,0.0,C2A650,火燒寮,-99.0,24.3,2025-07-31T02:00:00+08:00,2025-07-31T02:10:00+08:00,,-99,-99,晴,0.0,0.1
96.0,23.657717,120.595144,6.4,-99.0,,1.0,75.5,2.0,134.5,149.5,151.0,6.5,62.5,2.0,C2K630,荷苞,-99.0,26.8,2025-07-31T02:00:00+08:00,2025-07-31T02:10:00+08:00,,-99,-99,陰有雨,210.0,2.0
100.0,24.989964,121.656972,1.5,-99.0,,0.0,0.0,0.0,0.0,0.0,40.5,0.0,0.0,0.0,CAAD70,國五S006K,-99.0,25.3,2025-07-31T02:00:00+08:00,2025-07-31T02:10:00+08:00,,-99,7-10,多雲,70.0,0.4
,23.265549,120.824866,,,,0.0,347.0,37.0,604.0,624.0,670.0,147.0,257.0,101.0,01V060,梅山(2),,,,2025-07-31T02:10:00+08:00,,,,,,
85.0,24.959207,121.525196,4.6,993.3,,0.0,0.0,0.0,0.0,0.0,39.0,0.0,0.0,0.0,466881,新北,0.0,26.8,2025-07-31T02:00:00+08:00,2025-07-31T02:10:00+08:00,,0,>30,多雲,130.0,0.6
-99.0,23.740011,119.604189,-99.0,-99.0,,,,,,,,,,-99.0,A0W080,吉貝,-99.0,-99.0,2025-07-31T02:00:00+08:00,,,-99,-99,陰,-99.0,-99.0
,22.763272,120.704442,,,,0.0,129.5,7.5,257.5,288.0,438.0,32.5,60.0,26.0,C1R120,上德文,,,,2025-07-31T02:10:00+08:00,,,,,,
,24.7975,121.334444,,,,0.0,0.0,0.0,0.0,0.0,23.5,0.0,0.0,0.0,81C780,奎輝國小,,,,2025-07-31T02:10:00+08:00,,,,,,
98.0,23.895703,120.94135,,926.5,21.5,0.0,82.0,9.0,261.0,261.0,287.5,29.0,34.5,21.5,C0I370,魚池,,21.4,,2025-07-31T02:10:00+08:00,2025-07-31T02:00:00+08:00,,,,164.0,1.0
86.0,24.675456,121.794583,2.2,-99.0,,0.0,0.0,0.0,0.0,0.0,1.0,0.0,0.0,0.0,CAUB50,國五S047K,-99.0,27.6,2025-07-31T02:00:00+08:00,2025-07-31T02:10:00+08:00,,-99,-99,多雲,210.0,1.2
,23.702777,120.762222,,,,4.0,123.5,15.5,235.0,235.0,255.0,47.5,117.0,23.5,81HB30,和雅茶園,,,,2025-07-31T02:10:00+08:00,,,,,,
,22.910218,120.716048,,,,0.0,126.0,11.0,467.0,506.0,739.0,38.0,47.0,31.0,O1V550,多納(1),,,,2025-07-31T02:10:00+08:00,,,,,,
96.0,23.851597,120.499083,,991.6,3.0,0.0,4.0,3.0,32.0,79.5,80.0,3.0,4.0,3.0,C0G720,溪州,,24.6,,2025-07-31T02:10:00+08:00,2025-07-31T02:00:00+08:00,,,,125.0,3.2
,25.039991,121.619405,,,,0.0,0.0,0.0,0.0,0.0,42.0,0.0,0.0,0.0,A1AA70,舊莊國小,,,,2025-07-31T02:10:00+08:00,,,,,,
100.0,24.109231,121.326456,,676.5,6.0,0.0,12.5,2.5,24.5,25.0,56.5,6.0,9.5,6.0,C0I540,奇萊稜線,,9.2,,2025-07-31T02:10:00+08:00,2025-07-31T02:00:00+08:00,,,,274.0,5.3
,25.002193,121.575304,,,,0.0,0.0,0.0,0.0,0.0,42.0,0.0,0.0,0.0,A1AA90,博嘉國小,,,,2025-07-31T02:10:00+08:00,,,,,,
100.0,24.760717,121.58135,,926.7,0.0,0.0,0.0,0.0,0.0,0.0,5.5,0.0,0.0,0.0,C0AH90,福山植物園,,21.1,,2025-07-31T02:10:00+08:00,2025-07-31T02:00:00+08:00,,,,0.0,0.1
,23.728722,120.712097,,,,2.5,215.0,22.0,310.5,316.0,316.0,64.5,194.0,47.0,C1I201,中心崙,,,,2025-07-31T02:10:00+08:00,,,,,,
93.0,23.551742,120.428444,,993.4,1.0,0.5,9.5,0.5,48.0,61.5,137.0,1.5,6.0,1.5,C0M760,民雄,,28.2,,2025-07-31T02:10:00+08:00,2025-07-31T02:00:00+08:00,,,,253.0,2.7
100.0,23.59555,120.693461,7.0,-99.0,,0.0,214.0,16.5,398.5,410.0,421.5,58.0,170.5,25.5,C2K240,草嶺,-99.0,20.3,2025-07-31T02:00:00+08:00,2025-07-31T02:10:00+08:00,,-99,-99,陰有雷雨,150.0,3.0
,22.725061,121.03782,,,,0.0,64.5,1.5,99.0,99.5,108.5,13.5,41.5,6.5,81S930,射馬干,,,,2025-07-31T02:10:00+08:00,,,,,,
73.0,24.555361,121.802628,,909.4,0.0,0.0,0.0,0.0,0.5,0.5,0.5,0.0,0.0,0.0,C0UA50,西帽山,,24.9,,2025-07-31T02:10:00+08:00,2025-07-31T02:00:00+08:00,,,,0.0,0.1
96.0,24.590269,121.412228,,822.1,0.0,0.0,0.0,0.0,0.0,0.0,0.5,0.0,0.0,0.0,C0UA10,鴛鴦湖,,17.7,,2025-07-31T02:10:00+08:00,2025-07-31T02:00:00+08:00,,,,328.0,0.9
-99.0,24.276061,120.777644,,-99.0,3.5,1.0,26.5,2.0,79.0,79.0,108.5,14.0,26.5,4.5,C0F0B0,石岡,,-99.0,,2025-07-31T02:10:00+08:00,2025-07-31T02:00:00+08:00,,,,-99.0,-99.0
,22.434551,120.638399,,,,0.0,29.0,0.0,112.0,158.0,238.0,1.0,8.0,1.0,01Q360,南和,,,,2025-07-31T02:10:00+08:00,,,,,,
93.0,24.4472,120.6428,11.9,-99.0,,0.5,6.0,3.0,15.0,15.0,15.5,6.0,6.0,3.0,CAE110,西濱S129K,-99.0,25.6,2025-07-31T02:00:00+08:00,2025-07-31T02:10:00+08:00,,-99,3-6,陰有雨,150.0,7.6
100.0,24.093078,120.861578,1.5,-99.0,,0.0,123.0,5.0,255.5,255.5,409.0,62.5,76.0,33.5,C2H9D0,三隻寮,-99.0,21.4,2025-07-31T02:00:00+08:00,2025-07-31T02:10:00+08:00,,-99,-99,陰有雷雨,80.0,0.8
,24.489017,120.968036,,,,0.0,0.0,0.0,6.0,6.0,18.0,0.0,0.0,0.0,C1E721,泰安,,,,2025-07-31T02:10:00+08:00,,,,,,
93.0,24.375492,120.749184,2.6,-99.0,,1.5,23.0,7.5,52.0,52.0,52.5,20.0,23.0,17.5,CAE050,國一S152K,-99.0,23.3,2025-07-31T02:00:00+08:00,2025-07-31T02:10:00+08:00,,-99,3-6,陰有雷雨,220.0,0.6
,23.036624,120.708888,,,,0.0,307.0,14.0,655.0,696.0,807.0,78.0,207.0,65.0,O1V510,寶山,,,,2025-07-31T02:10:00+08:00,,,,,,
86.0,23.887894,121.000086,8.9,-99.0,,0.0,63.0,2.5,159.5,159.5,197.0,11.5,20.5,9.5,C2H9R0,卓社,-99.0,19.6,2025-07-31T02:00:00+08:00,2025-07-31T02:10:00+08:00,,-99,-99,陰,130.0,4.4
100.0,22.833111,120.683889,,890.9,39.0,0.5,168.0,5.5,476.5,521.0,744.0,45.0,74.0,39.5,C0R100,尾寮山,,22.5,,2025-07-31T02:10:00+08:00,2025-07-31T02:00:00+08:00,,,,191.0,3.0
100.0,23.324361,120.582017,5.4,-99.0,,2.0,131.0,10.5,285.0,338.0,403.0,38.5,94.0,28.0,C2M410,馬頭山,-99.0,22.9,2025-07-31T02:00:00+08:00,2025-07-31T02:10:00+08:00,,-99,-99,陰有雷雨,170.0,1.3
99.0,23.112883,120.297219,,996.4,-99.0,0.0,4.0,0.0,21.0,22.5,47.0,2.0,3.0,0.0,C0O900,善化,,28.9,,2025-07-31T02:10:00+08:00,2025-07-31T02:00:00+08:00,,,,246.0,5.2
,24.655722,120.955306,,,,0.0,0.0,0.0,0.0,0.0,3.0,0.0,0.0,0.0,01E400,三灣,,,,2025-07-31T02:10:00+08:00,,,,,,
,24.700595,121.356813,,,,0.0,0.0,0.0,0.0,0.0,6.5,0.0,0.0,0.0,88C690,蘇樂,,,,2025-07-31T02:10:00+08:00,,,,,,
99.0,23.069131,121.126219,,830.4,5.0,0.5,23.5,3.0,60.0,64.5,70.0,6.5,8.0,5.5,C0S760,紅石,,16.1,,2025-07-31T02:10:00+08:00,2025-07-31T02:00:00+08:00,,,,301.0,2.0
73.0,24.904794,121.043628,,985.5,0.0,0.0,0.0,0.0,0.0,0.0,37.5,0.0,0.0,0.0,C0D650,湖口,,28.5,,2025-07-31T02:10:00+08:00,2025-07-31T02:00:00+08:00,,,,210.0,3.0
,22.67206,121.037516,,,,0.5,22.0,1.0,45.0,45.0,53.0,3.0,15.5,1.5,81S560,三和國小,,,,2025-07-31T02:10:00+08:00,,,,,,
92.0,25.223628,121.643967,,990.0,0.0,0.0,0.0,0.0,0.0,0.0,5.5,0.0,0.0,0.0,C0A940,金山,,27.7,,2025-07-31T02:10:00+08:00,2025-07-31T02:00:00+08:00,,,,0.0,0.2
92.0,24.246428,120.833047,,956.1,18.5,2.0,54.5,13.5,111.5,111.5,241.0,37.0,52.0,20.5,C0F850,東勢,,24.1,,2025-07-31T02:10:00+08:00,2025-07-31T02:00:00+08:00,,,,194.0,1.4
88.0,22.684645,120.432803,,993.3,0.0,0.0,6.0,0.0,23.0,23.0,131.5,4.0,4.5,0.0,C0V910,大樹,,28.7,,2025-07-31T02:10:00+08:00,2025-07-31T02:00:00+08:00,,,,238.0,5.0
,25.096391,121.604109,,,,0.0,0.0,0.0,0.0,0.0,56.0,0.0,0.0,0.0,A1AG20,大湖里,,,,2025-07-31T02:10:00+08:00,,,,,,
91.0,24.735006,121.025192,,983.0,0.0,0.0,0.0,0.0,0.0,0.0,12.0,0.0,0.0,0.0,C0D580,寶山,,26.0,,2025-07-31T02:10:00+08:00,2025-07-31T02:00:00+08:00,,,,0.0,0.0
,23.492153,120.753683,,,,1.0,235.5,17.5,499.0,516.5,557.0,60.5,167.0,44.5,C1M640,十字,,,,2025-07-31T02:10:00+08:00,,,,,,
89.0,23.366342,120.362306,,994.2,1.0,0.0,1.0,0.0,16.5,17.0,59.5,1.0,1.0,1.0,C0X260,後壁,,28.5,,2025-07-31T02:10:00+08:00,2025-07-31T02:00:00+08:00,,,,241.0,4.2
92.0,23.158558,121.400431,,994.1,2.0,0.5,9.5,1.5,20.0,20.0,20.5,4.0,5.5,2.5,C0SB70,小港漁港,,24.6,,2025-07-31T02:10:00+08:00,2025-07-31T02:00:00+08:00,,,,312.0,1.5
,24.156667,120.756667,,,,2.0,98.0,21.0,98.0,98.0,98.0,59.5,94.5,44.5,81F890,坪廓分校,,,,2025-07-31T02:10:00+08:00,,,,,,
,23.755254,120.612491,,,,0.0,85.0,25.0,128.0,157.0,157.0,50.0,84.0,48.0,01J930,林內(1),,,,2025-07-31T02:10:00+08:00,,,,,,
,23.105439,120.682922,,,,5.0,306.5,24.0,550.0,603.0,714.5,76.5,208.0,40.5,81V820,建山國小,,,,2025-07-31T02:10:00+08:00,,,,,,
,23.561831,120.928349,,,,0.0,70.0,18.0,139.0,139.0,151.0,43.0,57.0,23.0,01H400,東埔,,,,2025-07-31T02:10:00+08:00,,,,,,
99.0,23.762528,120.7405,8.8,-99.0,,10.5,289.5,43.5,451.5,455.0,455.0,114.5,271.5,73.5,82H840,凍頂茶改,-99.0,21.7,2025-07-31T02:00:00+08:00,2025-07-31T02:10:00+08:00,,-99,-99,陰有雷雨,90.0,2.4
93.0,23.737734,120.256132,11.7,-99.0,,0.0,0.0,0.0,0.0,13.0,13.5,0.0,0.0,0.0,CAJ030,西濱N222K,-99.0,28.3,2025-07-31T02:00:00+08:00,2025-07-31T02:10:00+08:00,,-99,11-15,陰,240.0,7.0
99.0,24.982411,121.668089,1.3,-99.0,,0.0,0.0,0.0,0.0,0.0,37.5,0.0,0.0,0.0,CAAD80,國五N008K,-99.0,25.3,2025-07-31T02:00:00+08:00,2025-07-31T02:10:00+08:00,,-99,7-10,多雲有靄,160.0,0.3
91.0,20.700856,116.73,9.0,998.9,,0.0,0.0,0.0,7.5,7.5,7.5,0.0,0.0,0.0,468100,東沙島,-99.0,28.6,2025-07-31T02:00:00+08:00,2025-07-31T02:10:00+08:00,,-99,-99,多雲,230.0,3.7
78.0,24.343922,121.656317,,932.1,0.0,0.0,0.0,0.0,0.0,0.0,0.5,0.0,0.0,0.0,C0Z220,和平林道,,25.3,,2025-07-31T02:10:00+08:00,2025-07-31T02:00:00+08:00,,,,260.0,1.6
-99.0,23.859914,120.637572,5.9,-99.0,,8.5,56.5,18.5,137.0,148.0,148.0,19.0,53.0,10.5,C2H9T0,名間竹圍,-99.0,22.7,2025-07-31T02:00:00+08:00,2025-07-31T02:10:00+08:00,,-99,-99,陰有雷雨,120.0,2.4
,25.031696,121.521906,,,,0.0,0.0,0.0,0.0,0.0,53.0,0.0,0.0,0.0,A1A9Z0,中正國中,,,,2025-07-31T02:10:00+08:00,,,,,,
,23.025684,120.337183,,,,0.0,3.0,0.0,21.0,21.0,66.0,0.0,0.0,0.0,01O710,虎頭埤,,,,2025-07-31T02:10:00+08:00,,,,,,
,23.036563,120.708987,,,,0.0,273.0,21.5,572.0,607.5,706.0,56.0,168.0,45.0,81V940,寶山部落,,,,2025-07-31T02:10:00+08:00,,,,,,
,24.600282,121.529309,,,,0.0,0.5,0.0,0.5,0.5,0.5,0.0,0.0,0.0,81U870,樂水分校,,,,2025-07-31T02:10:00+08:00,,,,,,
85.0,24.407306,118.289281,5.8,992.5,,0.0,0.0,0.0,0.0,0.0,0.0,0.0,0.0,0.0,467110,金門,0.0,27.4,2025-07-31T02:00:00+08:00,2025-07-31T02:10:00+08:00,,-99,16-20,陰,270.0,3.3
,24.573125,121.10352,,,,0.0,0.0,0.0,1.0,1.0,7.0,0.0,0.0,0.0,01D110,清泉,,,,2025-07-31T02:10:00+08:00,,,,,,
94.0,24.9944,119.449556,,986.8,0.0,0.0,0.0,0.0,0.0,0.0,6.0,0.0,0.0,0.0,C0W160,烏坵,,27.7,,2025-07-31T02:10:00+08:00,2025-07-31T02:00:00+08:00,,,,221.0,5.4
95.0,24.040486,121.604878,,992.1,1.0,0.5,1.5,1.5,2.0,2.0,6.0,1.5,1.5,1.5,C0Z180,新城,,25.2,,2025-07-31T02:10:00+08:00,2025-07-31T02:00:00+08:00,,,,232.0,0.9
,25.131395,121.545613,,,,0.0,0.0,0.0,0.0,0.0,88.5,0.0,0.0,0.0,A1AA10,格致國中,,,,2025-07-31T02:10:00+08:00,,,,,,
,23.159204,120.764326,,,,14.0,477.5,37.0,860.5,905.0,979.5,98.0,295.5,76.0,81V950,桃源區公所,,,,2025-07-31T02:10:00+08:00,,,,,,
,23.07211,120.536955,,,,6.0,40.0,19.0,83.0,89.0,270.0,27.0,33.5,20.5,88O950,羌黃坑,,,,2025-07-31T02:10:00+08:00,,,,,,
,24.632808,121.160575,,,,0.0,0.0,0.0,0.0,0.0,14.0,0.0,0.0,0.0,C1D420,太閣南,,,,2025-07-31T02:10:00+08:00,,,,,,
,22.748999,120.728297,,,,0.0,167.0,5.0,292.0,316.0,441.0,42.0,81.0,33.0,O1S690,神山,,,,2025-07-31T02:10:00+08:00,,,,,,
-99.0,24.092468,120.603256,8.8,-99.0,,6.0,166.5,33.5,277.0,277.0,277.5,133.0,141.0,86.5,CAG060,國三S202K,-99.0,23.3,2025-07-31T02:00:00+08:00,2025-07-31T02:10:00+08:00,,-99,-99,陰有雨,130.0,2.6
,24.970278,121.926111,,,,0.0,0.0,0.0,0.0,0.0,4.5,0.0,0.0,0.0,81U890,大里國小,,,,2025-07-31T02:10:00+08:00,,,,,,
,24.681503,121.391485,,,,0.0,0.0,0.0,0.0,0.0,3.5,0.0,0.0,0.0,21C070,巴陵,,,,2025-07-31T02:10:00+08:00,,,,,,
93.0,23.623426,120.172646,12.0,-99.0,,0.0,0.0,0.0,3.5,4.0,25.0,0.0,0.0,0.0,CAJ040,西濱S241K,-99.0,28.6,2025-07-31T02:00:00+08:00,2025-07-31T02:10:00+08:00,,-99,11-15,陰,230.0,7.5
,25.021931,121.516401,,,,0.0,0.0,0.0,0.0,0.0,53.0,0.0,0.0,0.0,01A410,中正橋,,,,2025-07-31T02:10:00+08:00,,,,,,
96.0,24.678347,121.208558,,938.5,0.0,0.0,0.0,0.0,0.0,0.0,17.0,0.0,0.0,0.0,C0D360,梅花,,23.0,,2025-07-31T02:10:00+08:00,2025-07-31T02:00:00+08:00,,,,0.0,0.0
92.0,22.478205,120.415136,,997.4,0.0,0.0,1.0,0.0,34.5,44.0,123.0,0.0,0.0,0.0,C0V900,汕尾,,28.6,,2025-07-31T02:10:00+08:00,2025-07-31T02:00:00+08:00,,,,246.0,4.9
89.0,24.471892,120.704622,,992.0,0.5,0.0,7.5,0.0,14.0,14.0,14.0,3.0,7.5,0.5,C0E590,通霄,,26.3,,2025-07-31T02:10:00+08:00,2025-07-31T02:00:00+08:00,,,,181.0,2.7
86.0,23.126769,121.401914,,994.1,2.5,0.5,9.5,1.5,19.5,20.5,20.5,4.0,5.5,3.0,C0SB60,白守蓮,,25.1,,2025-07-31T02:10:00+08:00,2025-07-31T02:00:00+08:00,,,,299.0,1.9
,23.595278,120.596944,,,,0.0,89.5,7.0,224.0,236.0,243.5,13.5,74.5,12.0,88K590,華山,,,,2025-07-31T02:10:00+08:00,,,,,,
,23.820778,120.642594,,,,2.0,92.0,42.0,159.0,178.0,178.0,49.5,88.5,44.0,C1I280,埔中,,,,2025-07-31T02:10:00+08:00,,,,,,
88.0,23.038386,120.2367,13.0,996.6,,0.0,0.0,0.0,13.0,15.5,30.0,0.0,0.0,0.0,467420,永康,0.0,29.1,2025-07-31T02:00:00+08:00,2025-07-31T02:10:00+08:00,,0,-99,陰,240.0,4.6
94.0,25.036003,121.864242,,990.7,0.0,0.0,0.0,0.0,0.0,0.0,8.0,0.0,0.0,0.0,C0A890,雙溪,,27.9,,2025-07-31T02:10:00+08:00,2025-07-31T02:00:00+08:00,,,,0.0,0.0
97.0,22.081197,121.503117,,973.5,0.0,0.0,0.0,0.0,1.0,1.0,45.5,0.0,0.0,0.0,C0S910,蘭嶼燈塔,,27.0,,2025-07-31T02:10:00+08:00,2025-07-31T02:00:00+08:00,,,,272.0,9.6
97.0,22.845555,120.295,10.0,-99.0,,0.0,0.0,0.0,8.0,8.0,84.5,0.0,0.0,0.0,CAP010,國一S342K,-99.0,28.7,2025-07-31T02:00:00+08:00,2025-07-31T02:10:00+08:00,,-99,-99,陰,220.0,5.2
80.0,24.992425,121.323172,,985.0,0.0,0.0,0.0,0.0,0.0,0.0,53.5,0.0,0.0,0.0,C0C480,桃園,,29.1,,2025-07-31T02:10:00+08:00,2025-07-31T02:00:00+08:00,,,,0.0,0.0
,24.106999,121.199288,,,,0.0,38.0,2.0,89.0,89.0,175.0,15.0,26.0,7.0,01H310,翠峰,,,,2025-07-31T02:10:00+08:00,,,,,,
100.0,22.121825,120.836781,,955.7,0.5,0.0,38.0,0.0,76.5,77.5,193.0,0.5,0.5,0.5,C0R830,高士,,25.0,,2025-07-31T02:10:00+08:00,2025-07-31T02:00:00+08:00,,,,167.0,3.9
86.0,24.648563,120.831834,6.9,992.2,,0.0,0.5,0.0,0.5,0.5,10.0,0.5,0.5,0.5,467280,後龍,0.0,26.6,2025-07-31T02:00:00+08:00,2025-07-31T02:10:00+08:00,,0,>30,陰,220.0,3.8
90.0,22.13845,120.70215,,997.7,0.0,0.0,17.0,0.0,40.0,40.5,206.0,0.0,0.0,0.0,C0R900,竹坑,,28.6,,2025-07-31T02:10:00+08:00,2025-07-31T02:00:00+08:00,,,,249.0,3.7
,24.367306,120.901656,,,,0.5,6.5,0.5,32.0,32.0,96.0,6.5,6.5,1.0,C1E711,馬拉邦山,,,,2025-07-31T02:10:00+08:00,,,,,,
,23.037536,121.301007,,,,0.0,9.0,0.0,30.0,32.0,33.0,3.0,7.0,2.0,01S870,北源,,,,2025-07-31T02:10:00+08:00,,,,,,
,24.526914,120.830806,,,,0.0,6.0,0.0,9.5,9.5,14.0,6.0,6.0,2.0,C1E770,公館,,,,2025-07-31T02:10:00+08:00,,,,,,
100.0,22.454275,120.666219,,935.5,3.5,0.0,42.0,0.5,165.5,239.5,329.5,4.0,9.0,3.5,C0R820,白鷺,,24.5,,2025-07-31T02:10:00+08:00,2025-07-31T02:00:00+08:00,,,,280.0,2.2
91.0,25.207031,121.690022,,988.7,0.0,0.0,0.0,0.0,0.0,0.0,4.5,0.0,0.0,0.0,C0AJ20,野柳,,27.8,,2025-07-31T02:10:00+08:00,2025-07-31T02:00:00+08:00,,,,318.0,0.6
86.0,25.2698,121.488597,,993.6,0.0,0.0,0.0,0.0,0.0,0.0,10.0,0.0,0.0,0.0,C0AJ70,田寮,,28.4,,2025-07-31T02:10:00+08:00,2025-07-31T02:00:00+08:00,,,,190.0,1.5
,25.052193,121.582507,,,,0.0,0.0,0.0,0.0,0.0,45.5,0.0,0.0,0.0,A1AB40,玉成,,,,2025-07-31T02:10:00+08:00,,,,,,
88.0,24.74435,121.722472,,992.9,0.0,0.0,0.0,0.0,0.0,0.0,2.0,0.0,0.0,0.0,C0U990,員山,,27.1,,2025-07-31T02:10:00+08:00,2025-07-31T02:00:00+08:00,,,,0.0,0.2
76.0,24.977661,121.256375,,980.2,0.0,0.0,0.0,0.0,0.0,0.0,81.5,0.0,0.0,0.0,C0C700,中壢,,28.5,,2025-07-31T02:10:00+08:00,2025-07-31T02:00:00+08:00,,,,194.0,1.0
,24.991596,121.657883,,,,0.0,0.0,0.0,0.0,0.0,40.0,0.0,0.0,0.0,01A130,石碇(2),,,,2025-07-31T02:10:00+08:00,,,,,,
,23.965694,121.492842,,,,0.5,3.0,1.5,7.5,7.5,11.5,3.0,3.0,3.0,C1Z130,銅門,,,,2025-07-31T02:10:00+08:00,,,,,,
86.0,23.22881,120.29962,11.8,-99.0,,0.0,0.0,0.0,12.5,18.5,41.0,0.0,0.0,0.0,CAN140,六官養殖協會,-99.0,28.7,2025-07-31T02:00:00+08:00,2025-07-31T02:10:00+08:00,,-99,-99,陰,230.0,6.5
86.0,24.218294,121.689142,,989.0,0.0,0.0,0.0,0.0,0.0,0.0,3.0,0.0,0.0,0.0,C0Z310,清水斷崖,,26.7,,2025-07-31T02:10:00+08:00,2025-07-31T02:00:00+08:00,,,,11.0,0.9
96.0,22.693128,120.542622,,992.2,1.5,0.0,16.0,1.0,61.0,61.5,142.5,6.5,7.5,1.5,C0R480,長治,,28.9,,2025-07-31T02:10:00+08:00,2025-07-31T02:00:00+08:00,,,,202.0,1.2
,23.570458,120.520964,,,,0.0,40.0,4.0,146.0,157.0,182.0,6.0,31.0,6.0,01L910,中坑(3),,,,2025-07-31T02:10:00+08:00,,,,,,
,24.985827,121.887489,,,,0.0,0.0,0.0,0.0,0.0,5.0,0.0,0.0,0.0,O1AH30,吉林國小,,,,2025-07-31T02:10:00+08:00,,,,,,
98.0,23.428611,120.452416,9.9,-99.0,,0.0,13.5,0.0,60.5,64.0,236.0,2.5,6.5,2.0,CAL080,國三N303K,-99.0,27.8,2025-07-31T02:00:00+08:00,2025-07-31T02:10:00+08:00,,-99,7-10,陰,220.0,4.4
100.0,24.143442,121.272547,,672.6,11.0,0.0,32.0,4.0,71.0,73.0,137.5,12.5,22.5,11.0,C0H9C0,合歡山頂,,9.2,,2025-07-31T02:10:00+08:00,2025-07-31T02:00:00+08:00,,,,301.0,6.7
-99.0,24.273503,120.947617,2.9,-99.0,,0.5,10.0,3.0,89.0,89.0,299.5,10.0,10.0,3.0,C2FA00,烏石坑,-99.0,20.4,2025-07-31T02:00:00+08:00,2025-07-31T02:10:00+08:00,,-99,-99,陰有雷雨,110.0,1.7
,23.727778,121.4975,,,,0.0,4.5,1.5,10.5,10.5,13.5,4.5,4.5,4.5,81T860,山興分校,,,,2025-07-31T02:10:00+08:00,,,,,,
92.0,24.494171,121.536209,,798.6,0.0,0.0,0.0,0.0,0.0,0.0,0.0,0.0,0.0,0.0,C0UB90,太平山莊,,17.2,,2025-07-31T02:10:00+08:00,2025-07-31T02:00:00+08:00,,,,192.0,1.6
,25.059541,121.820556,,,,0.0,0.0,0.0,0.0,0.0,19.0,0.0,0.0,0.0,01AF90,三貂嶺,,,,2025-07-31T02:10:00+08:00,,,,,,
95.0,22.99175,120.293525,,995.7,-99.0,0.0,0.0,0.0,8.5,8.5,38.5,0.0,0.0,0.0,C0O990,媽廟,,28.8,,2025-07-31T02:10:00+08:00,2025-07-31T02:00:00+08:00,,,,225.0,2.4
,24.397972,120.986022,,,,0.0,0.5,0.0,31.0,31.0,48.5,0.5,0.5,0.5,C1E461,松安,,,,2025-07-31T02:10:00+08:00,,,,,,
88.0,25.095742,121.7403,,987.3,0.0,0.0,0.0,0.0,0.0,0.0,24.5,0.0,0.0,0.0,C0B060,暖暖,,28.8,,2025-07-31T02:10:00+08:00,2025-07-31T02:00:00+08:00,,,,0.0,0.0
,23.274033,120.911764,,,,3.5,152.5,26.5,321.5,329.5,368.0,67.5,109.5,52.0,C1V190,南天池,,,,2025-07-31T02:10:00+08:00,,,,,,
88.0,25.240002,121.448102,,994.2,0.0,0.0,0.0,0.0,0.0,0.0,24.0,0.0,0.0,0.0,C0AJ60,六塊厝,,28.4,,2025-07-31T02:10:00+08:00,2025-07-31T02:00:00+08:00,,,,168.0,1.3
,23.854531,120.869499,,,,2.0,123.0,25.5,358.0,358.0,380.5,51.0,76.0,42.0,81H900,大觀發電廠,,,,2025-07-31T02:10:00+08:00,,,,,,
93.0,24.248517,120.903319,,894.2,8.0,2.5,20.5,4.5,83.0,83.5,166.0,14.5,18.5,10.5,C0F0C0,中坑,,21.8,,2025-07-31T02:10:00+08:00,2025-07-31T02:00:00+08:00,,,,0.0,0.2
,23.057019,120.646064,,,,1.0,135.5,12.5,337.5,363.0,497.5,76.5,116.5,58.5,C1V590,新發,,,,2025-07-31T02:10:00+08:00,,,,,,
94.0,24.044302,120.381361,,995.8,0.0,0.0,0.0,0.0,8.5,24.5,25.5,0.0,0.0,0.0,C0G960,福寶,,28.5,,2025-07-31T02:10:00+08:00,2025-07-31T02:00:00+08:00,,,,200.0,5.2
,24.641389,121.278611,,,,0.0,0.0,0.0,0.0,0.0,8.5,0.0,0.0,0.0,81D670,田埔分校,,,,2025-07-31T02:10:00+08:00,,,,,,
78.0,24.928708,121.283289,,978.5,0.0,0.0,0.0,0.0,0.0,0.0,58.0,0.0,0.0,0.0,C0C490,八德,,28.1,,2025-07-31T02:10:00+08:00,2025-07-31T02:00:00+08:00,,,,13.0,1.0
78.0,25.006066,121.097072,,987.2,0.0,0.0,0.0,0.0,0.0,0.0,57.5,0.0,0.0,0.0,C0C750,新興坑尾,,27.8,,2025-07-31T02:10:00+08:00,2025-07-31T02:00:00+08:00,,,,217.0,3.9
99.0,22.538122,120.966875,,972.6,0.5,0.0,75.0,0.5,128.0,128.0,147.5,0.5,31.0,0.5,C0S790,金崙,,24.1,,2025-07-31T02:10:00+08:00,2025-07-31T02:00:00+08:00,,,,255.0,0.4
,25.155898,121.489815,,,,0.0,0.0,0.0,0.0,0.0,76.0,0.0,0.0,0.0,A1AD80,貴子坑,,,,2025-07-31T02:10:00+08:00,,,,,,
,22.598647,120.960944,,,,0.0,34.5,0.0,74.5,74.5,86.0,3.5,31.0,3.0,81S920,金峰鄉公所,,,,2025-07-31T02:10:00+08:00,,,,,,
,22.667011,120.590911,,,,0.0,21.5,0.5,104.5,105.0,172.5,4.5,6.5,1.5,C1R630,龍泉,,,,2025-07-31T02:10:00+08:00,,,,,,
95.0,23.222403,120.806089,,920.3,102.5,0.5,410.0,36.5,692.5,747.5,807.0,133.0,268.5,103.0,C0V210,復興,,21.8,,2025-07-31T02:10:00+08:00,2025-07-31T02:00:00+08:00,,,,0.0,0.0
,23.122139,121.262389,,,,0.0,6.5,0.0,31.0,32.0,32.0,1.0,3.5,0.5,C1S850,豐南,,,,2025-07-31T02:10:00+08:00,,,,,,
86.0,25.166678,121.706994,,994.7,0.0,0.0,0.0,0.0,0.0,0.0,12.5,0.0,0.0,0.0,C0B040,大武崙,,27.8,,2025-07-31T02:10:00+08:00,2025-07-31T02:00:00+08:00,,,,239.0,1.5
96.0,24.030322,120.549461,,993.0,46.0,2.5,125.0,33.0,178.5,196.5,196.5,89.5,99.0,48.5,C0G910,花壇,,25.2,,2025-07-31T02:10:00+08:00,2025-07-31T02:00:00+08:00,,,,107.0,4.0
,22.238911,120.858903,,,,0.0,16.5,1.0,82.0,93.0,148.0,6.5,7.5,2.0,C1S880,壽卡,,,,2025-07-31T02:10:00+08:00,,,,,,
,23.277581,120.916901,,,,0.0,140.0,20.0,325.0,332.0,362.0,55.0,97.0,40.0,01V070,天池,,,,2025-07-31T02:10:00+08:00,,,,,,
,23.602442,121.520492,,,,0.0,3.0,0.0,7.0,7.0,11.0,3.0,3.0,3.0,01T730,豐濱,,,,2025-07-31T02:10:00+08:00,,,,,,
,25.143993,121.566013,,,,0.0,0.0,0.0,0.0,0.0,62.0,0.0,0.0,0.0,A1AD00,菁山里,,,,2025-07-31T02:10:00+08:00,,,,,,
,24.347703,120.827019,,,,0.0,19.0,3.0,40.5,40.5,96.0,6.5,19.0,4.5,C1E511,新開,,,,2025-07-31T02:10:00+08:00,,,,,,
100.0,24.00683,120.653214,11.0,-99.0,,8.0,145.0,21.0,232.0,232.5,232.5,56.0,117.5,29.0,CAH020,國三S217K,-99.0,23.3,2025-07-31T02:00:00+08:00,2025-07-31T02:10:00+08:00,,-99,-99,陰有雷雨,160.0,3.7
94.0,22.584861,120.543442,,995.6,1.0,0.0,7.5,0.5,89.0,118.5,204.5,1.0,1.5,1.0,C0R650,竹田,,29.3,,2025-07-31T02:10:00+08:00,2025-07-31T02:00:00+08:00,,,,226.0,3.0
,24.936401,121.710339,,,,0.0,0.0,0.0,0.0,0.0,22.0,0.0,0.0,0.0,01A450,坪林(4),,,,2025-07-31T02:10:00+08:00,,,,,,
,24.236389,120.88,,,,0.0,21.5,2.0,85.0,85.0,213.0,16.0,17.5,10.0,81F880,中坑國小,,,,2025-07-31T02:10:00+08:00,,,,,,
84.0,23.845606,121.592664,,993.7,2.5,0.5,3.0,1.5,5.5,5.5,7.0,3.0,3.0,3.0,C0TA30,鹽寮,,26.2,,2025-07-31T02:10:00+08:00,2025-07-31T02:00:00+08:00,,,,270.0,1.5
96.0,23.097486,121.373428,5.8,991.7,,0.0,10.0,1.0,24.0,25.5,26.0,4.0,6.0,2.0,467610,成功,0.0,24.5,2025-07-31T02:00:00+08:00,2025-07-31T02:10:00+08:00,,0,16-20,陰有雨,350.0,2.8
,22.428117,120.629228,,,,0.0,23.0,0.0,102.0,141.0,221.5,0.0,6.0,0.0,C1R250,力里,,,,2025-07-31T02:10:00+08:00,,,,,,
100.0,23.470489,120.955994,,637.7,-99.0,,,,,,,,,,C0I520,玉山風口,,8.4,,,2025-07-31T02:00:00+08:00,,,,283.0,8.6
91.0,24.535811,120.795983,6.3,-99.0,,0.0,11.0,0.0,12.5,12.5,18.5,11.0,11.0,1.0,C2E970,八甲,-99.0,25.1,2025-07-31T02:00:00+08:00,2025-07-31T02:10:00+08:00,,-99,-99,陰,190.0,2.2
88.0,22.887139,120.2445,,994.3,0.0,0.0,0.0,0.0,0.0,0.0,74.0,0.0,0.0,0.0,C0V640,湖內,,28.9,,2025-07-31T02:10:00+08:00,2025-07-31T02:00:00+08:00,,,,229.0,7.1
96.0,26.358836,120.483631,6.8,-99.0,,0.0,0.0,0.0,0.0,0.0,0.0,0.0,0.0,0.0,CAW010,東引,-99.0,28.3,2025-07-31T02:00:00+08:00,2025-07-31T02:10:00+08:00,,-99,3-6,陰有靄,-99.0,2.0
83.0,24.939025,121.369728,,990.6,0.0,0.0,0.0,0.0,0.0,0.0,37.5,0.0,0.0,0.0,C0AC60,三峽,,29.3,,2025-07-31T02:10:00+08:00,2025-07-31T02:00:00+08:00,,,,0.0,0.0
98.0,23.634556,120.477333,9.1,-99.0,,0.0,17.0,1.0,39.5,51.0,84.0,1.5,10.0,1.0,72K220,雲林分場,-99.0,27.3,2025-07-31T02:00:00+08:00,2025-07-31T02:10:00+08:00,,-99,-99,陰有雨,230.0,1.1
,24.279567,121.02549,,,,0.0,2.0,0.0,40.0,40.0,103.0,1.0,2.0,1.0,01F350,雪嶺,,,,2025-07-31T02:10:00+08:00,,,,,,
,24.203483,121.018644,,,,0.5,24.0,5.5,72.0,72.0,131.0,11.5,15.0,6.5,C1F871,上谷關,,,,2025-07-31T02:10:00+08:00,,,,,,
,23.967378,120.802189,,,,0.0,116.5,5.5,236.0,236.0,239.5,23.0,80.0,11.5,C1H941,雙冬,,,,2025-07-31T02:10:00+08:00,,,,,,
,23.424513,120.641716,,,,0.0,147.0,19.0,321.0,368.0,403.0,48.0,110.0,45.0,01L360,小公田(2),,,,2025-07-31T02:10:00+08:00,,,,,,
-99.0,24.921836,121.544725,,-99.0,-99.0,0.0,0.0,0.0,0.0,0.0,31.0,0.0,0.0,0.0,C0AI10,屈尺,,-99.0,,2025-07-31T02:10:00+08:00,2025-07-31T02:00:00+08:00,,,,-99.0,-99.0
95.0,22.514781,120.506914,,995.2,0.0,0.0,8.5,0.0,55.0,74.0,146.5,0.0,0.0,0.0,C0R520,崁頂,,29.0,,2025-07-31T02:10:00+08:00,2025-07-31T02:00:00+08:00,,,,229.0,5.7
86.0,21.945583,120.802167,10.5,-99.0,,0.0,0.0,0.0,14.5,17.0,173.0,0.0,0.0,0.0,B2Q810,恆春畜試,-99.0,28.0,2025-07-31T02:00:00+08:00,2025-07-31T02:10:00+08:00,,-99,-99,陰,260.0,5.0
94.0,22.332244,120.362236,,991.3,0.0,0.0,0.0,0.0,12.0,21.5,209.0,0.0,0.0,0.0,C0R270,琉球嶼,,29.0,,2025-07-31T02:10:00+08:00,2025-07-31T02:00:00+08:00,,,,254.0,4.0
81.0,25.112694,121.239825,,993.8,0.0,0.0,0.0,0.0,0.0,0.0,25.5,0.0,0.0,0.0,C0C720,竹圍,,28.8,,2025-07-31T02:10:00+08:00,2025-07-31T02:00:00+08:00,,,,220.0,2.3
,23.295556,121.266944,,,,0.0,5.0,1.0,19.0,19.0,19.0,2.0,3.0,2.0,01T220,卓麓(4),,,,2025-07-31T02:10:00+08:00,,,,,,
94.0,23.848253,120.386764,,995.4,0.5,0.0,2.5,0.5,7.5,29.5,39.5,0.5,2.5,0.5,C0G940,竹塘,,28.0,,2025-07-31T02:10:00+08:00,2025-07-31T02:00:00+08:00,,,,232.0,0.6
91.0,23.495925,120.432906,10.2,994.1,,0.0,12.0,0.0,41.5,51.5,138.0,0.0,5.5,0.0,467480,嘉義,0.0,28.5,2025-07-31T02:00:00+08:00,2025-07-31T02:10:00+08:00,,0,16-20,陰,250.0,5.7
,24.161555,121.653037,,,,0.0,0.0,0.0,0.0,0.0,3.5,0.0,0.0,0.0,81T1A0,崇德國小,,,,2025-07-31T02:10:00+08:00,,,,,,
,23.740881,121.42608,,,,0.0,3.5,1.5,11.5,11.5,13.0,3.5,3.5,3.5,81T9J0,鳳義坑,,,,2025-07-31T02:10:00+08:00,,,,,,
97.0,24.254668,121.007374,,770.3,0.5,2.5,6.5,3.0,62.5,64.0,112.5,4.5,6.0,3.0,C0FB00,大雪山,,15.7,,2025-07-31T02:10:00+08:00,2025-07-31T02:00:00+08:00,,,,-99.0,-99.0
82.0,24.5362,121.1108,,848.4,0.0,0.0,0.0,0.0,0.0,0.0,3.0,0.0,0.0,0.0,C0D760,大坪苗圃,,20.3,,2025-07-31T02:10:00+08:00,2025-07-31T02:00:00+08:00,,,,236.0,0.8
,23.202324,121.25167,,,,0.0,8.0,1.0,29.0,29.0,29.0,2.0,3.0,2.0,01T720,明里,,,,2025-07-31T02:10:00+08:00,,,,,,
,23.493119,121.338806,,,,0.5,6.0,1.0,17.5,17.5,19.5,6.0,6.0,4.5,C1Z030,紅葉,,,,2025-07-31T02:10:00+08:00,,,,,,
,23.667997,120.876961,,,,9.5,81.0,19.5,168.0,168.0,189.5,42.0,78.0,26.0,81I560,豐丘,,,,2025-07-31T02:10:00+08:00,,,,,,
97.0,24.797294,121.190033,1.8,-99.0,,0.0,0.0,0.0,0.0,0.0,23.5,0.0,0.0,0.0,CAD710,國三N077K,-99.0,25.0,2025-07-31T02:00:00+08:00,2025-07-31T02:10:00+08:00,,-99,7-10,陰,10.0,0.6
95.0,25.182586,121.529731,8.8,-99.0,,0.0,0.0,0.0,0.0,0.0,61.0,0.0,0.0,0.0,466910,鞍部,0.0,23.1,2025-07-31T02:00:00+08:00,2025-07-31T02:10:00+08:00,,0,21-30,晴,150.0,3.7
83.0,23.682947,121.5274,,918.0,4.5,0.0,4.5,1.0,9.5,9.5,12.5,4.5,4.5,4.5,C0T9H0,加路蘭山,,23.5,,2025-07-31T02:10:00+08:00,2025-07-31T02:00:00+08:00,,,,264.0,3.9
87.0,22.587569,120.993375,,993.7,0.5,0.0,24.5,0.0,62.5,62.5,73.5,3.5,21.5,0.5,C0S960,香蘭,,25.7,,2025-07-31T02:10:00+08:00,2025-07-31T02:00:00+08:00,,,,286.0,0.4
,24.968892,121.595301,,,,0.0,0.0,0.0,0.0,0.0,42.5,0.0,0.0,0.0,A1AD60,貓空,,,,2025-07-31T02:10:00+08:00,,,,,,
98.0,24.145736,120.684075,4.8,988.4,,2.0,119.5,21.5,214.0,214.0,215.5,67.0,107.0,48.0,467490,臺中,0.0,24.1,2025-07-31T02:00:00+08:00,2025-07-31T02:10:00+08:00,,0,3-6,陰有雨,230.0,0.4
,24.554803,121.034747,,,,0.0,0.0,0.0,0.0,0.0,7.0,0.0,0.0,0.0,C1E480,鳳美,,,,2025-07-31T02:10:00+08:00,,,,,,
89.0,22.534361,120.54,,995.9,0.0,0.0,8.0,0.0,84.0,116.5,203.0,0.0,0.0,0.0,C0R220,潮州,,28.8,,2025-07-31T02:10:00+08:00,2025-07-31T02:00:00+08:00,,,,242.0,3.6
,22.997838,120.633563,,,,0.0,112.0,3.0,302.0,310.0,471.0,22.0,49.0,15.0,01V040,六龜(4),,,,2025-07-31T02:10:00+08:00,,,,,,
,24.631499,121.474881,,,,0.0,0.0,0.0,0.0,0.0,0.0,0.0,0.0,0.0,21U110,池端,,,,2025-07-31T02:10:00+08:00,,,,,,
94.0,23.0835,120.251897,12.0,-99.0,,0.0,0.0,0.0,21.5,23.0,54.5,0.0,0.0,0.0,CAN150,國一N315K,-99.0,28.8,2025-07-31T02:00:00+08:00,2025-07-31T02:10:00+08:00,,-99,11-15,陰,250.0,7.5
87.0,24.451272,120.930192,,907.1,0.0,0.0,0.5,0.0,13.0,13.0,20.5,0.5,0.5,0.0,C0E610,馬都安,,23.1,,2025-07-31T02:10:00+08:00,2025-07-31T02:00:00+08:00,,,,0.0,0.0
,24.989295,121.543203,,,,0.0,0.0,0.0,0.0,0.0,43.0,0.0,0.0,0.0,A1AG70,仙跡岩,,,,2025-07-31T02:10:00+08:00,,,,,,
93.0,22.416933,120.519661,,996.6,0.0,0.0,8.5,0.0,44.0,50.0,127.5,0.0,0.0,0.0,C0R920,塭仔,,28.1,,2025-07-31T02:10:00+08:00,2025-07-31T02:00:00+08:00,,,,240.0,8.0
91.0,23.189481,120.335297,9.1,-99.0,,0.0,1.5,0.0,33.0,33.5,91.5,0.0,0.0,0.0,C2N160,西拉雅風管處,-99.0,28.3,2025-07-31T02:00:00+08:00,2025-07-31T02:10:00+08:00,,-99,-99,陰,230.0,3.7
85.0,24.732444,120.976153,2.7,-99.0,,0.0,0.0,0.0,0.0,0.0,10.5,0.0,0.0,0.0,C2D730,寶山農場,-99.0,26.6,2025-07-31T02:00:00+08:00,2025-07-31T02:10:00+08:00,,-99,-99,陰,230.0,0.5
95.0,24.521958,121.833175,,993.4,0.0,0.0,0.0,0.0,0.0,0.0,0.5,0.0,0.0,0.0,C0U760,東澳,,25.9,,2025-07-31T02:10:00+08:00,2025-07-31T02:00:00+08:00,,,,0.0,0.1
92.0,23.35893,120.18026,11.6,-99.0,,0.0,0.0,0.0,1.0,2.0,4.5,0.0,0.0,0.0,CAL110,布袋國中,-99.0,28.9,2025-07-31T02:00:00+08:00,2025-07-31T02:10:00+08:00,,-99,-99,陰,210.0,7.1
,23.028691,120.592901,,,,0.0,33.5,2.0,171.5,174.5,340.0,9.0,14.0,7.5,88V560,集來,,,,2025-07-31T02:10:00+08:00,,,,,,
,24.180853,120.848378,,,,0.5,51.0,14.5,144.0,144.0,299.5,46.0,48.5,41.0,C1F9G1,慶福山,,,,2025-07-31T02:10:00+08:00,,,,,,
97.0,24.422861,120.871833,3.0,-99.0,,,,,,,,,,-99.0,K2E710,大湖分場,-99.0,23.8,2025-07-31T02:00:00+08:00,,,-99,-99,陰,-99.0,-99.0
94.0,23.183289,120.248611,,994.8,2.0,0.0,2.0,2.0,10.0,28.5,50.5,2.0,2.0,2.0,C0X120,麻豆,,29.1,,2025-07-31T02:10:00+08:00,2025-07-31T02:00:00+08:00,,,,239.0,3.0
94.0,23.679019,120.395561,,994.0,4.5,0.0,11.0,2.5,27.0,39.0,76.5,4.5,11.0,4.5,C0K390,土庫,,27.7,,2025-07-31T02:10:00+08:00,2025-07-31T02:00:00+08:00,,,,243.0,4.8
98.0,23.772797,120.408944,,993.6,8.5,1.5,11.5,10.0,22.0,54.0,85.5,10.0,11.5,10.0,C0K440,二崙,,27.5,,2025-07-31T02:10:00+08:00,2025-07-31T02:00:00+08:00,,,,219.0,4.0
,23.979817,121.132261,,,,0.5,25.5,1.5,60.0,60.0,97.5,5.0,8.0,4.5,C1I020,萬大,,,,2025-07-31T02:10:00+08:00,,,,,,
90.0,23.081672,120.062894,12.6,-99.0,,0.0,0.0,0.0,0.0,27.5,47.0,0.0,0.0,0.0,72N240,七股研究中心,-99.0,29.0,2025-07-31T02:00:00+08:00,2025-07-31T02:10:00+08:00,,-99,-99,陰,230.0,7.6
,23.841008,120.699575,,,,2.0,149.0,26.5,273.5,275.5,275.5,57.5,133.0,49.0,C1H840,國三N238K,,,,2025-07-31T02:10:00+08:00,,,,,,
99.0,24.121322,121.273642,,700.2,8.5,0.0,23.5,2.5,51.0,52.0,122.0,10.0,17.0,8.5,C0H990,昆陽,,9.8,,2025-07-31T02:10:00+08:00,2025-07-31T02:00:00+08:00,,,,285.0,1.9
,24.575833,121.844167,,,,0.0,0.0,0.0,0.0,0.0,0.0,0.0,0.0,0.0,81U910,永樂國小,,,,2025-07-31T02:10:00+08:00,,,,,,
,24.664908,121.308185,,,,0.0,0.0,0.0,0.0,0.0,7.0,0.0,0.0,0.0,21D150,玉峰,,,,2025-07-31T02:10:00+08:00,,,,,,
,25.091251,121.838927,,,,0.0,0.0,0.0,0.0,0.0,9.5,0.0,0.0,0.0,81AI30,大粗坑,,,,2025-07-31T02:10:00+08:00,,,,,,
95.0,22.968258,120.257689,,994.4,0.0,0.0,0.0,0.0,5.0,5.0,65.0,0.0,0.0,0.0,C0X160,仁德,,28.7,,2025-07-31T02:10:00+08:00,2025-07-31T02:00:00+08:00,,,,225.0,4.8
99.0,23.720575,120.541117,,990.8,17.0,0.5,30.5,0.5,48.0,83.0,87.0,19.0,30.0,17.5,C0K400,斗六,,24.9,,2025-07-31T02:10:00+08:00,2025-07-31T02:00:00+08:00,,,,80.0,0.5
,23.958697,120.917931,,,,0.5,117.0,5.5,173.5,173.5,208.0,34.5,57.0,20.5,C1I240,外大坪,,,,2025-07-31T02:10:00+08:00,,,,,,
-99.0,22.370361,120.628306,,-99.0,-99.0,,,,,,,,,,C0R260,春日,,-99.0,,,2025-07-31T02:00:00+08:00,,,,-99.0,-99.0
,22.82325,121.009389,,,,0.0,132.5,12.0,227.5,234.5,250.0,46.0,83.5,38.5,C1SA50,利嘉林道,,,,2025-07-31T02:10:00+08:00,,,,,,
95.0,23.125608,120.203108,,995.8,0.0,0.0,0.0,0.0,18.5,36.5,45.0,0.0,0.0,0.0,C0X140,西港,,29.2,,2025-07-31T02:10:00+08:00,2025-07-31T02:00:00+08:00,,,,240.0,2.8
,23.585344,120.180517,,,,0.0,2.0,0.0,4.5,4.5,8.0,0.0,0.0,0.0,C1K540,口湖,,,,2025-07-31T02:10:00+08:00,,,,,,
89.0,22.003897,120.746339,10.7,996.3,,0.0,3.0,0.0,18.5,18.5,285.0,0.0,0.0,0.0,467590,恆春,0.0,28.7,2025-07-31T02:00:00+08:00,2025-07-31T02:10:00+08:00,,0,21-30,陰,240.0,4.0
77.0,24.985917,121.239833,5.4,-99.0,,0.0,0.0,0.0,0.0,0.0,80.0,0.0,0.0,0.0,A2C560,農工中心,-99.0,28.5,2025-07-31T02:00:00+08:00,2025-07-31T02:10:00+08:00,,-99,-99,多雲,210.0,0.4
99.0,24.669039,121.832561,2.3,-99.0,,0.0,0.0,0.0,0.0,0.0,0.0,0.0,0.0,0.0,B2U990,宜蘭畜試,-99.0,28.1,2025-07-31T02:00:00+08:00,2025-07-31T02:10:00+08:00,,-99,-99,多雲,0.0,0.0
91.0,21.945666,120.745705,,996.9,0.0,0.0,0.0,0.0,12.0,13.0,201.5,0.0,0.0,0.0,C0R880,後壁湖,,28.7,,2025-07-31T02:10:00+08:00,2025-07-31T02:00:00+08:00,,,,216.0,6.6
91.0,23.492864,120.290611,,995.2,2.0,0.0,2.5,2.0,4.0,8.5,49.5,2.0,2.0,2.0,C0M740,六腳,,28.4,,2025-07-31T02:10:00+08:00,2025-07-31T02:00:00+08:00,,,,240.0,5.9
80.0,25.064767,121.114858,,994.7,0.0,0.0,0.0,0.0,0.0,0.0,22.5,0.0,0.0,0.0,C0C740,觀音工業區,,28.7,,2025-07-31T02:10:00+08:00,2025-07-31T02:00:00+08:00,,,,231.0,2.1
91.0,22.725647,120.252675,,995.8,0.0,0.0,0.0,0.0,0.5,0.5,48.5,0.0,0.0,0.0,C0V850,蚵仔寮,,28.7,,2025-07-31T02:10:00+08:00,2025-07-31T02:00:00+08:00,,,,201.0,11.0
87.0,24.526972,121.11605,,802.3,0.0,0.0,0.0,0.0,1.5,1.5,7.5,0.0,0.0,0.0,C0D550,雪霸,,17.7,,2025-07-31T02:10:00+08:00,2025-07-31T02:00:00+08:00,,,,155.0,0.8
80.0,24.966128,121.008583,,995.3,0.0,0.0,0.0,0.0,0.0,0.0,32.5,0.0,0.0,0.0,C0C730,中大臨海站,,27.9,,2025-07-31T02:10:00+08:00,2025-07-31T02:00:00+08:00,,,,220.0,2.3
,22.675384,120.686784,,,,0.0,155.0,4.0,359.0,376.0,502.0,30.0,64.0,10.0,01Q920,新瑪家,,,,2025-07-31T02:10:00+08:00,,,,,,
,23.183511,120.484083,,,,1.0,24.0,4.0,58.0,85.0,206.5,15.5,18.5,6.5,C1O921,楠西,,,,2025-07-31T02:10:00+08:00,,,,,,
98.0,23.628342,119.513206,8.3,-99.0,,0.0,0.0,0.0,0.0,25.5,26.0,0.0,0.0,0.0,C2W230,畜試所澎湖,-99.0,27.3,2025-07-31T02:00:00+08:00,2025-07-31T02:10:00+08:00,,-99,-99,陰,220.0,3.2
85.0,25.084275,121.265767,,993.0,0.0,0.0,0.0,0.0,0.0,0.0,42.0,0.0,0.0,0.0,C0C620,蘆竹,,28.3,,2025-07-31T02:10:00+08:00,2025-07-31T02:00:00+08:00,,,,215.0,0.7
84.0,24.849664,121.150789,,971.0,0.0,0.0,0.0,0.0,0.0,0.0,24.0,0.0,0.0,0.0,C0D480,打鐵坑,,25.7,,2025-07-31T02:10:00+08:00,2025-07-31T02:00:00+08:00,,,,238.0,0.7
97.0,22.568,120.528,8.1,-99.0,,0.0,6.0,0.0,110.0,148.0,216.5,0.0,0.5,0.0,CAQ020,國三S415K,-99.0,28.3,2025-07-31T02:00:00+08:00,2025-07-31T02:10:00+08:00,,-99,11-15,陰,220.0,4.7
79.0,25.263783,121.565258,7.0,-99.0,,0.0,0.0,0.0,0.0,0.0,12.0,0.0,0.0,0.0,C2A920,富貴角,-99.0,28.0,2025-07-31T02:00:00+08:00,2025-07-31T02:10:00+08:00,,-99,-99,晴,250.0,2.2
,23.132568,121.122873,,,,0.0,13.0,1.0,33.0,34.0,36.0,5.0,6.0,2.0,01S440,新武(3),,,,2025-07-31T02:10:00+08:00,,,,,,
100.0,23.74633,120.467926,7.3,-99.0,,5.0,8.5,7.0,14.0,46.0,52.5,7.5,8.5,2.5,CAJ020,國一N234K,-99.0,25.0,2025-07-31T02:00:00+08:00,2025-07-31T02:10:00+08:00,,-99,-99,陰有雨,100.0,1.2
95.0,22.812222,120.314166,8.6,-99.0,,0.0,0.0,0.0,3.0,4.0,50.0,0.0,0.0,0.0,CAP020,國一S346K,-99.0,28.5,2025-07-31T02:00:00+08:00,2025-07-31T02:10:00+08:00,,-99,-99,陰,200.0,2.2
-99.0,24.414939,120.870872,2.9,-99.0,,0.0,5.5,0.5,13.5,13.5,16.5,3.5,5.5,1.0,C2E520,大湖,-99.0,23.6,2025-07-31T02:00:00+08:00,2025-07-31T02:10:00+08:00,,-99,-99,陰,110.0,0.6
,24.182576,121.203514,,,,0.0,44.0,1.0,74.0,75.0,139.0,26.0,27.0,6.0,01H210,翠巒,,,,2025-07-31T02:10:00+08:00,,,,,,
,24.368617,120.940228,,,,0.0,2.0,0.0,43.5,43.5,96.0,2.0,2.0,0.0,C1E451,象鼻,,,,2025-07-31T02:10:00+08:00,,,,,,
,23.475173,120.620189,,,,0.0,86.0,4.0,267.0,301.0,338.0,14.0,52.0,14.0,01L390,大湖山,,,,2025-07-31T02:10:00+08:00,,,,,,
,24.171842,121.571269,,,,0.5,1.0,1.0,1.0,1.0,5.5,1.0,1.0,1.0,C1T830,布洛灣,,,,2025-07-31T02:10:00+08:00,,,,,,
97.0,22.130036,120.792639,,972.0,0.0,0.0,29.5,0.0,52.5,54.0,183.0,1.0,1.0,0.0,C0R341,牡丹,,26.6,,2025-07-31T02:10:00+08:00,2025-07-31T02:00:00+08:00,,,,219.0,7.3
99.0,24.033311,121.181808,,838.8,-99.0,,,,,,,,,,C0I010,廬山,,18.1,,,2025-07-31T02:00:00+08:00,,,,93.0,1.1
,24.829997,121.748477,,,,0.0,0.0,0.0,0.0,0.0,8.0,0.0,0.0,0.0,01U460,五峰,,,,2025-07-31T02:10:00+08:00,,,,,,
,24.634003,121.716908,,,,0.0,0.0,0.0,0.0,0.0,0.5,0.0,0.0,0.0,C1U670,寒溪,,,,2025-07-31T02:10:00+08:00,,,,,,
76.0,24.798681,120.986942,,988.9,0.0,0.0,0.0,0.0,0.0,0.0,25.5,0.0,0.0,0.0,C0D660,新竹市東區,,27.8,,2025-07-31T02:10:00+08:00,2025-07-31T02:00:00+08:00,,,,215.0,1.6
99.0,23.875611,120.913583,3.5,-99.0,,2.5,99.0,5.5,342.0,342.0,370.5,31.0,49.5,19.5,82H320,魚池茶改,-99.0,19.8,2025-07-31T02:00:00+08:00,2025-07-31T02:10:00+08:00,,-99,-99,陰有雷,240.0,1.2
98.0,22.605614,120.395717,,994.6,0.0,0.0,3.5,0.0,32.5,37.0,106.5,0.0,0.0,0.0,C0V730,大寮,,28.8,,2025-07-31T02:10:00+08:00,2025-07-31T02:00:00+08:00,,,,247.0,3.8
92.0,23.843536,120.293236,12.2,-99.0,,0.0,2.0,0.0,4.5,15.0,25.0,0.0,0.0,0.0,CAG090,西濱N210K,-99.0,28.4,2025-07-31T02:00:00+08:00,2025-07-31T02:10:00+08:00,,-99,11-15,陰,250.0,9.1
100.0,23.63353,120.55239,7.8,-99.0,,0.5,37.0,1.5,80.0,99.5,101.5,4.5,32.5,1.0,A2K570,古坑(花卉中心),-99.0,27.2,2025-07-31T02:00:00+08:00,2025-07-31T02:10:00+08:00,,-99,-99,陰有雨,210.0,4.3
,22.898621,121.086481,,,,0.0,47.0,8.0,90.0,98.0,106.0,14.0,22.0,12.0,O1S120,鹿鳴橋,,,,2025-07-31T02:10:00+08:00,,,,,,
67.0,24.302863,121.731144,,897.5,0.0,0.0,0.0,0.0,0.0,0.0,0.5,0.0,0.0,0.0,C0TA40,秀林,,25.5,,2025-07-31T02:10:00+08:00,2025-07-31T02:00:00+08:00,,,,276.0,0.7
87.0,22.702394,121.082761,,997.4,6.5,0.0,33.5,5.0,60.0,60.5,66.5,10.0,22.0,6.5,C0SA60,知本水試所,,25.2,,2025-07-31T02:10:00+08:00,2025-07-31T02:00:00+08:00,,,,337.0,1.9
76.0,25.01125,121.508111,,992.8,0.0,0.0,0.0,0.0,0.0,0.0,44.5,0.0,0.0,0.0,C0AH10,永和,,30.2,,2025-07-31T02:10:00+08:00,2025-07-31T02:00:00+08:00,,,,175.0,0.6
92.0,22.049094,121.512142,,996.8,0.0,0.0,0.0,0.0,1.0,1.0,40.0,0.0,0.0,0.0,C0S900,蘭嶼高中,,28.9,,2025-07-31T02:10:00+08:00,2025-07-31T02:00:00+08:00,,,,260.0,5.4
79.0,25.233153,121.595236,,970.7,-99.0,0.0,0.0,0.0,0.0,0.0,27.0,0.0,0.0,0.0,C0A931,三和,,29.3,,2025-07-31T02:10:00+08:00,2025-07-31T02:00:00+08:00,,,,201.0,1.2
,23.574615,120.746747,,,,0.0,275.0,20.0,539.0,551.0,585.0,99.0,229.0,47.0,O1M640,豐山,,,,2025-07-31T02:10:00+08:00,,,,,,
71.0,22.829528,121.077694,11.6,-99.0,,0.0,70.0,10.0,115.5,119.5,128.0,32.5,47.0,27.0,72S200,班鳩分場,-99.0,25.5,2025-07-31T02:00:00+08:00,2025-07-31T02:10:00+08:00,,-99,-99,陰,270.0,5.9
100.0,24.1512,121.201772,0.0,-99.0,,0.5,40.0,2.0,78.0,80.5,148.5,23.5,28.0,6.5,C2H9L0,馬烈霸,-99.0,16.0,2025-07-31T02:00:00+08:00,2025-07-31T02:10:00+08:00,,-99,-99,陰,0.0,0.0
94.0,23.975128,121.613275,10.5,993.7,,0.5,1.0,1.0,1.5,1.5,8.0,1.0,1.0,0.5,466990,花蓮,0.0,25.0,2025-07-31T02:00:00+08:00,2025-07-31T02:10:00+08:00,,0,21-30,陰,230.0,6.7
79.0,24.885,121.0889,4.9,-99.0,,0.0,0.0,0.0,0.0,0.0,37.5,0.0,0.0,0.0,CAD020,國一N077K,-99.0,27.3,2025-07-31T02:00:00+08:00,2025-07-31T02:10:00+08:00,,-99,-99,陰,120.0,1.1
98.0,22.648275,120.619247,4.7,-99.0,,0.0,39.5,1.0,167.0,176.5,274.0,5.0,8.5,2.0,C2R970,屏科大,-99.0,26.9,2025-07-31T02:00:00+08:00,2025-07-31T02:10:00+08:00,,-99,-99,陰,140.0,1.0
,23.949895,120.854392,,,,1.0,123.0,10.5,258.0,258.0,306.5,41.0,76.5,27.0,81I520,九份二山,,,,2025-07-31T02:10:00+08:00,,,,,,
92.0,23.583897,121.514806,,979.8,4.0,0.0,4.5,0.5,9.5,9.5,10.0,4.5,4.5,4.0,C0T9I0,豐濱,,24.5,,2025-07-31T02:10:00+08:00,2025-07-31T02:00:00+08:00,,,,211.0,3.2
,24.329422,121.739594,,,,0.0,0.0,0.0,0.0,0.0,0.0,0.0,0.0,0.0,01U230,大濁水,,,,2025-07-31T02:10:00+08:00,,,,,,
,23.337816,120.683124,,,,5.0,305.5,33.0,551.5,597.0,644.0,74.0,233.5,58.5,81M670,新美國小,,,,2025-07-31T02:10:00+08:00,,,,,,
87.0,24.59594,120.86071,3.9,-99.0,,0.0,6.0,0.0,6.0,6.0,9.0,6.0,6.0,0.0,CAE030,國一S123K,-99.0,25.5,2025-07-31T02:00:00+08:00,2025-07-31T02:10:00+08:00,,-99,-99,陰,200.0,0.9
-99.0,24.154094,121.164517,2.2,-99.0,,0.5,56.0,1.5,91.5,93.5,148.5,24.0,29.5,4.0,C2H9M0,發祥,-99.0,19.7,2025-07-31T02:00:00+08:00,2025-07-31T02:10:00+08:00,,-99,-99,陰,310.0,1.3
86.0,24.820208,121.352281,,945.1,0.0,0.0,0.0,0.0,0.0,0.0,16.0,0.0,0.0,0.0,C0C460,復興,,21.4,,2025-07-31T02:10:00+08:00,2025-07-31T02:00:00+08:00,,,,136.0,0.3
-99.0,22.527306,120.625111,,-99.0,-99.0,,,,,,,,,,C0R240,來義,,-99.0,,,2025-07-31T02:00:00+08:00,,,,-99.0,-99.0
100.0,23.8119,121.441458,,976.7,4.5,0.0,4.5,1.5,12.0,12.0,27.0,4.5,4.5,4.5,C0T900,西林,,24.4,,2025-07-31T02:10:00+08:00,2025-07-31T02:00:00+08:00,,,,151.0,0.7
-99.0,24.247522,121.243669,3.7,-99.0,,0.0,16.0,3.0,39.0,39.5,50.0,5.5,10.0,5.5,C2F860,梨山,-99.0,14.7,2025-07-31T02:00:00+08:00,2025-07-31T02:10:00+08:00,,-99,-99,陰有雨,190.0,0.5
89.0,24.527819,121.519031,,850.1,0.0,0.0,0.0,0.0,0.0,0.0,0.0,0.0,0.0,0.0,C0UA30,白嶺,,21.0,,2025-07-31T02:10:00+08:00,2025-07-31T02:00:00+08:00,,,,59.0,0.4
95.0,24.254322,120.720692,,970.3,6.0,2.0,21.0,6.5,55.5,55.5,62.5,11.0,21.0,8.0,C0F9M0,豐原,,26.2,,2025-07-31T02:10:00+08:00,2025-07-31T02:00:00+08:00,,,,176.0,1.8
,24.528034,120.913109,,,,0.0,2.0,0.0,4.0,4.0,18.0,2.0,2.0,2.0,01E370,和興,,,,2025-07-31T02:10:00+08:00,,,,,,
,25.048418,121.773797,,,,0.0,0.0,0.0,0.0,0.0,13.0,0.0,0.0,0.0,NUP460,平溪旅遊,,,,2025-07-31T02:10:00+08:00,,,,,,
95.0,22.779194,120.494589,,990.4,2.0,0.0,4.5,1.0,24.5,34.5,201.5,2.0,2.0,2.0,C0R590,里港,,28.6,,2025-07-31T02:10:00+08:00,2025-07-31T02:00:00+08:00,,,,229.0,4.6
100.0,24.015678,120.6213,,985.4,17.0,10.0,113.0,25.0,240.5,247.5,247.5,55.0,87.0,27.0,C0G620,芬園,,23.3,,2025-07-31T02:10:00+08:00,2025-07-31T02:00:00+08:00,,,,136.0,0.6
,22.969742,121.11534,,,,0.0,22.0,3.0,66.0,72.0,81.0,9.0,10.0,7.0,01S130,武陵,,,,2025-07-31T02:10:00+08:00,,,,,,
,22.849954,121.092326,,,,0.0,48.0,7.0,90.0,94.5,102.0,20.5,32.5,19.0,81S890,初鹿國中,,,,2025-07-31T02:10:00+08:00,,,,,,
100.0,24.120939,121.189303,1.8,-99.0,,0.0,37.5,1.5,85.0,86.5,155.5,20.0,26.0,6.5,C2H9Q0,北東眼山,-99.0,16.0,2025-07-31T02:00:00+08:00,2025-07-31T02:10:00+08:00,,-99,-99,陰,170.0,0.4
99.0,24.003028,120.534389,7.8,-99.0,,0.0,50.5,22.5,73.5,90.0,90.0,39.0,47.0,23.5,72G600,臺中農改,-99.0,23.9,2025-07-31T02:00:00+08:00,2025-07-31T02:10:00+08:00,,-99,-99,陰有雨,110.0,0.8
-99.0,24.39792,120.98599,,-99.0,-99.0,,,,,,,,,,C0E950,松安,,-99.0,,,2025-07-31T02:00:00+08:00,,,,-99.0,-99.0
88.0,22.667203,121.475328,,984.5,1.0,0.0,14.5,0.0,31.0,31.0,31.0,2.5,5.0,1.0,C0S730,綠島,,25.8,,2025-07-31T02:10:00+08:00,2025-07-31T02:00:00+08:00,,,,227.0,3.3
,23.972525,120.678996,,,,0.0,108.0,10.0,209.0,211.0,211.0,21.0,98.0,15.0,01H630,草屯(4),,,,2025-07-31T02:10:00+08:00,,,,,,
,22.653117,120.630973,,,,0.0,44.0,2.5,194.5,203.0,296.0,6.5,10.0,2.5,81R640,佳義國小,,,,2025-07-31T02:10:00+08:00,,,,,,
97.0,23.386047,120.477331,,990.1,8.0,0.0,14.5,0.5,71.5,74.5,140.5,8.0,11.0,8.0,C0X300,鹿寮,,26.9,,2025-07-31T02:10:00+08:00,2025-07-31T02:00:00+08:00,,,,234.0,1.5
,24.981493,121.580302,,,,0.0,0.0,0.0,0.0,0.0,28.5,0.0,0.0,0.0,A1AC40,指南里,,,,2025-07-31T02:10:00+08:00,,,,,,
,24.463414,120.680019,,,,1.0,4.0,1.0,12.0,12.0,12.5,4.0,4.0,1.5,C1E890,國三N149K,,,,2025-07-31T02:10:00+08:00,,,,,,
100.0,22.076989,120.802439,,937.3,0.0,0.0,14.0,0.0,38.5,39.0,233.5,0.0,0.5,0.0,C0R750,四林格山,,24.6,,2025-07-31T02:10:00+08:00,2025-07-31T02:00:00+08:00,,,,258.0,6.4
81.0,24.488292,118.408778,,993.6,0.0,0.0,0.0,0.0,0.0,0.0,0.0,0.0,0.0,0.0,C0W140,金沙,,27.5,,2025-07-31T02:10:00+08:00,2025-07-31T02:00:00+08:00,,,,196.0,0.4
,25.288486,121.544109,,,,0.0,0.0,0.0,0.0,0.0,9.0,0.0,0.0,0.0,01A350,富貴角,,,,2025-07-31T02:10:00+08:00,,,,,,
96.0,23.416666,120.355,11.4,-99.0,,0.0,3.0,0.0,18.5,20.5,89.5,0.0,0.5,0.0,CAL040,國一N273K,-99.0,28.7,2025-07-31T02:00:00+08:00,2025-07-31T02:10:00+08:00,,-99,-99,陰,220.0,6.5
91.0,23.930925,121.595153,,992.7,1.0,0.0,1.0,1.0,2.0,2.0,6.0,1.0,1.0,1.0,C0Z150,吉安光華,,24.6,,2025-07-31T02:10:00+08:00,2025-07-31T02:00:00+08:00,,,,241.0,3.4
90.0,23.630414,120.227125,,997.0,0.0,0.0,2.5,0.0,7.5,17.0,34.5,0.0,0.0,0.0,C0K280,四湖,,28.7,,2025-07-31T02:10:00+08:00,2025-07-31T02:00:00+08:00,,,,236.0,5.3
97.0,24.955778,121.631222,2.2,-99.0,,0.0,0.0,0.0,0.0,0.0,50.0,0.0,0.0,0.0,82A750,文山茶改,-99.0,24.8,2025-07-31T02:00:00+08:00,2025-07-31T02:10:00+08:00,,-99,-99,多雲,0.0,0.0
100.0,24.363714,121.444667,,660.7,-99.0,,,,,,,,,,C0F0E0,南湖圈谷A,,7.8,,,2025-07-31T02:00:00+08:00,,,,149.0,1.0
,25.016894,121.554305,,,,0.0,0.0,0.0,0.0,0.0,42.5,0.0,0.0,0.0,A1AG60,福州山,,,,2025-07-31T02:10:00+08:00,,,,,,
94.0,24.03405,120.503869,,993.6,15.0,0.0,52.0,5.0,72.0,92.5,93.0,35.5,36.0,15.0,C0G780,秀水,,25.8,,2025-07-31T02:10:00+08:00,2025-07-31T02:00:00+08:00,,,,96.0,3.0
92.0,22.545064,120.392592,,991.9,0.0,0.0,0.5,0.0,54.5,79.5,139.5,0.0,0.0,0.0,C0V450,鳳森,,28.2,,2025-07-31T02:10:00+08:00,2025-07-31T02:00:00+08:00,,,,230.0,2.8
84.0,25.13605,121.53987,3.7,-99.0,,0.0,0.0,0.0,0.0,0.0,69.7,0.0,0.0,0.0,A0A460,文化大學,-99.0,26.3,2025-07-31T02:00:00+08:00,2025-07-31T02:10:00+08:00,,-99,-99,晴,310.0,1.5
97.0,23.553261,120.345719,,994.7,4.0,0.0,8.5,4.0,18.0,23.0,91.0,4.0,6.0,4.0,C0M790,新港,,27.1,,2025-07-31T02:10:00+08:00,2025-07-31T02:00:00+08:00,,,,241.0,5.6
92.0,22.854997,120.259439,,993.5,0.0,1.0,1.0,1.0,3.0,3.0,74.0,1.0,1.0,1.0,C0V750,路竹,,29.6,,2025-07-31T02:10:00+08:00,2025-07-31T02:00:00+08:00,,,,247.0,4.8
,23.858572,120.994889,,,,0.0,93.5,5.5,208.0,208.0,256.0,31.0,38.0,29.0,C1I500,大尖山,,,,2025-07-31T02:10:00+08:00,,,,,,
,23.805589,120.837618,,,,14.0,249.0,44.5,527.0,527.0,546.5,108.0,177.5,104.0,81H930,玉峰國小,,,,2025-07-31T02:10:00+08:00,,,,,,
,24.270832,121.741801,,,,0.0,0.0,0.0,0.0,0.0,0.5,0.0,0.0,0.0,88T830,和中,,,,2025-07-31T02:10:00+08:00,,,,,,
96.0,22.767777,120.444444,4.8,-99.0,,0.0,5.0,2.0,32.0,37.0,151.5,3.0,3.0,2.5,CAP060,國三S385K,-99.0,27.0,2025-07-31T02:00:00+08:00,2025-07-31T02:10:00+08:00,,-99,3-6,陰有雨,280.0,1.2
94.0,22.804194,120.355528,,990.4,0.0,0.0,0.0,0.0,8.0,9.0,79.0,0.0,0.0,0.0,C0V400,阿公店,,29.4,,2025-07-31T02:10:00+08:00,2025-07-31T02:00:00+08:00,,,,237.0,5.2
,22.855418,120.617155,,,,0.0,39.0,1.0,146.0,175.0,346.0,18.0,20.0,11.0,O1R450,新豐(1),,,,2025-07-31T02:10:00+08:00,,,,,,
92.0,24.797653,121.173239,,978.3,0.0,0.0,0.0,0.0,0.0,0.0,25.5,0.0,0.0,0.0,C0D700,關西,,26.0,,2025-07-31T02:10:00+08:00,2025-07-31T02:00:00+08:00,,,,82.0,0.3
,23.784838,120.86372,,,,1.5,222.5,28.0,505.0,505.0,535.5,91.5,163.5,67.5,81H970,永興國小,,,,2025-07-31T02:10:00+08:00,,,,,,
100.0,23.14841,120.63325,,951.2,22.5,0.0,141.5,5.0,312.0,346.5,472.5,30.0,75.0,22.5,C0V820,小林,,22.9,,2025-07-31T02:10:00+08:00,2025-07-31T02:00:00+08:00,,,,6.0,1.1
,23.714206,121.373133,,,,0.0,4.0,1.5,13.5,13.5,14.0,4.0,4.0,3.5,C1T940,大觀,,,,2025-07-31T02:10:00+08:00,,,,,,
84.0,25.014278,121.539416,0.9,-99.0,,0.0,0.0,0.0,0.0,0.0,54.5,0.0,0.0,0.0,A0A010,臺灣大學,-99.0,27.9,2025-07-31T02:00:00+08:00,2025-07-31T02:10:00+08:00,,-99,-99,多雲,0.0,0.0
,24.437089,121.379327,,,,0.0,0.0,0.0,0.0,0.0,5.0,0.0,0.0,0.0,01U080,南山,,,,2025-07-31T02:10:00+08:00,,,,,,
100.0,23.223772,121.406639,,980.5,3.5,0.0,7.0,2.0,12.0,12.0,12.0,5.0,5.5,3.5,C0S940,石寧山,,23.6,,2025-07-31T02:10:00+08:00,2025-07-31T02:00:00+08:00,,,,206.0,2.1
99.0,23.8004,120.467383,,992.6,13.0,2.5,19.0,15.5,24.0,60.5,64.5,15.5,18.5,15.5,C0K420,西螺,,24.6,,2025-07-31T02:10:00+08:00,2025-07-31T02:00:00+08:00,,,,87.0,1.0
90.0,22.963017,120.327797,,991.7,1.5,0.0,1.5,1.5,10.5,10.5,59.5,1.5,1.5,1.5,C0X170,關廟,,28.5,,2025-07-31T02:10:00+08:00,2025-07-31T02:00:00+08:00,,,,262.0,2.6
,23.222178,120.400432,,,,0.0,3.0,0.0,58.0,60.0,161.0,2.0,2.0,1.0,01O750,王爺宮,,,,2025-07-31T02:10:00+08:00,,,,,,
92.0,23.061614,120.298197,,996.4,0.5,0.0,1.0,0.5,12.0,12.0,34.0,0.5,0.5,0.5,C0O980,新市,,28.6,,2025-07-31T02:10:00+08:00,2025-07-31T02:00:00+08:00,,,,237.0,2.4
97.0,22.416211,120.926942,,995.8,0.0,0.0,70.0,0.0,158.5,159.5,197.5,0.5,3.5,0.0,C0S970,加津林,,26.0,,2025-07-31T02:10:00+08:00,2025-07-31T02:00:00+08:00,,,,0.0,0.0
,24.892584,121.745694,,,,0.0,0.0,0.0,0.0,0.0,34.5,0.0,0.0,0.0,L1A800,碧湖,,,,2025-07-31T02:10:00+08:00,,,,,,
,24.719164,121.28372,,,,0.0,0.0,0.0,0.0,0.0,32.0,0.0,0.0,0.0,01D190,鳥嘴山,,,,2025-07-31T02:10:00+08:00,,,,,,
,24.157728,121.623597,,,,0.5,0.5,0.5,0.5,0.5,8.5,0.5,0.5,0.5,C1TA00,太魯閣,,,,2025-07-31T02:10:00+08:00,,,,,,
92.0,23.336427,120.138033,,995.2,0.0,0.0,0.0,0.0,0.0,1.5,2.0,0.0,0.0,0.0,C0M880,好美里,,28.7,,2025-07-31T02:10:00+08:00,2025-07-31T02:00:00+08:00,,,,244.0,8.8
90.0,23.574056,120.291786,,994.4,0.0,0.0,1.5,0.0,2.0,6.0,41.5,0.0,0.5,0.0,C0K410,北港,,28.6,,2025-07-31T02:10:00+08:00,2025-07-31T02:00:00+08:00,,,,234.0,7.2
74.0,24.827853,121.014219,4.3,992.8,,0.0,0.0,0.0,0.0,0.0,30.0,0.0,0.0,0.0,467571,新竹,0.0,28.8,2025-07-31T02:00:00+08:00,2025-07-31T02:10:00+08:00,,0,>30,陰,180.0,0.9
,23.577934,120.301903,,,,0.0,4.0,1.0,5.0,10.0,52.0,1.0,3.0,1.0,O1J810,北港(2),,,,2025-07-31T02:10:00+08:00,,,,,,
93.0,24.295534,120.695976,7.3,-99.0,,5.0,29.0,10.5,63.5,63.5,65.0,24.5,29.0,13.0,CAF020,國一S162K,-99.0,23.5,2025-07-31T02:00:00+08:00,2025-07-31T02:10:00+08:00,,-99,-99,陰有雷雨,160.0,0.8
87.0,24.823239,121.730383,,954.8,0.0,0.0,0.0,0.0,0.0,0.0,6.0,0.0,0.0,0.0,C0UB00,淡大蘭陽校園,,25.3,,2025-07-31T02:10:00+08:00,2025-07-31T02:00:00+08:00,,,,260.0,1.0
100.0,23.338017,120.683331,,936.0,48.5,7.5,293.0,25.5,493.0,541.5,589.5,65.5,218.0,56.0,C0M860,新美,,21.7,,2025-07-31T02:10:00+08:00,2025-07-31T02:00:00+08:00,,,,0.0,0.0
100.0,22.520969,120.89185,,946.9,2.5,0.0,141.5,2.0,248.5,249.5,286.5,2.5,32.5,2.5,C0SA00,歷坵,,22.8,,2025-07-31T02:10:00+08:00,2025-07-31T02:00:00+08:00,,,,0.0,0.0
98.0,24.78333,121.1211,2.4,-99.0,,0.0,0.0,0.0,0.0,0.0,31.5,0.0,0.0,0.0,CAD080,國三N085K,-99.0,25.0,2025-07-31T02:00:00+08:00,2025-07-31T02:10:00+08:00,,-99,11-15,陰,60.0,0.6
-99.0,23.963211,121.088264,4.7,-99.0,,0.0,26.5,1.5,60.0,60.0,108.0,5.5,15.0,5.0,C2H9P0,伊拿谷,-99.0,21.1,2025-07-31T02:00:00+08:00,2025-07-31T02:10:00+08:00,,-99,-99,陰,220.0,2.1
-99.0,23.010394,120.194228,,-99.0,0.0,0.0,0.0,0.0,5.0,5.5,37.0,0.0,0.0,0.0,C0X100,臺南市北區,,-99.0,,2025-07-31T02:10:00+08:00,2025-07-31T02:00:00+08:00,,,,-99.0,-99.0
,24.272392,120.849047,,,,1.0,34.5,3.0,90.5,90.5,157.5,20.0,34.0,7.0,C1F9F1,伯公龍,,,,2025-07-31T02:10:00+08:00,,,,,,
,24.677573,121.208601,,,,0.0,0.0,0.0,0.0,0.0,16.0,0.0,0.0,0.0,01D180,梅花,,,,2025-07-31T02:10:00+08:00,,,,,,
,23.739861,120.870126,,,,1.5,144.5,26.0,318.5,318.5,355.5,59.5,126.5,44.5,81I550,郡坑,,,,2025-07-31T02:10:00+08:00,,,,,,
97.0,24.179597,121.495639,,940.9,0.5,0.0,0.5,0.5,2.5,2.5,4.0,0.5,0.5,0.5,C0T820,天祥,,23.1,,2025-07-31T02:10:00+08:00,2025-07-31T02:00:00+08:00,,,,0.0,0.0
,24.538278,121.002836,,,,0.0,0.0,0.0,0.5,0.5,10.0,0.0,0.0,0.0,C1E670,南礦,,,,2025-07-31T02:10:00+08:00,,,,,,
,23.561737,120.922408,,,,2.0,74.5,22.5,148.0,148.5,161.5,51.5,62.0,25.5,81HB40,東埔吊橋,,,,2025-07-31T02:10:00+08:00,,,,,,
,25.129193,121.576412,,,,0.0,0.0,0.0,0.0,0.0,67.0,0.0,0.0,0.0,A1AA20,平等國小,,,,2025-07-31T02:10:00+08:00,,,,,,
77.0,25.11575,121.492,2.7,-99.0,,0.0,0.0,0.0,0.0,0.0,25.5,0.0,0.0,0.0,G2AI50,台農院關渡站,-99.0,28.5,2025-07-31T02:00:00+08:00,2025-07-31T02:10:00+08:00,,-99,-99,晴,360.0,1.0
100.0,23.911108,120.846556,14.5,-99.0,,0.0,85.0,1.5,309.0,309.0,341.0,31.0,54.5,20.0,C2H9E0,國姓南港,-99.0,19.0,2025-07-31T02:00:00+08:00,2025-07-31T02:10:00+08:00,,-99,-99,陰有雷,130.0,4.0
,22.245154,120.835687,,,,0.0,30.0,1.0,122.0,143.0,246.0,12.0,14.0,4.0,01R000,壽卡,,,,2025-07-31T02:10:00+08:00,,,,,,
,24.780225,121.180437,,,,0.0,0.0,0.0,0.0,0.0,25.0,0.0,0.0,0.0,01D300,關西(3),,,,2025-07-31T02:10:00+08:00,,,,,,
92.0,22.419456,120.552375,,996.4,0.0,0.0,12.5,0.0,64.5,78.5,159.0,0.0,0.0,0.0,C0R540,佳冬,,28.5,,2025-07-31T02:10:00+08:00,2025-07-31T02:00:00+08:00,,,,223.0,4.6
,22.203384,120.751358,,,,0.0,19.0,0.0,72.5,78.0,193.0,0.0,0.0,0.0,81R650,丹路國小,,,,2025-07-31T02:10:00+08:00,,,,,,
73.0,24.675286,121.587061,,947.6,0.0,0.0,0.0,0.0,0.0,0.0,0.5,0.0,0.0,0.0,C0U650,玉蘭,,25.9,,2025-07-31T02:10:00+08:00,2025-07-31T02:00:00+08:00,,,,326.0,0.5
,25.059693,121.566707,,,,0.0,0.0,0.0,0.0,0.0,48.0,0.0,0.0,0.0,A1A9Y0,民生國中,,,,2025-07-31T02:10:00+08:00,,,,,,
,22.753496,121.158652,,,,0.0,31.0,3.0,67.0,68.0,71.0,10.0,12.0,3.0,01S610,台東(7),,,,2025-07-31T02:10:00+08:00,,,,,,
,24.624996,121.751929,,,,0.0,0.0,0.0,0.0,0.0,1.0,0.0,0.0,0.0,01U120,新寮(1),,,,2025-07-31T02:10:00+08:00,,,,,,
99.0,24.60725,120.826094,,993.6,0.5,0.0,7.5,0.0,8.0,8.0,12.5,7.5,7.5,0.5,C0E870,高鐵苗栗,,26.6,,2025-07-31T02:10:00+08:00,2025-07-31T02:00:00+08:00,,,,203.0,1.4
-99.0,24.8926,121.745736,1.0,-99.0,,0.0,0.0,0.0,0.0,0.0,34.0,0.0,0.0,0.0,C2A540,四堵,-99.0,23.5,2025-07-31T02:00:00+08:00,2025-07-31T02:10:00+08:00,,-99,-99,晴,30.0,0.3
,24.36042,120.948417,,,,0.0,1.0,0.0,47.0,47.0,113.0,1.0,1.0,0.0,01E060,象鼻(1),,,,2025-07-31T02:10:00+08:00,,,,,,
93.0,23.171639,121.249378,,969.7,1.5,0.0,6.5,1.0,28.0,28.0,28.5,2.0,4.0,1.5,C0T9N0,富里,,23.2,,2025-07-31T02:10:00+08:00,2025-07-31T02:00:00+08:00,,,,211.0,1.6
83.0,25.027072,121.153317,,987.9,0.0,0.0,0.0,0.0,0.0,0.0,39.5,0.0,0.0,0.0,C0C590,觀音,,26.9,,2025-07-31T02:10:00+08:00,2025-07-31T02:00:00+08:00,,,,220.0,0.7
96.0,23.922303,120.320025,9.1,-99.0,,0.0,0.0,0.0,0.0,13.5,20.0,0.0,0.0,0.0,C2G870,芳苑,-99.0,27.6,2025-07-31T02:00:00+08:00,2025-07-31T02:10:00+08:00,,-99,-99,陰,230.0,4.5
,23.443356,121.327375,,,,0.0,7.0,1.0,19.5,19.5,20.0,7.0,7.0,4.5,C1Z040,立山,,,,2025-07-31T02:10:00+08:00,,,,,,
,24.938878,121.355555,,,,0.0,0.0,0.0,0.0,0.0,41.0,0.0,0.0,0.0,01A220,三峽,,,,2025-07-31T02:10:00+08:00,,,,,,
94.0,24.962606,121.888875,,936.9,0.0,0.0,0.0,0.0,0.0,0.0,7.0,0.0,0.0,0.0,C0UA70,桃源谷,,24.5,,2025-07-31T02:10:00+08:00,2025-07-31T02:00:00+08:00,,,,315.0,4.0
91.0,23.701544,120.197547,,995.9,0.0,0.0,0.0,0.0,0.0,6.5,12.0,0.0,0.0,0.0,C0K530,臺西,,28.4,,2025-07-31T02:10:00+08:00,2025-07-31T02:00:00+08:00,,,,229.0,5.9
,25.061696,121.511708,,,,0.0,0.0,0.0,0.0,0.0,54.0,0.0,0.0,0.0,A1A9X0,太平國小,,,,2025-07-31T02:10:00+08:00,,,,,,
,23.268447,120.823556,,,,10.0,349.5,55.5,606.5,627.0,668.5,155.0,270.5,110.5,C1V200,梅山,,,,2025-07-31T02:10:00+08:00,,,,,,
96.0,23.709219,121.420106,,980.6,4.0,0.0,4.5,1.5,13.5,13.5,13.5,4.5,4.5,4.0,C0Z200,萬榮,,24.2,,2025-07-31T02:10:00+08:00,2025-07-31T02:00:00+08:00,,,,0.0,0.0
100.0,24.368614,121.373189,,730.9,-99.0,,,,,,,,,,C0UA20,多加屯,,12.6,,,2025-07-31T02:00:00+08:00,,,,208.0,4.5
,23.010004,121.148008,,,,0.0,14.5,1.0,42.0,46.0,53.5,4.5,5.5,3.5,81S570,月眉國小,,,,2025-07-31T02:10:00+08:00,,,,,,
87.0,24.889514,121.2636,5.5,-99.0,,0.0,0.0,0.0,0.0,0.0,37.0,0.0,0.0,0.0,CAC030,國三N063K,-99.0,27.2,2025-07-31T02:00:00+08:00,2025-07-31T02:10:00+08:00,,-99,-99,多雲,210.0,2.0
96.0,23.721453,120.378864,8.3,-99.0,,0.5,9.5,7.0,13.5,48.5,88.5,8.0,9.5,7.5,C2K620,馬光農場,-99.0,27.0,2025-07-31T02:00:00+08:00,2025-07-31T02:10:00+08:00,,-99,-99,陰有雨,230.0,4.0
100.0,22.810031,121.109308,,952.2,21.5,0.0,56.0,9.0,101.0,105.5,111.5,30.0,38.0,21.5,C0SA10,檳榔四格山,,21.0,,2025-07-31T02:10:00+08:00,2025-07-31T02:00:00+08:00,,,,303.0,4.6
98.0,23.809928,121.539828,,942.4,4.0,0.5,4.5,2.0,10.0,10.0,14.0,4.5,4.5,4.5,C0T9A0,月眉山,,22.2,,2025-07-31T02:10:00+08:00,2025-07-31T02:00:00+08:00,,,,235.0,2.1
95.0,22.071122,120.764111,,987.9,0.0,0.0,6.5,0.0,20.0,20.0,237.5,0.0,0.0,0.0,C0R770,保力,,27.8,,2025-07-31T02:10:00+08:00,2025-07-31T02:00:00+08:00,,,,254.0,5.5
96.0,22.076075,120.836794,,971.2,0.0,0.0,18.0,0.0,39.5,40.0,198.5,0.0,0.0,0.0,C0R280,檳榔,,25.7,,2025-07-31T02:10:00+08:00,2025-07-31T02:00:00+08:00,,,,280.0,3.4
,25.069191,121.615007,,,,0.0,0.0,0.0,0.0,0.0,43.5,0.0,0.0,0.0,A1AA50,東湖國小,,,,2025-07-31T02:10:00+08:00,,,,,,
,24.838333,121.526111,,,,0.0,0.0,0.0,0.0,0.0,10.5,0.0,0.0,0.0,81AH90,信賢派出所,,,,2025-07-31T02:10:00+08:00,,,,,,
99.0,23.290728,121.348528,,945.1,3.5,0.5,8.0,2.0,17.0,17.0,17.0,6.0,6.0,4.0,C0Z330,安通山,,22.1,,2025-07-31T02:10:00+08:00,2025-07-31T02:00:00+08:00,,,,318.0,0.9
91.0,22.906642,120.182608,,996.1,0.0,0.0,0.0,0.0,0.0,0.0,56.5,0.0,0.0,0.0,C0V630,茄萣,,29.1,,2025-07-31T02:10:00+08:00,2025-07-31T02:00:00+08:00,,,,256.0,3.4
93.0,24.892936,121.324975,,980.2,0.0,0.0,0.0,0.0,0.0,0.0,30.0,0.0,0.0,0.0,C0C710,大溪永福,,26.2,,2025-07-31T02:10:00+08:00,2025-07-31T02:00:00+08:00,,,,0.0,0.2
,23.417015,121.279375,,,,0.0,8.0,1.0,21.0,21.0,26.0,7.0,7.0,5.0,01T240,苗圃,,,,2025-07-31T02:10:00+08:00,,,,,,
100.0,23.9996,120.938739,2.6,-99.0,,0.0,104.5,1.5,195.5,195.5,285.5,25.5,65.5,16.0,C2H9J0,中台,-99.0,21.9,2025-07-31T02:00:00+08:00,2025-07-31T02:10:00+08:00,,-99,-99,陰有雨,110.0,0.6
,23.666719,121.370128,,,,0.0,7.5,2.0,19.5,19.5,20.0,6.5,6.5,5.0,C1T950,太安,,,,2025-07-31T02:10:00+08:00,,,,,,
96.0,23.660694,121.424964,,983.6,4.0,0.0,5.0,1.0,13.0,13.0,13.0,5.0,5.0,4.0,C0T960,光復,,23.7,,2025-07-31T02:10:00+08:00,2025-07-31T02:00:00+08:00,,,,231.0,2.0
86.0,24.753033,121.641303,,941.1,0.0,0.0,0.0,0.0,0.0,0.0,5.0,0.0,0.0,0.0,C0U520,雙連埤,,23.9,,2025-07-31T02:10:00+08:00,2025-07-31T02:00:00+08:00,,,,240.0,1.6
,24.981089,121.749275,,,,0.0,0.0,0.0,0.0,0.0,19.0,0.0,0.0,0.0,01A200,火燒寮,,,,2025-07-31T02:10:00+08:00,,,,,,
,23.217557,121.32297,,,,0.0,8.0,1.0,27.0,27.0,30.0,4.0,5.0,3.0,01T9J0,六十石山,,,,2025-07-31T02:10:00+08:00,,,,,,
86.0,25.066739,121.628153,2.2,-99.0,,0.0,0.0,0.0,0.0,0.0,43.0,0.0,0.0,0.0,CAA010,國一N013K,-99.0,28.8,2025-07-31T02:00:00+08:00,2025-07-31T02:10:00+08:00,,-99,-99,多雲,200.0,0.6
98.0,24.092464,120.701378,,989.6,65.0,6.0,191.5,18.0,323.0,323.0,324.5,113.5,164.5,71.0,C0F9N0,大里,,25.3,,2025-07-31T02:10:00+08:00,2025-07-31T02:00:00+08:00,,,,230.0,2.1
,23.154217,120.813603,,,,5.0,521.5,39.0,950.5,987.5,1082.5,96.5,295.0,70.0,C1V220,小關山,,,,2025-07-31T02:10:00+08:00,,,,,,
85.0,24.991622,121.491792,,991.1,0.0,0.0,0.0,0.0,0.0,0.0,38.5,0.0,0.0,0.0,C0AG80,中和,,28.8,,2025-07-31T02:10:00+08:00,2025-07-31T02:00:00+08:00,,,,129.0,1.3
99.0,23.810742,120.6173,,986.8,33.5,1.5,68.5,34.0,107.5,130.5,131.5,39.0,68.0,35.0,C0G880,二水,,25.3,,2025-07-31T02:10:00+08:00,2025-07-31T02:00:00+08:00,,,,106.0,2.4
87.0,25.129036,121.923372,,989.4,-99.0,0.0,0.0,0.0,0.0,0.0,2.0,0.0,0.0,0.0,C0A950,鼻頭角,,29.2,,2025-07-31T02:10:00+08:00,2025-07-31T02:00:00+08:00,,,,331.0,2.0
81.0,24.87667,121.0467,5.5,-99.0,,0.0,0.0,0.0,0.5,0.5,24.0,0.0,0.0,0.0,CAD030,國一S082K,-99.0,27.6,2025-07-31T02:00:00+08:00,2025-07-31T02:10:00+08:00,,-99,-99,陰,200.0,2.1
99.0,23.674194,120.255722,,995.3,1.0,0.0,2.0,1.0,7.0,26.5,54.0,1.0,1.0,1.0,C0K590,雲林東勢,,28.4,,2025-07-31T02:10:00+08:00,2025-07-31T02:00:00+08:00,,,,234.0,6.4
,24.4475,120.790278,,,,0.0,1.0,0.0,6.5,6.5,11.0,1.0,1.0,0.5,81E720,慈惠堂,,,,2025-07-31T02:10:00+08:00,,,,,,
,25.163293,121.568014,,,,0.0,0.0,0.0,0.5,0.5,51.5,0.0,0.0,0.0,A1AD10,擎天崗,,,,2025-07-31T02:10:00+08:00,,,,,,
,22.513226,120.511111,,,,0.0,9.0,0.0,56.0,76.0,150.0,0.0,0.0,0.0,O1R630,崁頂,,,,2025-07-31T02:10:00+08:00,,,,,,
86.0,24.75861,120.9608,6.9,-99.0,,0.0,0.0,0.0,0.0,0.0,21.5,0.0,0.0,0.0,CAD090,國三S103K,-99.0,27.1,2025-07-31T02:00:00+08:00,2025-07-31T02:10:00+08:00,,-99,7-10,陰,230.0,2.2
,24.907093,121.580097,,,,0.0,0.0,0.0,0.0,0.0,29.5,0.0,0.0,0.0,L1A790,翡翠,,,,2025-07-31T02:10:00+08:00,,,,,,
,24.080775,120.962997,,,,0.5,72.0,0.5,120.0,120.0,283.0,12.5,44.5,9.5,C1H900,清流,,,,2025-07-31T02:10:00+08:00,,,,,,
97.0,23.737456,120.417944,,994.6,3.5,2.0,9.0,4.5,16.0,57.5,74.0,5.5,8.5,5.5,C0K580,高鐵雲林,,27.0,,2025-07-31T02:10:00+08:00,2025-07-31T02:00:00+08:00,,,,223.0,3.6
100.0,22.405264,120.753181,,824.5,35.5,1.5,165.0,12.5,443.5,521.5,659.0,46.0,74.0,37.0,C0R440,大漢山,,19.3,,2025-07-31T02:10:00+08:00,2025-07-31T02:00:00+08:00,,,,53.0,1.9
,23.15025,121.382333,,,,0.0,9.0,1.0,21.5,22.0,23.5,3.5,5.5,2.5,C1S870,南美山,,,,2025-07-31T02:10:00+08:00,,,,,,
,24.47039,121.777318,,,,0.0,0.0,0.0,0.0,0.0,1.0,0.0,0.0,0.0,81U860,金岳國小,,,,2025-07-31T02:10:00+08:00,,,,,,
95.0,23.471325,120.485903,5.2,-99.0,,0.0,23.0,0.5,105.5,115.0,218.5,1.0,19.5,1.0,C2M910,嘉義大學,-99.0,27.5,2025-07-31T02:00:00+08:00,2025-07-31T02:10:00+08:00,,-99,-99,陰,210.0,1.6
,25.133486,121.469331,,,,0.0,0.0,0.0,0.0,0.0,86.0,0.0,0.0,0.0,C1AC50,關渡,,,,2025-07-31T02:10:00+08:00,,,,,,
,24.280586,121.026642,,,,0.5,3.0,0.5,37.5,38.0,98.0,2.0,2.5,1.5,C1F941,雪嶺,,,,2025-07-31T02:10:00+08:00,,,,,,
93.0,25.965197,119.980686,,992.9,0.0,0.0,0.0,0.0,0.0,0.0,5.5,0.0,0.0,0.0,C0W110,東莒,,28.3,,2025-07-31T02:10:00+08:00,2025-07-31T02:00:00+08:00,,,,190.0,5.1
94.0,23.57543,120.14121,14.5,-99.0,,0.0,0.0,0.0,0.0,0.0,0.5,0.0,0.0,0.0,CAJ050,海口故事園區,-99.0,28.7,2025-07-31T02:00:00+08:00,2025-07-31T02:10:00+08:00,,-99,-99,陰,230.0,10.8
74.0,24.413925,121.783247,,933.8,0.0,0.0,0.0,0.0,0.0,0.0,0.0,0.0,0.0,0.0,C0UA60,樟樹山,,25.9,,2025-07-31T02:10:00+08:00,2025-07-31T02:00:00+08:00,,,,234.0,1.2
,24.986395,121.545303,,,,0.0,0.0,0.0,0.0,0.0,48.5,0.0,0.0,0.0,A1AB10,埤腹,,,,2025-07-31T02:10:00+08:00,,,,,,
98.0,23.730628,120.423903,8.6,-99.0,,3.0,12.5,8.5,16.0,56.5,67.0,9.5,12.0,6.5,A2K630,雲林臺大,-99.0,27.2,2025-07-31T02:00:00+08:00,2025-07-31T02:10:00+08:00,,-99,-99,陰有雨,240.0,3.1
,23.769503,121.498653,,,,0.5,5.5,2.5,12.5,12.5,17.0,5.5,5.5,5.5,C1T920,中興,,,,2025-07-31T02:10:00+08:00,,,,,,
89.0,24.322458,120.936819,4.8,-99.0,,0.0,4.0,0.5,50.5,50.5,93.5,4.0,4.0,0.5,C2F990,摩天嶺,-99.0,22.1,2025-07-31T02:00:00+08:00,2025-07-31T02:10:00+08:00,,-99,-99,陰有雷,70.0,1.8
93.0,24.28025,121.02627,,738.1,1.5,0.0,3.0,0.5,38.5,39.0,100.5,2.0,2.5,1.5,C0FA80,小雪山天池,,13.2,,2025-07-31T02:10:00+08:00,2025-07-31T02:00:00+08:00,,,,212.0,3.3
89.0,24.668122,121.653017,,983.6,0.0,0.0,0.0,0.0,0.0,0.0,1.0,0.0,0.0,0.0,C0U890,三星,,26.6,,2025-07-31T02:10:00+08:00,2025-07-31T02:00:00+08:00,,,,245.0,0.6
,23.934019,120.811994,,,,0.0,122.5,2.5,319.5,319.5,345.0,57.5,99.5,39.5,C1I211,蘆竹湳,,,,2025-07-31T02:10:00+08:00,,,,,,
,24.902389,121.649896,,,,0.0,0.0,0.0,0.0,0.0,28.0,0.0,0.0,0.0,L1A810,九芎根,,,,2025-07-31T02:10:00+08:00,,,,,,
,22.642801,120.952564,,,,0.0,59.0,0.0,103.0,104.0,125.0,3.0,51.0,1.0,O1S680,金針山,,,,2025-07-31T02:10:00+08:00,,,,,,
,25.113593,121.569411,,,,0.0,0.0,0.0,0.0,0.0,70.5,0.0,0.0,0.0,A1AB80,雙溪,,,,2025-07-31T02:10:00+08:00,,,,,,
88.0,24.505486,121.525656,,799.5,0.0,0.0,0.0,0.0,0.0,0.0,0.0,0.0,0.0,0.0,C0U710,太平山,,18.3,,2025-07-31T02:10:00+08:00,2025-07-31T02:00:00+08:00,,,,0.0,0.1
92.0,23.852481,120.320922,,994.6,0.0,0.0,2.0,0.0,8.5,22.0,36.5,0.0,0.5,0.0,C0G740,大城,,28.2,,2025-07-31T02:10:00+08:00,2025-07-31T02:00:00+08:00,,,,233.0,3.7
,23.469067,120.701672,,,,0.0,185.5,11.0,409.5,435.5,475.5,44.0,145.5,34.0,81M660,阿里山國小,,,,2025-07-31T02:10:00+08:00,,,,,,
89.0,24.763975,121.756528,3.0,994.6,,0.0,0.0,0.0,0.0,0.0,3.0,0.0,0.0,0.0,467080,宜蘭,0.0,27.0,2025-07-31T02:00:00+08:00,2025-07-31T02:10:00+08:00,,0,>30,多雲,280.0,0.4
81.0,24.726316,120.940643,5.0,-99.0,,0.0,0.0,0.0,0.0,0.0,10.0,0.0,0.0,0.0,CAD010,國一S105K,-99.0,27.3,2025-07-31T02:00:00+08:00,2025-07-31T02:10:00+08:00,,-99,7-10,陰,220.0,1.7
93.0,22.202308,120.705236,,992.1,0.0,0.0,16.5,0.0,56.5,59.0,201.0,0.0,0.0,0.0,C0R741,獅子,,28.2,,2025-07-31T02:10:00+08:00,2025-07-31T02:00:00+08:00,,,,311.0,3.7
98.0,24.107058,120.624103,,992.6,61.0,4.5,134.5,25.0,241.5,241.5,241.5,103.0,114.0,65.5,C0F9S0,烏日,,23.6,,2025-07-31T02:10:00+08:00,2025-07-31T02:00:00+08:00,,,,156.0,2.7
,25.028388,121.663304,,,,0.0,0.0,0.0,0.0,0.5,44.0,0.0,0.0,0.0,A1AD70,茶製場,,,,2025-07-31T02:10:00+08:00,,,,,,
,24.858889,121.36,,,,0.0,0.0,0.0,0.0,0.0,32.5,0.0,0.0,0.0,81AI00,五寮國小,,,,2025-07-31T02:10:00+08:00,,,,,,
96.0,21.931672,120.838942,,986.3,0.0,0.0,0.0,0.0,16.5,21.0,138.5,0.0,0.0,0.0,C0R710,龍磐,,27.5,,2025-07-31T02:10:00+08:00,2025-07-31T02:00:00+08:00,,,,243.0,6.1
85.0,24.870678,120.977211,,981.5,0.0,0.0,0.0,0.0,0.0,0.0,32.5,0.0,0.0,0.0,C0D590,新豐,,26.7,,2025-07-31T02:10:00+08:00,2025-07-31T02:00:00+08:00,,,,226.0,2.3
97.0,21.900836,120.855269,,995.4,0.0,0.0,0.5,0.0,4.0,6.0,106.0,0.0,0.0,0.0,C0R620,墾雷,,28.4,,2025-07-31T02:10:00+08:00,2025-07-31T02:00:00+08:00,,,,104.0,5.8
100.0,25.175675,121.522408,,881.5,0.0,0.0,0.0,0.0,0.5,0.5,65.5,0.0,0.0,0.0,C0AC40,大屯山,,23.4,,2025-07-31T02:10:00+08:00,2025-07-31T02:00:00+08:00,,,,253.0,10.0
91.0,22.622742,120.330669,,994.0,0.0,0.0,3.5,0.0,11.5,17.0,92.5,0.0,0.0,0.0,C0V710,苓雅,,29.4,,2025-07-31T02:10:00+08:00,2025-07-31T02:00:00+08:00,,,,223.0,3.8
98.0,24.345061,120.588025,,992.8,18.0,0.5,22.5,16.5,62.5,62.5,63.5,22.5,22.5,18.5,C0F9K0,大安,,24.3,,2025-07-31T02:10:00+08:00,2025-07-31T02:00:00+08:00,,,,165.0,4.0
98.0,23.717231,120.190522,9.0,-99.0,,0.5,1.5,0.5,1.5,2.0,7.0,0.5,0.5,0.0,A2K360,臺西水試,-99.0,28.5,2025-07-31T02:00:00+08:00,2025-07-31T02:10:00+08:00,,-99,-99,陰,250.0,3.3
,24.383194,121.778556,,,,0.0,0.0,0.0,0.0,0.0,0.0,0.0,0.0,0.0,C1U850,觀音海岸,,,,2025-07-31T02:10:00+08:00,,,,,,
,23.374926,120.562406,,,,0.0,41.5,10.0,145.5,161.0,215.0,13.5,24.5,12.0,81M820,澐水溫泉,,,,2025-07-31T02:10:00+08:00,,,,,,
94.0,24.437042,120.778219,5.5,-99.0,,0.0,8.5,0.5,38.5,38.5,41.5,8.0,8.5,6.0,CAE560,國一S144K,-99.0,23.8,2025-07-31T02:00:00+08:00,2025-07-31T02:10:00+08:00,,-99,7-10,陰,190.0,2.2
78.0,25.0111,121.448716,,991.9,0.0,0.0,0.0,0.0,0.0,0.0,37.0,0.0,0.0,0.0,C0AJ80,板橋,,29.1,,2025-07-31T02:10:00+08:00,2025-07-31T02:00:00+08:00,,,,152.0,1.4
86.0,24.449347,121.810219,,994.7,0.0,0.0,0.0,0.0,0.0,0.0,0.0,0.0,0.0,0.0,C0U770,南澳,,25.9,,2025-07-31T02:10:00+08:00,2025-07-31T02:00:00+08:00,,,,335.0,2.2
95.0,24.143358,120.443536,,993.8,5.5,0.5,7.0,5.0,17.0,42.5,43.5,6.0,7.0,6.0,C0G900,線西,,24.6,,2025-07-31T02:10:00+08:00,2025-07-31T02:00:00+08:00,,,,136.0,3.0
90.0,22.508275,120.359141,,996.2,0.0,0.0,2.5,0.0,31.0,43.0,108.0,0.0,0.0,0.0,C0V840,鳳鼻頭,,28.8,,2025-07-31T02:10:00+08:00,2025-07-31T02:00:00+08:00,,,,235.0,5.5
,24.333611,120.920278,,,,0.0,8.0,0.0,36.5,36.5,81.0,8.0,8.0,0.5,81F910,達觀國小,,,,2025-07-31T02:10:00+08:00,,,,,,
,22.657883,121.02325,,,,0.0,31.0,0.5,61.5,62.0,72.5,3.0,24.5,0.5,C1S800,華源,,,,2025-07-31T02:10:00+08:00,,,,,,
94.0,24.95083,121.3958,1.7,-99.0,,0.0,0.0,0.0,0.0,0.0,52.5,0.0,0.0,0.0,CAA070,國三N046K,-99.0,26.8,2025-07-31T02:00:00+08:00,2025-07-31T02:10:00+08:00,,-99,-99,多雲,170.0,0.3
92.0,22.761616,120.233925,,997.1,0.0,0.0,0.0,0.0,1.0,1.0,51.5,0.0,0.0,0.0,C0V860,南寮,,29.0,,2025-07-31T02:10:00+08:00,2025-07-31T02:00:00+08:00,,,,219.0,9.3
99.0,24.947603,121.705508,0.9,-99.0,,0.0,0.0,0.0,0.0,0.0,24.0,0.0,0.0,0.0,CAAD90,國五N013K,-99.0,24.5,2025-07-31T02:00:00+08:00,2025-07-31T02:10:00+08:00,,-99,7-10,多雲,10.0,0.4
88.0,24.000394,120.431683,,995.3,0.5,0.0,2.0,0.0,5.0,23.5,23.5,0.5,1.0,0.5,C0G800,埔鹽,,26.6,,2025-07-31T02:10:00+08:00,2025-07-31T02:00:00+08:00,,,,71.0,0.9
,24.182844,120.929889,,,,2.0,41.0,13.5,152.0,152.5,222.5,27.5,30.5,26.0,C1F9C1,白冷,,,,2025-07-31T02:10:00+08:00,,,,,,
,24.825,121.288611,,,,0.0,0.0,0.0,0.0,0.0,29.0,0.0,0.0,0.0,81C700,大艽芎古道,,,,2025-07-31T02:10:00+08:00,,,,,,
,23.478744,120.878939,,,,9.5,162.5,37.5,339.0,340.5,392.5,61.5,105.0,47.0,C1I440,新高口,,,,2025-07-31T02:10:00+08:00,,,,,,
93.0,23.434628,120.239019,,995.6,0.5,0.0,0.5,0.0,0.5,0.5,28.0,0.5,0.5,0.5,C0M650,朴子,,28.0,,2025-07-31T02:10:00+08:00,2025-07-31T02:00:00+08:00,,,,233.0,6.2
99.0,24.085272,121.173572,,780.8,4.0,0.5,28.0,2.0,57.0,57.0,159.5,7.0,14.5,4.5,C0I480,梅峰,,15.3,,2025-07-31T02:10:00+08:00,2025-07-31T02:00:00+08:00,,,,0.0,0.2
,23.563333,120.868728,,,,1.0,137.0,42.0,236.0,239.0,271.5,84.5,115.5,58.0,C1I340,新興橋,,,,2025-07-31T02:10:00+08:00,,,,,,
91.0,23.023541,120.111633,,997.0,0.0,0.0,0.0,0.0,7.5,14.0,57.5,0.0,0.0,0.0,C0N030,四草,,29.0,,2025-07-31T02:10:00+08:00,2025-07-31T02:00:00+08:00,,,,131.0,10.9
94.0,24.432739,121.303808,,-99.0,0.0,0.0,0.0,0.0,1.5,1.5,3.0,0.0,0.0,0.0,C0F9Y0,桃山,,9.9,,2025-07-31T02:10:00+08:00,2025-07-31T02:00:00+08:00,,,,240.0,2.4
,25.180294,121.548816,,,,0.0,0.0,0.0,0.0,0.0,66.5,0.0,0.0,0.0,A1AD40,小油坑,,,,2025-07-31T02:10:00+08:00,,,,,,
98.0,21.966756,120.810269,,970.8,0.0,0.0,1.5,0.0,12.0,13.0,200.0,0.0,0.0,0.0,C0R690,墾丁,,26.6,,2025-07-31T02:10:00+08:00,2025-07-31T02:00:00+08:00,,,,235.0,2.6
86.0,23.152831,120.230558,12.6,-99.0,,0.0,0.0,0.0,14.0,35.0,51.5,0.0,0.0,0.0,CAN020,國一S306K,-99.0,28.6,2025-07-31T02:00:00+08:00,2025-07-31T02:10:00+08:00,,-99,3-6,陰有靄,240.0,8.1
96.0,25.03306,121.6158,2.5,-99.0,,0.0,0.0,0.0,0.0,0.0,40.0,0.0,0.0,0.0,CAA040,國三S016K,-99.0,26.5,2025-07-31T02:00:00+08:00,2025-07-31T02:10:00+08:00,,-99,-99,多雲,210.0,1.3
72.0,25.037822,121.564597,,987.2,0.0,0.0,0.0,0.0,0.0,0.0,51.0,0.0,0.0,0.0,C0AC70,信義,,30.4,,2025-07-31T02:10:00+08:00,2025-07-31T02:00:00+08:00,,,,0.0,0.0
94.0,22.765833,120.328888,13.1,-99.0,,0.0,0.0,0.0,2.0,2.0,66.5,0.0,0.0,0.0,CAP030,國一N351K,-99.0,29.1,2025-07-31T02:00:00+08:00,2025-07-31T02:10:00+08:00,,-99,-99,陰,250.0,7.7
,24.560997,120.836,,,,0.0,8.0,0.0,9.0,9.0,12.0,8.0,8.0,0.5,C1E900,國一N128K,,,,2025-07-31T02:10:00+08:00,,,,,,
86.0,22.888614,120.483597,,991.0,5.0,0.5,9.5,3.0,48.5,51.5,219.5,5.5,6.0,5.5,C0V740,旗山,,29.1,,2025-07-31T02:10:00+08:00,2025-07-31T02:00:00+08:00,,,,198.0,3.4
82.0,24.882853,121.265547,,972.9,0.0,0.0,0.0,0.0,0.0,0.0,42.5,0.0,0.0,0.0,C0C630,大溪,,27.0,,2025-07-31T02:10:00+08:00,2025-07-31T02:00:00+08:00,,,,208.0,1.8
96.0,23.25727,119.66762,14.3,992.6,,0.0,0.0,0.0,0.0,0.0,73.0,0.0,0.0,0.0,467300,東吉島,0.0,27.6,2025-07-31T02:00:00+08:00,2025-07-31T02:10:00+08:00,,0,3-6,陰有靄,230.0,10.2
97.0,23.154722,120.345,11.4,-99.0,,0.0,5.0,0.5,33.5,33.5,68.0,4.0,4.0,0.5,CAN080,國三N336K,-99.0,28.3,2025-07-31T02:00:00+08:00,2025-07-31T02:10:00+08:00,,-99,-99,陰,240.0,6.3
100.0,23.935639,121.508944,,980.8,2.0,0.5,2.5,1.5,7.0,7.0,32.0,2.5,2.5,2.5,C0T870,鯉魚潭,,23.9,,2025-07-31T02:10:00+08:00,2025-07-31T02:00:00+08:00,,,,0.0,0.0
-99.0,24.139256,120.5215,-99.0,-99.0,,6.0,27.0,17.0,66.5,66.5,67.5,26.0,26.0,-99.0,CAG040,國三N191K,-99.0,-99.0,2025-07-31T02:00:00+08:00,2025-07-31T02:10:00+08:00,,-99,-99,陰有雨,-99.0,-99.0
,24.719092,121.283872,,,,0.0,0.0,0.0,0.0,0.0,30.0,0.0,0.0,0.0,C1D400,鳥嘴山,,,,2025-07-31T02:10:00+08:00,,,,,,
93.0,22.975481,120.466769,,987.9,3.0,2.5,15.5,4.5,42.0,42.5,175.5,6.5,7.5,5.5,C0V360,內門,,28.0,,2025-07-31T02:10:00+08:00,2025-07-31T02:00:00+08:00,,,,227.0,2.2
,23.406364,120.603339,,,,0.0,110.0,21.5,282.0,320.0,361.0,40.0,85.0,37.0,C1M600,頭凍,,,,2025-07-31T02:10:00+08:00,,,,,,
100.0,23.735269,121.420131,,932.5,4.5,0.0,5.5,2.0,13.5,13.5,13.5,5.5,5.5,4.5,C0T9G0,鳳林山,,22.5,,2025-07-31T02:10:00+08:00,2025-07-31T02:00:00+08:00,,,,284.0,0.5
97.0,26.169467,119.923158,11.6,984.3,,0.0,0.0,0.0,0.0,0.0,0.0,0.0,0.0,0.0,467990,馬祖,0.0,27.9,2025-07-31T02:00:00+08:00,2025-07-31T02:10:00+08:00,,0,3-6,陰有靄,210.0,5.2
,24.221361,120.841069,,,,2.0,42.0,7.5,99.0,99.0,254.0,31.5,39.0,21.5,C1F911,新伯公,,,,2025-07-31T02:10:00+08:00,,,,,,
,23.173338,120.595163,,,,0.0,144.0,9.0,324.0,381.0,527.0,58.0,99.0,43.0,01O760,關山,,,,2025-07-31T02:10:00+08:00,,,,,,
93.0,23.492842,121.306883,,878.4,4.0,0.0,7.0,1.0,22.0,22.0,49.0,6.5,6.5,4.0,C0Z250,瑞穗林道,,19.9,,2025-07-31T02:10:00+08:00,2025-07-31T02:00:00+08:00,,,,270.0,1.3
97.0,24.23105,120.90475,,890.0,6.5,2.0,16.0,4.0,86.0,86.0,183.5,11.0,13.0,8.5,C0FB10,出雲山苗圃,,20.0,,2025-07-31T02:10:00+08:00,2025-07-31T02:00:00+08:00,,,,176.0,1.7
99.0,23.812553,120.849792,,964.7,100.5,1.0,250.5,27.0,524.5,524.5,547.0,110.0,172.0,101.5,C0I360,水里,,22.1,,2025-07-31T02:10:00+08:00,2025-07-31T02:00:00+08:00,,,,112.0,3.5
,23.199503,121.027,,,,1.5,34.5,3.5,77.0,78.0,91.5,13.5,20.0,10.0,C1S670,摩天,,,,2025-07-31T02:10:00+08:00,,,,,,
80.0,25.115597,121.513167,,992.7,-99.0,0.0,0.0,0.0,0.0,0.0,84.0,0.0,0.0,0.0,C0AI40,石牌,,29.8,,2025-07-31T02:10:00+08:00,2025-07-31T02:00:00+08:00,,,,330.0,1.0
97.0,24.272481,120.658314,,976.0,8.0,1.5,18.0,7.5,52.5,52.5,59.5,15.0,18.0,9.5,C0F9I0,神岡,,23.7,,2025-07-31T02:10:00+08:00,2025-07-31T02:00:00+08:00,,,,179.0,2.6
,22.886245,120.664037,,,,0.0,58.0,9.0,273.0,290.0,512.0,23.0,26.0,15.0,81V960,茂林國小,,,,2025-07-31T02:10:00+08:00,,,,,,
92.0,21.921689,120.735817,,996.0,0.0,0.0,0.0,0.0,14.0,16.0,165.0,0.0,0.0,0.0,C0R350,貓鼻頭,,28.3,,2025-07-31T02:10:00+08:00,2025-07-31T02:00:00+08:00,,,,254.0,4.1
82.0,22.826389,120.600806,,988.1,6.5,0.0,20.5,1.5,101.5,125.0,279.5,9.0,10.0,6.5,C0R470,高樹,,27.7,,2025-07-31T02:10:00+08:00,2025-07-31T02:00:00+08:00,,,,161.0,1.6
,25.136892,121.588912,,,,0.0,0.0,0.0,0.0,0.0,49.5,0.0,0.0,0.0,A1AC90,溪山里,,,,2025-07-31T02:10:00+08:00,,,,,,
-99.0,22.993161,120.152181,,-99.0,0.0,0.0,0.0,0.0,3.0,3.0,45.5,0.0,0.0,0.0,C0X190,安平,,-99.0,,2025-07-31T02:10:00+08:00,2025-07-31T02:00:00+08:00,,,,-99.0,-99.0
94.0,23.96824,120.32586,12.0,-99.0,,,,,,,,,,-99.0,CAG100,王功漁港,-99.0,28.3,2025-07-31T02:00:00+08:00,,,-99,-99,陰,230.0,8.8
93.0,24.64733,121.4293,,871.4,0.0,0.0,0.0,0.0,0.0,0.0,1.5,0.0,0.0,0.0,C0C800,四稜,,21.1,,2025-07-31T02:10:00+08:00,2025-07-31T02:00:00+08:00,,,,90.0,0.3
,24.469909,120.968785,,,,0.0,0.0,0.0,13.0,13.0,26.0,0.0,0.0,0.0,01E030,橫龍山,,,,2025-07-31T02:10:00+08:00,,,,,,
,23.800493,120.464851,,,,0.0,8.0,5.0,13.0,45.0,49.0,5.0,8.0,5.0,01J100,西螺(2),,,,2025-07-31T02:10:00+08:00,,,,,,
91.0,22.99328,120.20492,11.9,995.1,,0.0,1.0,1.0,3.5,4.0,41.0,1.0,1.0,1.0,467410,臺南,0.0,28.8,2025-07-31T02:00:00+08:00,2025-07-31T02:10:00+08:00,,0,11-15,陰,240.0,4.9
,23.006248,121.173241,,,,0.0,12.0,0.0,39.0,44.0,49.0,3.0,4.0,2.0,01S860,電光,,,,2025-07-31T02:10:00+08:00,,,,,,
96.0,22.204481,120.750989,,983.3,0.5,0.0,21.0,0.0,79.5,86.0,207.5,0.5,0.5,0.5,C0R800,丹路,,27.5,,2025-07-31T02:10:00+08:00,2025-07-31T02:00:00+08:00,,,,235.0,4.3
81.0,24.897536,121.792444,,889.8,0.0,0.0,0.0,0.0,0.0,0.0,19.5,0.0,0.0,0.0,C0U950,鶯子嶺,,22.6,,2025-07-31T02:10:00+08:00,2025-07-31T02:00:00+08:00,,,,350.0,1.2
90.0,23.3215,121.339656,,981.3,3.0,0.0,6.0,1.5,16.0,16.0,17.5,5.0,5.5,3.0,C0Z061,玉里,,24.3,,2025-07-31T02:10:00+08:00,2025-07-31T02:00:00+08:00,,,,130.0,1.0
90.0,22.467947,120.582894,,995.0,0.5,0.0,12.0,0.5,62.5,109.0,183.5,0.5,0.5,0.5,C0R550,新埤,,28.5,,2025-07-31T02:10:00+08:00,2025-07-31T02:00:00+08:00,,,,232.0,2.9
80.0,25.109508,121.469681,,995.7,0.0,0.0,0.0,0.0,0.0,0.0,64.0,0.0,0.0,0.0,C0A980,社子,,30.0,,2025-07-31T02:10:00+08:00,2025-07-31T02:00:00+08:00,,,,0.0,0.0
,23.360891,119.500614,,,,0.0,0.0,0.0,0.0,2.0,140.0,0.0,0.0,0.0,01W010,望安,,,,2025-07-31T02:10:00+08:00,,,,,,
,24.7798,121.497357,,,,0.0,0.0,0.0,0.0,0.0,5.0,0.0,0.0,0.0,01A430,福山(3),,,,2025-07-31T02:10:00+08:00,,,,,,
,22.383056,120.910278,,,,0.5,38.0,1.0,122.5,122.5,129.5,2.0,15.0,2.0,88S950,大鳥,,,,2025-07-31T02:10:00+08:00,,,,,,
,25.154997,121.503915,,,,0.0,0.0,0.0,0.0,0.0,78.0,0.0,0.0,0.0,A1A9T0,大屯國小,,,,2025-07-31T02:10:00+08:00,,,,,,
92.0,22.883208,120.327508,,994.1,3.0,0.0,3.5,3.0,4.0,4.5,84.5,3.0,3.0,3.0,C0V530,阿蓮,,28.5,,2025-07-31T02:10:00+08:00,2025-07-31T02:00:00+08:00,,,,240.0,2.9
,23.84869,120.935333,,,,0.5,119.0,6.0,305.0,305.0,353.5,36.0,53.5,33.0,81H920,德化國小,,,,2025-07-31T02:10:00+08:00,,,,,,
,24.609167,121.686944,,,,0.0,0.0,0.0,0.0,0.0,0.5,0.0,0.0,0.0,88U940,寒溪,,,,2025-07-31T02:10:00+08:00,,,,,,
,24.023289,121.411328,,,,0.0,6.5,3.0,17.5,17.5,28.0,6.0,6.5,6.0,C1T980,龍澗,,,,2025-07-31T02:10:00+08:00,,,,,,
,24.572486,120.734842,,,,0.0,1.5,0.0,2.0,2.0,6.0,1.5,1.5,1.5,C1E601,南勢,,,,2025-07-31T02:10:00+08:00,,,,,,
94.0,23.219681,120.497328,7.9,-99.0,,0.0,31.0,6.5,111.0,146.0,252.0,18.0,24.0,11.5,C2O810,曾文,-99.0,26.7,2025-07-31T02:00:00+08:00,2025-07-31T02:10:00+08:00,,-99,-99,陰有雷,190.0,2.2
,23.0805,120.692997,,,,2.5,141.5,12.0,361.5,372.5,549.5,26.5,62.5,25.0,F1V850,六龜,,,,2025-07-31T02:10:00+08:00,,,,,,
95.0,25.017842,121.942083,1.3,-99.0,,0.0,0.0,0.0,0.0,0.0,12.0,0.0,0.0,0.0,C2A880,福隆,-99.0,26.3,2025-07-31T02:00:00+08:00,2025-07-31T02:10:00+08:00,,-99,-99,晴,0.0,0.2
88.0,25.273672,121.6012,,979.7,0.0,0.0,0.0,0.0,0.0,0.0,7.5,0.0,0.0,0.0,C0AJ40,石門,,26.6,,2025-07-31T02:10:00+08:00,2025-07-31T02:00:00+08:00,,,,2.0,0.8
96.0,22.367722,120.590647,,997.0,0.0,0.0,8.0,0.0,50.0,57.0,144.5,0.0,0.0,0.0,C0R660,枋寮,,28.5,,2025-07-31T02:10:00+08:00,2025-07-31T02:00:00+08:00,,,,242.0,7.3
90.0,22.627422,120.298803,,995.6,0.0,0.0,6.0,0.0,10.0,10.0,95.0,0.0,0.0,0.0,C0V490,新興,,28.7,,2025-07-31T02:10:00+08:00,2025-07-31T02:00:00+08:00,,,,200.0,1.1
,24.115569,121.605006,,,,0.0,1.0,1.0,1.0,1.0,6.0,1.0,1.0,1.0,C1Z110,三棧,,,,2025-07-31T02:10:00+08:00,,,,,,
-99.0,24.213106,120.703933,,-99.0,22.0,0.0,53.5,15.5,87.0,87.0,89.5,23.5,53.5,22.0,C0F9O0,潭子,,-99.0,,2025-07-31T02:10:00+08:00,2025-07-31T02:00:00+08:00,,,,-99.0,-99.0
98.0,23.380564,119.494075,,990.9,0.0,0.0,0.0,0.0,0.0,2.0,108.0,0.0,0.0,0.0,C0W190,望安,,26.6,,2025-07-31T02:10:00+08:00,2025-07-31T02:00:00+08:00,,,,217.0,8.6
,25.126667,121.390556,,,,0.0,0.0,0.0,0.0,0.0,74.5,0.0,0.0,0.0,81AH60,長坑國小,,,,2025-07-31T02:10:00+08:00,,,,,,
79.0,24.241394,121.712472,,993.0,0.0,0.0,0.0,0.0,0.0,0.0,3.5,0.0,0.0,0.0,C0TA50,和仁,,28.2,,2025-07-31T02:10:00+08:00,2025-07-31T02:00:00+08:00,,,,334.0,2.4
90.0,23.946503,120.585597,,991.9,9.0,4.5,24.5,10.5,60.0,84.5,84.5,14.0,24.5,13.5,C0G650,員林,,26.0,,2025-07-31T02:10:00+08:00,2025-07-31T02:00:00+08:00,,,,145.0,0.8
85.0,24.783583,120.914989,,994.5,0.0,0.0,0.0,0.0,0.0,0.0,29.0,0.0,0.0,0.0,C0D680,香山濕地,,28.1,,2025-07-31T02:10:00+08:00,2025-07-31T02:00:00+08:00,,,,215.0,6.7
100.0,24.215281,120.62445,,978.8,15.0,4.0,26.5,14.5,50.0,50.0,66.0,22.5,26.0,19.0,C0F9X0,大雅,,23.4,,2025-07-31T02:10:00+08:00,2025-07-31T02:00:00+08:00,,,,186.0,3.6
,23.0325,120.6625,,,,0.0,197.5,3.5,401.5,413.5,543.0,91.0,142.5,70.5,81V840,新發國小,,,,2025-07-31T02:10:00+08:00,,,,,,
,22.770111,120.645222,,,,0.5,30.5,4.0,120.0,155.0,371.0,12.5,22.5,10.0,C1R110,口社,,,,2025-07-31T02:10:00+08:00,,,,,,
,23.986803,121.076117,,,,0.0,48.5,1.0,105.5,105.5,161.0,8.0,25.0,7.0,C1I330,楓樹林,,,,2025-07-31T02:10:00+08:00,,,,,,
,24.862306,121.551378,,,,0.0,0.0,0.0,0.0,0.0,15.0,0.0,0.0,0.0,01AD90,覽勝橋,,,,2025-07-31T02:10:00+08:00,,,,,,
,24.714905,121.358188,,,,0.0,0.0,0.0,0.0,0.0,6.0,0.0,0.0,0.0,21C080,高義,,,,2025-07-31T02:10:00+08:00,,,,,,
96.0,23.310694,120.316681,,994.2,3.0,0.0,3.0,0.0,8.5,9.5,71.5,3.0,3.0,3.0,C0X250,新營,,28.4,,2025-07-31T02:10:00+08:00,2025-07-31T02:00:00+08:00,,,,237.0,3.6
87.0,24.524506,120.820831,7.4,-99.0,,0.0,5.5,0.0,7.5,7.5,12.0,5.5,5.5,0.5,CAE040,國一S132K,-99.0,25.8,2025-07-31T02:00:00+08:00,2025-07-31T02:10:00+08:00,,-99,7-10,陰,210.0,2.6
,24.618333,121.285833,,,,0.0,0.0,0.0,0.0,0.0,0.5,0.0,0.0,0.0,81D770,秀巒國小,,,,2025-07-31T02:10:00+08:00,,,,,,
