humidity,lat,lon,peak_gust_speed,pressure,rain,rain_10min,rain_12hr,rain_1hr,rain_24hr,rain_2d,rain_3d,rain_3hr,rain_6hr,rain_now,stationId,stationName,sunshine_duration,temperature,timestamp_now,timestamp_rain,timestamp_weather,uv_index,visibility,weather,wind_dir,wind_speed
,24.907093,121.580097,,,,0.0,0.0,0.0,0.0,0.0,29.5,0.0,0.0,0.0,L1A790,翡翠,,,,2025-07-31T12:30:00+08:00,,,,,,
97.0,24.23105,120.90475,,892.4,185.5,0.0,185.5,2.0,193.0,263.0,360.5,29.0,122.5,185.5,C0FB10,出雲山苗圃,,19.2,,2025-07-31T12:30:00+08:00,2025-07-31T12:00:00+08:00,,,,167.0,2.4
-99.0,24.107155,120.554482,-99.0,-99.0,,0.0,122.0,0.0,134.5,199.0,202.5,1.0,41.5,-99.0,CAG050,國三N196K,-99.0,-99.0,2025-07-31T12:20:00+08:00,2025-07-31T12:30:00+08:00,,-99,-99,陰,-99.0,-99.0
,25.083096,121.52841,,,,0.0,0.0,0.0,0.0,0.0,59.5,0.0,0.0,0.0,A1AG50,劍潭山,,,,2025-07-31T12:30:00+08:00,,,,,,
81.0,23.368928,121.382931,,898.9,11.5,0.0,10.0,0.0,15.0,21.5,22.0,0.0,0.5,11.5,C0Z290,赤柯山,,25.3,,2025-07-31T12:30:00+08:00,2025-07-31T12:00:00+08:00,,,,323.0,1.0
99.0,23.340258,120.379661,2.2,-99.0,,0.0,22.5,0.0,22.5,34.5,102.5,7.0,18.0,22.5,A2N290,蘭花園區,-99.0,26.6,2025-07-31T12:20:00+08:00,2025-07-31T12:30:00+08:00,,-99,-99,陰有雷,120.0,1.7
100.0,23.14841,120.63325,,954.1,106.5,0.0,99.0,0.0,233.0,430.5,556.5,27.5,32.0,106.5,C0V820,小林,,24.3,,2025-07-31T12:30:00+08:00,2025-07-31T12:00:00+08:00,,,,3.0,0.3
90.0,22.648275,120.619247,5.7,-99.0,,0.0,38.0,0.5,79.5,212.5,310.0,5.5,19.0,38.0,C2R970,屏科大,-99.0,28.7,2025-07-31T12:20:00+08:00,2025-07-31T12:30:00+08:00,,-99,-99,陰,40.0,0.4
97.0,23.761225,120.688156,,982.5,122.0,0.5,110.5,7.5,247.0,360.0,360.0,23.5,26.0,122.5,C0I110,竹山,,24.7,,2025-07-31T12:30:00+08:00,2025-07-31T12:00:00+08:00,,,,155.0,0.6
84.0,23.596314,119.67275,,997.6,0.0,0.0,0.0,0.0,0.0,11.0,12.0,0.0,0.0,0.0,C0W200,湖西,,30.0,,2025-07-31T12:30:00+08:00,2025-07-31T12:00:00+08:00,,,,220.0,5.1
,25.113593,121.569411,,,,0.0,0.0,0.0,0.0,0.0,70.5,0.0,0.0,0.0,A1AB80,雙溪,,,,2025-07-31T12:30:00+08:00,,,,,,
74.0,22.567419,120.959667,,907.0,12.5,0.0,12.0,0.0,80.5,133.0,154.5,0.0,1.0,12.5,C0SA20,金崙山,,25.5,,2025-07-31T12:30:00+08:00,2025-07-31T12:00:00+08:00,,,,257.0,1.7
95.0,24.248517,120.903319,,896.5,188.5,0.5,189.5,3.0,199.5,262.5,345.0,32.5,131.5,189.5,C0F0C0,中坑,,20.2,,2025-07-31T12:30:00+08:00,2025-07-31T12:00:00+08:00,,,,179.0,0.8
93.0,23.657717,120.595144,4.4,-99.0,,3.0,40.5,4.0,113.0,187.0,188.5,28.5,28.5,37.5,C2K630,荷苞,-99.0,26.2,2025-07-31T12:20:00+08:00,2025-07-31T12:30:00+08:00,,-99,-99,陰有雨,100.0,1.6
100.0,23.478744,120.702264,6.0,-99.0,,6.0,119.0,20.5,348.5,630.0,692.0,33.5,37.5,125.0,C2M930,石卓,-99.0,19.0,2025-07-31T12:20:00+08:00,2025-07-31T12:30:00+08:00,,-99,-99,陰有雨,180.0,2.4
,25.147998,121.483915,,,,0.0,0.0,0.0,0.0,0.0,78.0,0.0,0.0,0.0,A1AG30,稻香里,,,,2025-07-31T12:30:00+08:00,,,,,,
,22.811862,120.398164,,,,0.0,16.0,0.0,17.0,29.0,100.0,7.0,8.0,16.0,01P390,金山,,,,2025-07-31T12:30:00+08:00,,,,,,
82.0,23.313644,121.459994,,993.3,9.5,0.0,8.5,0.0,11.5,12.0,12.0,0.0,0.5,9.5,C0SB80,長濱漁港,,27.9,,2025-07-31T12:30:00+08:00,2025-07-31T12:00:00+08:00,,,,70.0,1.9
93.0,22.332244,120.362236,,993.8,-99.0,0.0,8.0,0.0,8.0,29.5,217.0,0.0,8.0,8.0,C0R270,琉球嶼,,29.8,,2025-07-31T12:30:00+08:00,2025-07-31T12:00:00+08:00,,,,280.0,3.3
99.0,22.367722,120.590647,,999.8,30.5,0.0,30.5,0.0,40.0,87.5,175.0,13.5,19.5,30.5,C0R660,枋寮,,28.1,,2025-07-31T12:30:00+08:00,2025-07-31T12:00:00+08:00,,,,269.0,1.1
100.0,22.592333,120.614306,,996.3,26.0,0.0,26.0,0.0,51.5,209.5,300.0,4.0,14.0,26.0,C0R190,赤山,,28.0,,2025-07-31T12:30:00+08:00,2025-07-31T12:00:00+08:00,,,,32.0,1.1
,24.368617,120.940228,,,,0.0,68.5,18.5,70.5,112.0,164.5,31.5,64.0,68.5,C1E451,象鼻,,,,2025-07-31T12:30:00+08:00,,,,,,
,24.982222,121.690278,,,,0.0,0.0,0.0,0.0,0.0,36.0,0.0,0.0,0.0,81AJ30,華梵大學,,,,2025-07-31T12:30:00+08:00,,,,,,
,24.936401,121.710339,,,,0.0,0.0,0.0,0.0,0.0,22.0,0.0,0.0,0.0,01A450,坪林(4),,,,2025-07-31T12:30:00+08:00,,,,,,
92.0,21.987777,120.709119,,998.2,26.5,0.0,26.5,0.0,28.5,37.5,279.0,9.5,23.5,26.5,C0R890,山海,,27.8,,2025-07-31T12:30:00+08:00,2025-07-31T12:00:00+08:00,,,,262.0,9.3
91.0,23.253328,120.375253,,996.3,13.0,0.0,19.5,12.5,21.5,60.0,130.5,13.5,18.0,20.0,C0X320,柳營,,27.1,,2025-07-31T12:30:00+08:00,2025-07-31T12:00:00+08:00,,,,70.0,2.3
92.0,22.812222,120.314166,6.7,-99.0,,0.0,10.5,0.0,10.5,14.5,60.5,2.0,9.5,10.5,CAP020,國一S346K,-99.0,29.7,2025-07-31T12:20:00+08:00,2025-07-31T12:30:00+08:00,,-99,-99,陰,220.0,2.0
83.0,24.562947,120.7485,,994.0,-99.0,0.0,8.5,0.0,12.5,14.0,19.5,0.0,7.5,11.5,C0E810,西湖,,28.7,,2025-07-31T12:30:00+08:00,2025-07-31T12:00:00+08:00,,,,198.0,1.9
,23.890642,120.485117,,,,0.0,28.5,0.0,31.0,102.5,102.5,10.5,18.0,28.5,C1G9D0,國一S218K,,,,2025-07-31T12:30:00+08:00,,,,,,
-99.0,24.143186,121.284231,-99.0,-99.0,,,,,,,,,,-99.0,A0Z080,合歡山,-99.0,-99.0,2025-07-31T12:20:00+08:00,,,-99,-99,陰,-99.0,-99.0
100.0,21.966756,120.810269,,973.1,31.0,0.0,31.0,0.5,32.5,44.0,231.0,12.0,29.5,31.0,C0R690,墾丁,,25.2,,2025-07-31T12:30:00+08:00,2025-07-31T12:00:00+08:00,,,,242.0,1.6
79.0,24.302863,121.731144,,900.1,12.5,0.0,12.5,0.0,12.5,12.5,13.0,2.5,12.5,12.5,C0TA40,秀林,,24.2,,2025-07-31T12:30:00+08:00,2025-07-31T12:00:00+08:00,,,,190.0,0.8
78.0,23.455167,121.495028,,988.9,10.0,0.0,8.0,0.0,11.5,13.5,13.5,0.0,0.5,10.0,C0T9M0,靜浦,,28.9,,2025-07-31T12:30:00+08:00,2025-07-31T12:00:00+08:00,,,,114.0,0.5
,22.766264,121.024368,,,,0.0,36.0,0.0,125.0,191.0,201.0,0.0,12.0,39.0,01S560,南鵝,,,,2025-07-31T12:30:00+08:00,,,,,,
99.0,24.200172,120.815806,,941.9,286.0,0.5,279.5,1.0,313.5,393.0,603.0,38.5,141.5,286.5,C0F9V0,新社,,22.9,,2025-07-31T12:30:00+08:00,2025-07-31T12:00:00+08:00,,,,180.0,3.6
,22.419298,120.683098,,,,0.0,99.0,5.0,156.0,379.0,477.0,18.0,86.0,100.0,01R030,大漢山,,,,2025-07-31T12:30:00+08:00,,,,,,
97.0,23.74633,120.467926,7.5,-99.0,,0.0,19.0,0.5,20.0,57.5,64.0,4.0,5.5,19.0,CAJ020,國一N234K,-99.0,27.2,2025-07-31T12:20:00+08:00,2025-07-31T12:30:00+08:00,,-99,-99,陰,170.0,4.0
99.0,24.037803,120.855072,,967.8,297.0,0.0,292.0,7.0,398.5,552.5,617.0,26.0,126.5,297.0,C0I420,國姓,,23.0,,2025-07-31T12:30:00+08:00,2025-07-31T12:00:00+08:00,,,,84.0,1.0
,23.870853,121.508081,,,,0.0,10.5,0.0,10.5,16.0,17.0,0.0,1.0,10.5,C1Z120,壽豐,,,,2025-07-31T12:30:00+08:00,,,,,,
92.0,21.945583,120.802167,9.8,-99.0,,0.0,22.5,0.0,23.0,39.5,195.5,6.5,22.5,22.5,B2Q810,恆春畜試,-99.0,26.3,2025-07-31T12:20:00+08:00,2025-07-31T12:30:00+08:00,,-99,-99,陰,270.0,4.9
99.0,23.411322,120.308333,,997.3,1.5,1.0,3.0,1.5,4.5,10.5,43.5,3.0,3.0,3.0,C0M780,鹿草,,28.0,,2025-07-31T12:30:00+08:00,2025-07-31T12:00:00+08:00,,,,163.0,0.8
72.0,25.055192,121.925264,,995.0,0.0,0.0,0.0,0.0,0.0,0.0,1.5,0.0,0.0,0.0,C0AJ90,澳底,,31.7,,2025-07-31T12:30:00+08:00,2025-07-31T12:00:00+08:00,,,,111.0,2.0
95.0,22.997889,120.633583,,971.5,173.0,2.5,169.5,18.0,310.5,499.0,670.0,46.5,48.5,175.5,C0V800,六龜,,24.8,,2025-07-31T12:30:00+08:00,2025-07-31T12:00:00+08:00,,,,8.0,0.8
,24.279567,121.02549,,,,0.0,79.0,7.0,80.0,118.0,181.0,19.0,67.0,79.0,01F350,雪嶺,,,,2025-07-31T12:30:00+08:00,,,,,,
,25.039991,121.619405,,,,0.0,0.0,0.0,0.0,0.0,42.0,0.0,0.0,0.0,A1AA70,舊莊國小,,,,2025-07-31T12:30:00+08:00,,,,,,
80.0,24.941803,121.902956,,996.7,0.0,0.0,0.0,0.0,0.5,0.5,8.0,0.0,0.0,0.0,C0UA80,大溪漁港,,30.8,,2025-07-31T12:30:00+08:00,2025-07-31T12:00:00+08:00,,,,118.0,0.6
87.0,24.184536,120.528972,,997.7,116.0,0.0,116.0,0.0,117.5,145.0,146.5,6.5,17.5,116.0,C0F9R0,龍井,,27.8,,2025-07-31T12:30:00+08:00,2025-07-31T12:00:00+08:00,,,,185.0,2.3
100.0,22.454275,120.666219,,937.9,43.0,0.0,40.0,0.0,86.0,279.0,369.0,12.5,30.5,43.0,C0R820,白鷺,,24.2,,2025-07-31T12:30:00+08:00,2025-07-31T12:00:00+08:00,,,,303.0,1.0
,23.037536,121.301007,,,,0.0,5.0,0.0,16.0,36.0,37.0,0.0,3.0,6.0,01S870,北源,,,,2025-07-31T12:30:00+08:00,,,,,,
,24.4475,120.790278,,,,0.0,18.0,0.0,18.5,24.0,28.5,0.0,17.0,18.0,81E720,慈惠堂,,,,2025-07-31T12:30:00+08:00,,,,,,
,25.00865,121.638017,,,,0.0,0.0,0.0,0.0,0.0,40.0,0.0,0.0,0.0,C1A750,石碇服務區,,,,2025-07-31T12:30:00+08:00,,,,,,
98.0,24.388792,121.268675,,692.2,-99.0,1.5,29.5,2.5,29.5,33.5,38.0,9.0,25.5,29.5,C0F9Z0,雪山東峰,,10.6,,2025-07-31T12:30:00+08:00,2025-07-31T12:00:00+08:00,,,,226.0,2.6
,24.862306,121.551378,,,,0.0,0.0,0.0,0.0,0.0,15.0,0.0,0.0,0.0,01AD90,覽勝橋,,,,2025-07-31T12:30:00+08:00,,,,,,
88.0,23.880628,121.581981,,953.7,10.0,0.0,9.5,0.0,10.0,12.0,19.0,0.0,1.0,10.0,C0T9E0,大坑,,27.2,,2025-07-31T12:30:00+08:00,2025-07-31T12:00:00+08:00,,,,0.0,0.0
92.0,22.804194,120.355528,,993.1,15.5,0.0,15.5,0.0,15.5,24.5,94.5,1.0,6.0,15.5,C0V400,阿公店,,30.2,,2025-07-31T12:30:00+08:00,2025-07-31T12:00:00+08:00,,,,268.0,3.2
71.0,24.870678,120.977211,,983.7,0.0,0.0,0.0,0.0,0.0,0.0,32.5,0.0,0.0,0.0,C0D590,新豐,,30.1,,2025-07-31T12:30:00+08:00,2025-07-31T12:00:00+08:00,,,,217.0,3.2
,24.719092,121.283872,,,,0.0,0.0,0.0,0.0,0.0,30.0,0.0,0.0,0.0,C1D400,鳥嘴山,,,,2025-07-31T12:30:00+08:00,,,,,,
,23.010004,121.148008,,,,0.0,14.0,0.0,31.0,57.0,64.5,0.5,7.0,14.5,81S570,月眉國小,,,,2025-07-31T12:30:00+08:00,,,,,,
,23.972934,121.605986,,,,0.0,9.0,0.0,9.0,9.0,15.0,0.0,2.0,9.0,O1T840,花蓮,,,,2025-07-31T12:30:00+08:00,,,,,,
100.0,21.993578,120.861633,,999.7,32.0,0.0,32.0,0.0,35.5,47.0,210.5,11.0,30.0,32.0,C0R680,佳樂水,,26.8,,2025-07-31T12:30:00+08:00,2025-07-31T12:00:00+08:00,,,,263.0,4.4
,25.108056,121.814722,,,,0.0,0.0,0.0,0.0,0.0,0.0,0.0,0.0,0.0,NUP810,員山子,,,,2025-07-31T12:30:00+08:00,,,,,,
-99.0,24.347667,120.640403,-99.0,-99.0,,,,,,,,,,-99.0,C2F930,大甲,-99.0,-99.0,2025-07-31T12:20:00+08:00,,,-99,-99,陰,-99.0,-99.0
82.0,25.207031,121.690022,,990.8,0.0,0.0,0.0,0.0,0.0,0.0,4.5,0.0,0.0,0.0,C0AJ20,野柳,,30.7,,2025-07-31T12:30:00+08:00,2025-07-31T12:00:00+08:00,,,,92.0,3.8
87.0,22.660269,120.494027,3.2,-99.0,,0.0,20.5,0.0,30.5,69.5,156.0,2.0,5.0,20.5,C2R170,屏東,-99.0,29.0,2025-07-31T12:20:00+08:00,2025-07-31T12:30:00+08:00,,-99,-99,陰,250.0,0.8
87.0,22.507747,120.394511,,999.0,-99.0,0.0,9.0,0.0,12.5,60.0,124.5,0.5,9.0,9.0,C0V720,林園,,31.1,,2025-07-31T12:30:00+08:00,2025-07-31T12:00:00+08:00,,,,258.0,2.1
85.0,23.230347,120.182167,,997.1,0.0,0.0,0.0,0.0,0.0,0.5,8.0,0.0,0.0,0.0,C0X220,學甲,,29.6,,2025-07-31T12:30:00+08:00,2025-07-31T12:00:00+08:00,,,,236.0,1.7
98.0,24.312558,120.824361,,960.1,-99.0,117.0,151.0,117.0,171.5,223.0,281.0,117.0,117.0,151.5,C0E791,卓蘭,,23.5,,2025-07-31T12:30:00+08:00,2025-07-31T12:00:00+08:00,,,,149.0,1.8
,24.938878,121.355555,,,,0.0,0.0,0.0,0.0,0.0,41.0,0.0,0.0,0.0,01A220,三峽,,,,2025-07-31T12:30:00+08:00,,,,,,
98.0,24.00683,120.653214,16.5,-99.0,,0.0,120.5,4.5,261.0,327.0,327.0,9.5,36.0,131.5,CAH020,國三S217K,-99.0,25.5,2025-07-31T12:20:00+08:00,2025-07-31T12:30:00+08:00,,-99,-99,陰,170.0,5.0
-99.0,23.538372,120.702961,8.6,-99.0,,0.5,148.5,8.0,386.5,666.5,702.5,23.0,27.0,155.5,C2M950,太和,-99.0,19.6,2025-07-31T12:20:00+08:00,2025-07-31T12:30:00+08:00,,-99,-99,陰有雨,350.0,2.1
87.0,24.650688,121.475277,,874.0,0.0,0.0,0.0,0.0,0.0,0.0,0.5,0.0,0.0,0.0,C0UB60,明池,,25.2,,2025-07-31T12:30:00+08:00,2025-07-31T12:00:00+08:00,,,,-99.0,-99.0
98.0,22.204481,120.750989,,985.5,121.0,0.0,121.0,0.0,147.5,206.5,328.0,5.5,105.5,121.0,C0R800,丹路,,27.0,,2025-07-31T12:30:00+08:00,2025-07-31T12:00:00+08:00,,,,213.0,6.4
92.0,23.336427,120.138033,,997.8,1.5,0.0,1.5,0.0,1.5,3.0,3.5,1.5,1.5,1.5,C0M880,好美里,,29.0,,2025-07-31T12:30:00+08:00,2025-07-31T12:00:00+08:00,,,,229.0,5.4
70.0,25.263783,121.565258,5.8,-99.0,,0.0,0.0,0.0,0.0,0.0,12.0,0.0,0.0,0.0,C2A920,富貴角,-99.0,31.9,2025-07-31T12:20:00+08:00,2025-07-31T12:30:00+08:00,,-99,-99,陰,340.0,1.3
100.0,22.168389,120.841225,,941.3,91.0,0.5,85.0,0.5,154.0,243.0,346.0,5.0,70.0,91.5,C0R840,牡丹池山,,23.9,,2025-07-31T12:30:00+08:00,2025-07-31T12:00:00+08:00,,,,276.0,6.8
75.0,24.527819,121.519031,,852.2,3.0,0.0,3.0,0.0,3.0,3.0,3.0,0.0,3.0,3.0,C0UA30,白嶺,,23.8,,2025-07-31T12:30:00+08:00,2025-07-31T12:00:00+08:00,,,,108.0,0.6
,23.591131,120.888861,,,,3.0,85.5,4.0,142.5,212.5,232.5,9.0,9.0,87.5,C1I070,和社,,,,2025-07-31T12:30:00+08:00,,,,,,
82.0,24.735922,121.81625,,996.0,0.0,0.0,0.0,0.0,0.0,0.0,0.5,0.0,0.0,0.0,C0UB20,壯圍,,30.1,,2025-07-31T12:30:00+08:00,2025-07-31T12:00:00+08:00,,,,117.0,2.8
-99.0,24.192719,121.001366,,-99.0,-99.0,,,,,,,,,,C0FB30,八仙山苗圃,,-99.0,,,2025-07-31T12:00:00+08:00,,,,-99.0,-99.0
76.0,24.76056,120.9911,8.1,-99.0,,0.0,0.0,0.0,0.0,0.0,15.0,0.0,0.0,0.0,CAD060,國一S098K,-99.0,30.6,2025-07-31T12:20:00+08:00,2025-07-31T12:30:00+08:00,,-99,-99,陰,230.0,2.9
,24.023289,121.411328,,,,0.0,18.5,0.0,19.5,30.5,41.0,1.0,5.0,19.0,C1T980,龍澗,,,,2025-07-31T12:30:00+08:00,,,,,,
,22.876332,120.327203,,,,0.0,19.0,1.0,19.0,24.0,122.0,3.0,3.0,19.0,01P500,阿蓮(2),,,,2025-07-31T12:30:00+08:00,,,,,,
,23.814841,121.403464,,,,0.0,8.0,0.0,10.0,18.0,19.0,0.0,0.0,10.0,01T670,新東礦,,,,2025-07-31T12:30:00+08:00,,,,,,
,24.767971,121.35156,,,,0.0,0.0,0.0,0.0,0.0,11.0,0.0,0.0,0.0,81C710,高坡國小,,,,2025-07-31T12:30:00+08:00,,,,,,
79.0,23.589978,120.180394,8.9,-99.0,,0.0,0.0,0.0,1.5,3.5,4.5,0.0,0.0,0.0,12J990,口湖工作站,-99.0,29.3,2025-07-31T12:20:00+08:00,2025-07-31T12:30:00+08:00,,-99,-99,陰,230.0,4.3
,24.644447,121.090961,,,,0.0,0.0,0.0,0.0,0.0,27.5,0.0,0.0,0.0,C1D640,外坪五指,,,,2025-07-31T12:30:00+08:00,,,,,,
97.0,24.154094,121.164517,2.7,-99.0,,0.0,51.5,0.5,105.0,142.5,429.5,14.0,39.0,53.5,C2H9M0,發祥,-99.0,19.5,2025-07-31T12:20:00+08:00,2025-07-31T12:30:00+08:00,,-99,-99,陰,340.0,0.6
,24.461667,120.863889,,,,0.0,19.5,0.5,20.5,35.0,57.0,1.0,11.0,19.5,81E710,開礦國小,,,,2025-07-31T12:30:00+08:00,,,,,,
,25.061696,121.511708,,,,0.0,0.0,0.0,0.0,0.0,54.0,0.0,0.0,0.0,A1A9X0,太平國小,,,,2025-07-31T12:30:00+08:00,,,,,,
86.0,24.6905,121.017189,,987.5,0.0,0.0,0.0,0.0,0.0,0.0,7.0,0.0,0.0,0.0,C0D430,峨眉,,28.7,,2025-07-31T12:30:00+08:00,2025-07-31T12:00:00+08:00,,,,0.0,0.0
,23.714206,121.373133,,,,0.0,7.5,0.0,8.5,18.0,18.5,0.0,0.0,8.0,C1T940,大觀,,,,2025-07-31T12:30:00+08:00,,,,,,
,23.53,120.74,,,,1.0,151.5,11.0,406.5,687.5,727.5,22.5,25.0,152.0,81M800,來吉國小,,,,2025-07-31T12:30:00+08:00,,,,,,
89.0,24.437042,120.778219,5.7,-99.0,,0.0,31.5,0.0,37.0,67.0,70.0,0.5,17.5,34.5,CAE560,國一S144K,-99.0,24.7,2025-07-31T12:20:00+08:00,2025-07-31T12:30:00+08:00,,-99,7-10,陰,170.0,1.7
97.0,23.881325,120.90805,2.4,-99.0,,1.5,157.5,3.0,250.0,477.5,500.0,7.0,8.0,162.0,467650,日月潭,0.0,20.7,2025-07-31T12:20:00+08:00,2025-07-31T12:30:00+08:00,,2,3-6,陰有雨,170.0,1.7
75.0,24.938183,121.70975,,965.7,0.0,0.0,0.0,0.0,0.0,0.0,28.5,0.0,0.0,0.0,C0A530,坪林,,34.2,,2025-07-31T12:30:00+08:00,2025-07-31T12:00:00+08:00,,,,0.0,0.2
74.0,23.995322,121.638331,,996.4,6.0,0.0,6.0,0.0,6.0,6.0,8.5,0.0,1.5,6.0,C0TA10,花蓮漁港,,28.0,,2025-07-31T12:30:00+08:00,2025-07-31T12:00:00+08:00,,,,200.0,3.0
,22.854222,120.5454,,,,0.0,67.0,11.5,78.5,143.5,331.5,19.0,19.0,67.0,C1V570,吉東,,,,2025-07-31T12:30:00+08:00,,,,,,
61.0,24.912375,121.143047,,979.2,0.0,0.0,0.0,0.0,0.0,0.0,39.0,0.0,0.0,0.0,C0C660,楊梅,,31.9,,2025-07-31T12:30:00+08:00,2025-07-31T12:00:00+08:00,,,,214.0,2.3
69.0,24.583486,120.885411,,990.4,-99.0,0.0,2.5,0.0,8.5,8.5,10.5,0.0,2.5,5.0,C0E550,明德,,29.6,,2025-07-31T12:30:00+08:00,2025-07-31T12:00:00+08:00,,,,268.0,2.1
,23.728722,120.712097,,,,0.0,89.0,13.5,276.0,372.5,372.5,31.0,32.5,103.5,C1I201,中心崙,,,,2025-07-31T12:30:00+08:00,,,,,,
96.0,23.946503,120.585597,,995.5,53.5,0.0,53.5,8.0,65.0,124.5,124.5,10.0,25.0,53.5,C0G650,員林,,26.4,,2025-07-31T12:30:00+08:00,2025-07-31T12:00:00+08:00,,,,153.0,2.4
,22.763272,120.704442,,,,3.5,124.5,12.5,248.5,397.5,547.5,22.5,73.0,135.5,C1R120,上德文,,,,2025-07-31T12:30:00+08:00,,,,,,
63.0,24.96,121.4306,3.2,-99.0,,0.0,0.0,0.0,0.0,0.0,56.0,0.0,0.0,0.0,CAA060,國三S042K,-99.0,34.2,2025-07-31T12:20:00+08:00,2025-07-31T12:30:00+08:00,,-99,7-10,陰,260.0,2.2
91.0,23.187875,120.0889,,997.9,0.0,0.0,0.0,0.0,0.0,0.0,0.5,0.0,0.0,0.0,C0N010,鯤鯓國小,,28.9,,2025-07-31T12:30:00+08:00,2025-07-31T12:00:00+08:00,,,,202.0,5.3
86.0,24.971197,121.823711,,953.7,0.5,0.0,2.5,2.5,2.5,2.5,20.5,2.5,2.5,2.5,C0A550,泰平,,29.3,,2025-07-31T12:30:00+08:00,2025-07-31T12:00:00+08:00,,,,0.0,0.0
84.0,22.614594,120.26468,5.8,-99.0,,0.0,4.0,0.0,11.0,12.5,86.5,0.0,0.0,4.0,CAP070,高雄燈塔,-99.0,31.5,2025-07-31T12:20:00+08:00,2025-07-31T12:30:00+08:00,,-99,-99,陰,260.0,1.8
,23.483056,121.511389,,,,0.0,8.0,0.0,9.5,13.0,13.0,0.0,0.5,9.5,81T880,石梯坪,,,,2025-07-31T12:30:00+08:00,,,,,,
93.0,22.810031,121.109308,,953.6,38.0,0.0,36.5,0.0,77.0,122.0,128.0,0.0,7.5,38.0,C0SA10,檳榔四格山,,25.8,,2025-07-31T12:30:00+08:00,2025-07-31T12:00:00+08:00,,,,44.0,2.3
,23.265355,120.445893,,,,0.0,18.0,11.0,22.0,94.0,181.0,13.0,16.0,19.0,01O190,東原,,,,2025-07-31T12:30:00+08:00,,,,,,
,24.985827,121.887489,,,,0.0,0.0,0.0,0.0,0.0,5.0,0.0,0.0,0.0,O1AH30,吉林國小,,,,2025-07-31T12:30:00+08:00,,,,,,
68.0,24.675286,121.587061,,950.5,0.0,0.0,0.0,0.0,0.0,0.0,0.5,0.0,0.0,0.0,C0U650,玉蘭,,29.4,,2025-07-31T12:30:00+08:00,2025-07-31T12:00:00+08:00,,,,0.0,0.1
82.0,24.590269,121.412228,,823.9,0.0,0.0,0.0,0.0,0.0,0.0,0.5,0.0,0.0,0.0,C0UA10,鴛鴦湖,,22.6,,2025-07-31T12:30:00+08:00,2025-07-31T12:00:00+08:00,,,,0.0,0.0
63.0,25.129142,121.577086,,950.5,0.0,0.0,0.0,0.0,0.0,0.0,68.5,0.0,0.0,0.0,C0AH40,平等,,30.6,,2025-07-31T12:30:00+08:00,2025-07-31T12:00:00+08:00,,,,319.0,1.4
69.0,24.448431,118.451786,6.0,-99.0,,0.0,0.0,0.0,0.0,0.0,0.0,0.0,0.0,0.0,C2W030,金門(東),-99.0,33.0,2025-07-31T12:20:00+08:00,2025-07-31T12:30:00+08:00,,-99,-99,多雲,220.0,3.7
,23.173338,120.595163,,,,0.0,142.0,0.0,257.0,488.0,634.0,40.0,72.0,150.0,01O760,關山,,,,2025-07-31T12:30:00+08:00,,,,,,
100.0,24.015678,120.6213,,987.9,117.5,0.5,117.5,2.0,243.5,338.5,338.5,4.5,36.0,118.0,C0G620,芬園,,25.3,,2025-07-31T12:30:00+08:00,2025-07-31T12:00:00+08:00,,,,140.0,0.8
96.0,24.2049,120.6552,4.3,-99.0,,0.0,208.0,0.5,227.5,254.0,261.5,27.0,96.5,210.5,CAF010,國一N174K,-99.0,25.5,2025-07-31T12:20:00+08:00,2025-07-31T12:30:00+08:00,,-99,21-30,陰,170.0,2.1
90.0,24.173142,120.722289,,983.9,311.0,0.0,298.0,1.5,376.5,450.0,474.0,27.0,142.0,311.0,C0F970,大坑,,26.2,,2025-07-31T12:30:00+08:00,2025-07-31T12:00:00+08:00,,,,113.0,1.1
87.0,22.463447,120.533892,,1000.4,23.0,0.0,23.0,0.0,30.5,110.5,188.0,13.5,20.5,23.0,C0R850,林邊,,30.0,,2025-07-31T12:30:00+08:00,2025-07-31T12:00:00+08:00,,,,256.0,1.9
99.0,24.226944,121.308522,0.0,-99.0,,1.0,36.5,4.0,58.0,0.0,-99.0,14.5,24.0,37.0,E2HA20,畢祿溪站,-99.0,15.0,2025-07-31T12:20:00+08:00,2025-07-31T12:30:00+08:00,,-99,-99,陰有雨,0.0,0.0
88.0,22.907694,121.130139,5.4,-99.0,,0.0,18.0,0.0,42.5,85.0,92.0,0.0,8.0,18.5,82S580,臺東茶改,-99.0,27.0,2025-07-31T12:20:00+08:00,2025-07-31T12:30:00+08:00,,-99,-99,陰,20.0,0.8
,25.048418,121.773797,,,,0.0,0.0,0.0,0.0,0.0,13.0,0.0,0.0,0.0,NUP460,平溪旅遊,,,,2025-07-31T12:30:00+08:00,,,,,,
,24.575833,121.844167,,,,0.0,0.0,0.0,0.0,0.0,0.0,0.0,0.0,0.0,81U910,永樂國小,,,,2025-07-31T12:30:00+08:00,,,,,,
60.0,25.07639,121.4964,7.5,-99.0,,0.0,0.0,0.0,0.0,0.0,55.0,0.0,0.0,0.0,CAA020,國一S026K,-99.0,34.4,2025-07-31T12:20:00+08:00,2025-07-31T12:30:00+08:00,,-99,7-10,陰,270.0,2.7
,22.667011,120.590911,,,,0.0,36.5,0.5,62.5,140.5,208.0,3.5,17.0,37.0,C1R630,龍泉,,,,2025-07-31T12:30:00+08:00,,,,,,
,22.753496,121.158652,,,,0.0,8.0,0.0,40.0,73.0,76.0,0.0,4.0,8.0,01S610,台東(7),,,,2025-07-31T12:30:00+08:00,,,,,,
100.0,23.568632,120.624165,7.4,-99.0,,0.0,64.0,4.5,185.5,433.0,450.0,26.5,29.5,64.0,C2M970,碧湖,-99.0,21.9,2025-07-31T12:20:00+08:00,2025-07-31T12:30:00+08:00,,-99,-99,陰有雨,190.0,2.5
86.0,23.021375,120.347878,,992.3,-99.0,0.0,4.5,0.0,6.5,26.0,79.0,0.0,3.0,4.5,C0O970,虎頭埤,,28.7,,2025-07-31T12:30:00+08:00,2025-07-31T12:00:00+08:00,,,,215.0,1.2
,23.25163,120.57636,,,,1.0,88.5,4.5,175.5,361.0,435.5,42.5,51.5,104.0,C1M400,菜瓜坪,,,,2025-07-31T12:30:00+08:00,,,,,,
86.0,24.312297,120.562242,,996.0,98.5,0.0,96.0,0.0,100.0,140.5,141.0,0.0,9.5,98.5,C0F9P0,清水,,27.7,,2025-07-31T12:30:00+08:00,2025-07-31T12:00:00+08:00,,,,179.0,3.8
77.0,22.5434,120.461558,,1000.0,1.5,0.0,1.5,0.0,9.0,90.0,157.0,0.0,1.5,1.5,C0R560,新園,,30.4,,2025-07-31T12:30:00+08:00,2025-07-31T12:00:00+08:00,,,,240.0,4.8
,23.169246,121.041436,,,,0.0,38.0,1.0,78.0,110.0,122.0,1.0,1.0,40.0,01S430,霧鹿,,,,2025-07-31T12:30:00+08:00,,,,,,
,23.820778,120.642594,,,,1.5,111.5,14.0,165.5,247.5,247.5,28.5,37.5,113.5,C1I280,埔中,,,,2025-07-31T12:30:00+08:00,,,,,,
,22.888322,120.645986,,,,3.5,67.0,7.5,128.5,315.5,508.5,18.5,20.5,75.0,C1V340,大津,,,,2025-07-31T12:30:00+08:00,,,,,,
80.0,24.423753,118.240186,,993.0,0.0,0.0,0.0,0.0,2.0,2.0,3.0,0.0,0.0,0.0,C0W240,九宮,,30.6,,2025-07-31T12:30:00+08:00,2025-07-31T12:00:00+08:00,,,,195.0,2.8
94.0,23.873803,120.581286,9.9,995.4,,0.0,76.5,4.5,96.0,159.0,159.0,7.5,11.0,76.5,467270,田中,0.0,25.9,2025-07-31T12:20:00+08:00,2025-07-31T12:30:00+08:00,,1,>30,陰,130.0,3.0
95.0,23.0395,121.175017,,975.1,10.5,0.0,10.5,0.0,29.5,54.5,59.0,0.0,4.5,10.5,C0S890,關山,,26.7,,2025-07-31T12:30:00+08:00,2025-07-31T12:00:00+08:00,,,,15.0,0.8
99.0,23.837053,120.701447,,980.7,97.0,0.5,84.0,8.0,183.5,279.5,279.5,17.0,18.0,99.0,C0I410,名間,,23.9,,2025-07-31T12:30:00+08:00,2025-07-31T12:00:00+08:00,,,,156.0,1.4
94.0,23.895703,120.94135,,929.3,121.5,1.0,116.5,2.5,189.5,363.5,390.0,4.5,7.0,124.0,C0I370,魚池,,22.7,,2025-07-31T12:30:00+08:00,2025-07-31T12:00:00+08:00,,,,299.0,0.8
94.0,23.419719,120.388894,,996.2,2.0,0.5,2.5,1.0,5.5,40.5,127.5,2.0,2.0,2.5,C0M690,水上,,26.7,,2025-07-31T12:30:00+08:00,2025-07-31T12:00:00+08:00,,,,257.0,2.0
,23.345833,121.303333,,,,0.0,0.5,0.0,0.5,7.0,8.0,0.0,0.0,0.5,81T900,卓溪國小,,,,2025-07-31T12:30:00+08:00,,,,,,
99.0,23.689694,120.851036,,945.7,109.5,4.5,113.0,17.0,188.0,294.5,316.5,18.0,18.0,119.5,C0I080,信義,,23.1,,2025-07-31T12:30:00+08:00,2025-07-31T12:00:00+08:00,,,,0.0,0.0
93.0,23.963211,121.088264,2.5,-99.0,,0.0,63.0,7.0,93.5,118.5,429.5,7.0,22.0,63.5,C2H9P0,伊拿谷,-99.0,22.5,2025-07-31T12:20:00+08:00,2025-07-31T12:30:00+08:00,,-99,-99,陰,40.0,0.8
67.0,25.14583,121.7217,4.7,-99.0,,0.0,0.0,0.0,0.0,0.0,17.0,0.0,0.0,0.0,CAB050,國三N002K,-99.0,34.2,2025-07-31T12:20:00+08:00,2025-07-31T12:30:00+08:00,,-99,-99,陰,360.0,0.8
,23.278428,121.271983,,,,0.0,9.0,0.0,17.0,29.0,32.0,0.0,1.0,9.0,O1T810,卓清國小,,,,2025-07-31T12:30:00+08:00,,,,,,
83.0,24.521958,121.833175,,996.4,0.5,0.0,0.5,0.0,0.5,0.5,1.0,0.0,0.5,0.5,C0U760,東澳,,30.7,,2025-07-31T12:30:00+08:00,2025-07-31T12:00:00+08:00,,,,0.0,0.0
,24.7975,121.334444,,,,0.0,0.0,0.0,0.0,0.0,23.5,0.0,0.0,0.0,81C780,奎輝國小,,,,2025-07-31T12:30:00+08:00,,,,,,
95.0,24.213106,120.703933,,978.4,269.0,0.0,265.0,0.5,301.0,334.5,337.0,46.5,132.0,269.5,C0F9O0,潭子,,24.7,,2025-07-31T12:30:00+08:00,2025-07-31T12:00:00+08:00,,,,145.0,1.6
,25.037192,121.585606,,,,0.0,0.0,0.0,0.0,0.0,46.5,0.0,0.0,0.0,A1AA60,留公國中,,,,2025-07-31T12:30:00+08:00,,,,,,
92.0,22.392861,120.55478,,1000.3,14.0,0.0,14.0,0.0,26.5,94.0,177.5,0.5,14.0,14.0,C0R910,下寮,,28.9,,2025-07-31T12:30:00+08:00,2025-07-31T12:00:00+08:00,,,,240.0,1.4
88.0,22.142069,120.894356,,987.5,45.0,0.0,44.5,0.0,69.5,98.0,173.5,9.0,39.0,45.0,C0R790,九棚,,27.0,,2025-07-31T12:30:00+08:00,2025-07-31T12:00:00+08:00,,,,238.0,4.0
67.0,24.686306,121.716583,2.8,-99.0,,0.0,0.0,0.0,0.0,0.0,1.5,0.0,0.0,0.0,72U480,蘭陽分場,-99.0,32.3,2025-07-31T12:20:00+08:00,2025-07-31T12:30:00+08:00,,-99,-99,陰,90.0,1.8
96.0,24.405478,120.749819,8.4,-99.0,,0.0,40.0,0.0,55.0,85.5,89.5,2.0,18.0,47.0,C2E880,三義,-99.0,22.8,2025-07-31T12:20:00+08:00,2025-07-31T12:30:00+08:00,,-99,-99,陰,150.0,4.5
87.0,22.730306,120.346639,,999.3,15.0,0.0,15.0,0.0,15.0,17.5,106.5,6.5,6.5,15.0,C0V770,大社,,30.5,,2025-07-31T12:30:00+08:00,2025-07-31T12:00:00+08:00,,,,243.0,2.2
,23.107777,120.738611,,,,1.5,188.5,22.0,532.5,841.0,924.0,49.0,51.0,189.5,81V930,竹林,,,,2025-07-31T12:30:00+08:00,,,,,,
,24.798205,121.358193,,,,0.0,0.0,0.0,0.0,0.0,14.0,0.0,0.0,0.0,21C140,霞雲,,,,2025-07-31T12:30:00+08:00,,,,,,
-99.0,24.273503,120.947617,-99.0,-99.0,,,,,,,,,,-99.0,C2FA00,烏石坑,-99.0,-99.0,2025-07-31T12:20:00+08:00,,,-99,-99,陰,-99.0,-99.0
74.0,24.797294,121.190033,7.5,-99.0,,0.0,0.0,0.0,0.0,0.0,23.5,0.0,0.0,0.0,CAD710,國三N077K,-99.0,29.8,2025-07-31T12:20:00+08:00,2025-07-31T12:30:00+08:00,,-99,7-10,陰,270.0,3.0
84.0,22.453108,120.887572,,982.9,17.5,0.0,17.0,0.0,146.0,285.5,330.0,2.5,9.0,17.5,C0SA80,土阪,,28.1,,2025-07-31T12:30:00+08:00,2025-07-31T12:00:00+08:00,,,,274.0,1.1
88.0,24.345061,120.588025,,995.5,64.0,0.0,63.0,0.0,68.0,108.0,109.0,0.5,8.5,64.0,C0F9K0,大安,,27.1,,2025-07-31T12:30:00+08:00,2025-07-31T12:00:00+08:00,,,,167.0,3.3
55.0,24.944503,121.386972,5.0,-99.0,,0.0,0.0,0.0,0.0,0.0,48.0,0.0,0.0,0.0,72AI40,桃改臺北,-99.0,34.1,2025-07-31T12:20:00+08:00,2025-07-31T12:30:00+08:00,,-99,-99,陰,260.0,1.7
,23.274033,120.911764,,,,3.5,151.5,15.0,288.0,439.0,477.5,21.5,41.0,161.5,C1V190,南天池,,,,2025-07-31T12:30:00+08:00,,,,,,
90.0,23.502278,120.171861,7.0,-99.0,,0.0,0.5,0.0,0.5,0.5,15.5,0.5,0.5,0.5,CAL090,西濱S257K,-99.0,28.7,2025-07-31T12:20:00+08:00,2025-07-31T12:30:00+08:00,,-99,11-15,陰,240.0,2.4
100.0,24.131764,121.295717,,698.6,46.0,0.5,45.5,1.0,62.0,92.0,143.5,12.5,29.0,46.5,C0I530,小奇萊,,10.7,,2025-07-31T12:30:00+08:00,2025-07-31T12:00:00+08:00,,,,-99.0,-99.0
-99.0,23.86045,120.557964,-99.0,-99.0,,,,,,,,,,-99.0,C2G9A0,畜試所彰化,-99.0,-99.0,2025-07-31T12:20:00+08:00,,,-99,-99,陰,-99.0,-99.0
99.0,22.076075,120.836794,,973.5,53.5,0.0,54.0,0.5,72.5,94.0,252.5,25.0,50.0,54.0,C0R280,檳榔,,24.4,,2025-07-31T12:30:00+08:00,2025-07-31T12:00:00+08:00,,,,279.0,2.1
52.0,25.037658,121.514853,4.7,994.2,,0.0,0.0,0.0,0.0,0.0,53.5,0.0,0.0,0.0,466920,臺北,1.7,35.3,2025-07-31T12:20:00+08:00,2025-07-31T12:30:00+08:00,,10,>30,陰,310.0,2.7
98.0,23.928228,121.091411,,834.8,56.0,0.0,56.0,0.0,78.0,111.5,138.0,1.5,18.5,56.0,C0I490,萬大林道,,18.0,,2025-07-31T12:30:00+08:00,2025-07-31T12:00:00+08:00,,,,74.0,0.4
58.0,25.00235,121.575728,,991.4,0.0,0.0,0.0,0.0,0.0,0.0,42.5,0.0,0.0,0.0,C0AC80,文山,,35.6,,2025-07-31T12:30:00+08:00,2025-07-31T12:00:00+08:00,,,,108.0,0.7
,24.356087,120.729316,,,,0.0,92.5,0.0,106.5,134.0,137.0,12.5,30.5,101.0,81E880,火炎山,,,,2025-07-31T12:30:00+08:00,,,,,,
,24.935556,121.886944,,,,0.0,0.0,0.0,2.0,2.0,13.5,0.0,0.0,0.0,81U900,大溪國小,,,,2025-07-31T12:30:00+08:00,,,,,,
70.0,25.240002,121.448102,,996.1,0.0,0.0,0.0,0.0,0.0,0.0,24.0,0.0,0.0,0.0,C0AJ60,六塊厝,,32.1,,2025-07-31T12:30:00+08:00,2025-07-31T12:00:00+08:00,,,,232.0,4.8
64.0,24.688247,120.912206,,994.6,0.0,0.0,0.0,0.0,0.0,0.0,9.0,0.0,0.0,0.0,C0E730,頭份,,31.2,,2025-07-31T12:30:00+08:00,2025-07-31T12:00:00+08:00,,,,218.0,1.6
83.0,23.106694,120.327528,7.5,-99.0,,4.5,9.0,4.5,12.0,31.5,55.5,4.5,4.5,4.5,CAN090,國三S342K,-99.0,29.3,2025-07-31T12:20:00+08:00,2025-07-31T12:30:00+08:00,,-99,7-10,陰有靄,230.0,4.3
,23.217557,121.32297,,,,0.0,8.0,0.0,20.0,33.0,36.0,0.0,1.0,9.0,01T9J0,六十石山,,,,2025-07-31T12:30:00+08:00,,,,,,
,23.701086,120.311047,,,,0.0,2.0,0.0,4.0,36.0,64.0,0.0,0.0,2.0,01K060,褒忠(2),,,,2025-07-31T12:30:00+08:00,,,,,,
94.0,22.520969,120.89185,,947.8,21.0,0.0,21.0,0.0,193.0,268.0,305.0,0.0,2.0,21.0,C0SA00,歷坵,,25.1,,2025-07-31T12:30:00+08:00,2025-07-31T12:00:00+08:00,,,,0.0,0.2
,24.158325,120.886933,,,,0.0,181.0,2.0,212.5,316.0,419.5,16.0,76.0,187.0,C1F9D1,白毛台,,,,2025-07-31T12:30:00+08:00,,,,,,
90.0,23.57543,120.14121,11.5,-99.0,,0.0,0.0,0.0,0.0,0.0,0.5,0.0,0.0,0.0,CAJ050,海口故事園區,-99.0,29.2,2025-07-31T12:20:00+08:00,2025-07-31T12:30:00+08:00,,-99,-99,陰,230.0,7.0
78.0,23.797131,121.542514,,970.8,10.0,0.0,9.0,0.0,10.0,15.5,20.0,0.0,0.0,10.0,C0T9F0,水璉,,29.6,,2025-07-31T12:30:00+08:00,2025-07-31T12:00:00+08:00,,,,0.0,0.0
97.0,23.973672,120.68085,,987.3,131.5,0.0,134.5,16.0,236.0,319.0,319.0,21.5,36.5,135.0,C0H960,草屯,,25.3,,2025-07-31T12:30:00+08:00,2025-07-31T12:00:00+08:00,,,,173.0,2.4
90.0,23.010394,120.194228,,997.5,0.0,0.0,0.0,0.0,0.0,5.5,37.0,0.0,0.0,0.0,C0X100,臺南市北區,,29.6,,2025-07-31T12:30:00+08:00,2025-07-31T12:00:00+08:00,,,,238.0,2.3
,25.092496,121.51671,,,,0.0,0.0,0.0,0.0,0.0,64.5,0.0,0.0,0.0,A1A9W0,陽明高中,,,,2025-07-31T12:30:00+08:00,,,,,,
,25.133486,121.469331,,,,0.0,0.0,0.0,0.0,0.0,86.0,0.0,0.0,0.0,C1AC50,關渡,,,,2025-07-31T12:30:00+08:00,,,,,,
67.0,25.09694,121.6678,3.2,-99.0,,0.0,0.0,0.0,0.0,0.0,34.0,0.0,0.0,0.0,CAB040,國三S007K,-99.0,34.2,2025-07-31T12:20:00+08:00,2025-07-31T12:30:00+08:00,,-99,7-10,陰,260.0,1.7
,23.105439,120.682922,,,,2.0,204.0,20.5,482.5,769.0,880.5,63.0,64.0,206.5,81V820,建山國小,,,,2025-07-31T12:30:00+08:00,,,,,,
-99.0,24.951533,121.346294,,-99.0,-99.0,0.0,0.0,0.0,0.0,0.0,52.0,0.0,0.0,0.0,C0AD50,鶯歌,,-99.0,,2025-07-31T12:30:00+08:00,2025-07-31T12:00:00+08:00,,,,-99.0,-99.0
99.0,23.761192,120.502372,,994.1,26.5,0.0,26.5,1.0,28.0,64.5,72.5,7.0,9.5,26.5,C0K480,莿桐,,25.7,,2025-07-31T12:30:00+08:00,2025-07-31T12:00:00+08:00,,,,149.0,1.5
,24.383194,121.778556,,,,0.0,7.5,0.0,7.5,7.5,7.5,3.0,7.5,7.5,C1U850,觀音海岸,,,,2025-07-31T12:30:00+08:00,,,,,,
86.0,24.864781,121.773961,,936.5,-99.0,0.0,0.0,0.0,0.0,0.0,23.0,0.0,0.0,0.0,C0U980,坪林石牌,,28.8,,2025-07-31T12:30:00+08:00,2025-07-31T12:00:00+08:00,,,,145.0,1.7
88.0,23.360694,120.279361,5.7,-99.0,,,,,,,,,,-99.0,72M360,義竹分場,-99.0,29.4,2025-07-31T12:20:00+08:00,,,-99,-99,陰有雷,230.0,4.0
96.0,23.748675,120.609642,,989.6,95.0,1.0,94.0,2.0,138.0,212.5,213.0,31.0,35.0,96.5,C0K470,林內,,24.8,,2025-07-31T12:30:00+08:00,2025-07-31T12:00:00+08:00,,,,122.0,3.6
,24.171842,121.571269,,,,0.0,19.5,0.5,19.5,19.5,24.0,2.5,14.0,19.5,C1T830,布洛灣,,,,2025-07-31T12:30:00+08:00,,,,,,
91.0,23.069131,121.126219,,831.6,26.0,0.5,27.0,2.0,53.5,86.5,92.0,2.0,4.5,27.5,C0S760,紅石,,19.2,,2025-07-31T12:30:00+08:00,2025-07-31T12:00:00+08:00,,,,303.0,0.9
99.0,24.29515,121.03651,,712.6,80.5,0.5,82.5,8.5,84.0,112.5,158.5,20.5,74.5,82.5,C0FA90,小雪山林道,,12.2,,2025-07-31T12:30:00+08:00,2025-07-31T12:00:00+08:00,,,,151.0,1.5
84.0,22.545064,120.392592,,994.3,1.0,0.0,1.0,0.0,1.5,80.5,140.5,0.0,0.0,1.0,C0V450,鳳森,,30.1,,2025-07-31T12:30:00+08:00,2025-07-31T12:00:00+08:00,,,,239.0,3.6
,24.876212,121.562992,,,,0.0,0.0,0.0,0.0,0.0,14.0,0.0,0.0,0.0,01A440,大桶山,,,,2025-07-31T12:30:00+08:00,,,,,,
,24.491756,120.927619,,,,0.0,8.5,0.0,8.5,16.0,26.0,0.0,7.0,8.5,C1E701,八卦,,,,2025-07-31T12:30:00+08:00,,,,,,
,22.975659,120.467014,,,,0.0,34.0,8.0,49.0,72.0,203.0,19.0,29.0,35.0,01P190,木柵,,,,2025-07-31T12:30:00+08:00,,,,,,
,24.829997,121.748477,,,,0.0,0.0,0.0,0.0,0.0,8.0,0.0,0.0,0.0,01U460,五峰,,,,2025-07-31T12:30:00+08:00,,,,,,
,23.561831,120.928349,,,,0.0,63.0,1.0,123.0,181.0,193.0,4.0,4.0,65.0,01H400,東埔,,,,2025-07-31T12:30:00+08:00,,,,,,
86.0,23.038386,120.2367,9.1,999.0,,0.0,0.5,0.0,0.5,16.0,30.5,0.0,0.0,0.5,467420,永康,0.4,29.5,2025-07-31T12:20:00+08:00,2025-07-31T12:30:00+08:00,,1,-99,陰,240.0,3.9
89.0,22.761616,120.233925,,999.8,4.0,0.0,4.0,0.0,4.0,5.0,55.5,0.0,1.5,4.0,C0V860,南寮,,29.5,,2025-07-31T12:30:00+08:00,2025-07-31T12:00:00+08:00,,,,230.0,6.5
79.0,24.5958,120.7394,6.8,-99.0,,0.0,6.5,0.0,6.5,7.0,12.5,1.0,2.5,6.5,CAE100,西濱N107K,-99.0,29.1,2025-07-31T12:20:00+08:00,2025-07-31T12:30:00+08:00,,-99,16-20,陰,180.0,2.3
70.0,23.709219,121.420106,,982.6,9.0,0.0,8.0,0.0,9.5,18.5,18.5,0.0,0.0,9.0,C0Z200,萬榮,,30.6,,2025-07-31T12:30:00+08:00,2025-07-31T12:00:00+08:00,,,,0.0,0.0
82.0,23.935639,121.508944,,983.4,10.0,0.0,10.0,0.0,10.0,14.5,39.5,0.0,2.0,10.0,C0T870,鯉魚潭,,28.0,,2025-07-31T12:30:00+08:00,2025-07-31T12:00:00+08:00,,,,352.0,0.3
90.0,24.092464,120.701378,,992.1,292.5,1.5,260.0,6.0,423.5,550.0,551.5,15.0,65.0,298.0,C0F9N0,大里,,26.8,,2025-07-31T12:30:00+08:00,2025-07-31T12:00:00+08:00,,,,109.0,1.2
76.0,25.162078,121.544547,4.0,932.6,,0.0,0.0,0.0,0.0,0.0,62.5,0.0,0.0,0.0,466930,陽明山,0.6,28.4,2025-07-31T12:20:00+08:00,2025-07-31T12:30:00+08:00,,6,-99,陰,280.0,1.0
100.0,24.051142,120.909361,2.0,-99.0,,0.0,216.0,8.5,311.5,414.5,558.0,22.5,106.5,226.0,C2H9G0,百勝,-99.0,22.4,2025-07-31T12:20:00+08:00,2025-07-31T12:30:00+08:00,,-99,-99,陰,160.0,0.5
-99.0,23.866003,120.452806,,-99.0,-99.0,0.0,13.5,0.0,14.0,70.0,71.0,5.0,10.5,13.5,C0G830,埤頭,,-99.0,,2025-07-31T12:30:00+08:00,2025-07-31T12:00:00+08:00,,,,-99.0,-99.0
,23.631944,121.397778,,,,0.0,5.5,0.0,9.0,20.0,20.0,0.0,0.5,6.5,88T920,大興,,,,2025-07-31T12:30:00+08:00,,,,,,
,23.925069,120.637797,,,,0.5,109.0,13.0,147.5,289.0,289.0,15.0,20.0,109.0,C1H971,六分寮,,,,2025-07-31T12:30:00+08:00,,,,,,
,23.84869,120.935333,,,,3.5,140.5,4.0,251.0,423.0,471.5,5.5,6.0,151.0,81H920,德化國小,,,,2025-07-31T12:30:00+08:00,,,,,,
100.0,22.430439,120.8938,,900.7,15.5,0.0,15.0,0.0,77.0,161.0,194.5,3.0,6.5,15.5,C0S980,勝林山,,21.9,,2025-07-31T12:30:00+08:00,2025-07-31T12:00:00+08:00,,,,271.0,1.2
88.0,23.623426,120.172646,10.2,-99.0,,0.0,0.5,0.0,0.5,4.5,25.5,0.0,0.5,0.5,CAJ040,西濱S241K,-99.0,28.9,2025-07-31T12:20:00+08:00,2025-07-31T12:30:00+08:00,,-99,16-20,陰,220.0,6.4
,25.288486,121.544109,,,,0.0,0.0,0.0,0.0,0.0,9.0,0.0,0.0,0.0,01A350,富貴角,,,,2025-07-31T12:30:00+08:00,,,,,,
,25.064361,121.383836,,,,0.0,0.0,0.0,0.0,0.0,48.5,0.0,0.0,0.0,C1AI60,國一39K,,,,2025-07-31T12:30:00+08:00,,,,,,
100.0,24.381675,121.4203,,694.2,33.5,0.5,34.5,1.0,34.5,35.0,40.5,7.0,26.0,34.5,C0F0D0,審馬陣,,10.4,,2025-07-31T12:30:00+08:00,2025-07-31T12:00:00+08:00,,,,-99.0,-99.0
100.0,22.405264,120.753181,,826.1,238.0,0.0,232.0,7.5,380.0,722.5,860.0,33.0,131.0,238.0,C0R440,大漢山,,18.8,,2025-07-31T12:30:00+08:00,2025-07-31T12:00:00+08:00,,,,92.0,2.9
89.0,23.514319,120.229736,,998.9,0.0,0.0,0.0,0.0,0.5,0.5,13.0,0.0,0.0,0.0,C0K550,蔦松,,29.4,,2025-07-31T12:30:00+08:00,2025-07-31T12:00:00+08:00,,,,208.0,0.9
,23.619266,120.927817,,,,0.0,69.0,1.0,105.0,197.0,219.0,4.0,5.0,72.0,01H390,望鄉,,,,2025-07-31T12:30:00+08:00,,,,,,
,23.291597,120.463822,,,,8.5,68.0,42.0,79.0,135.5,218.0,58.5,63.0,70.0,C1X040,東原,,,,2025-07-31T12:30:00+08:00,,,,,,
79.0,24.8284,121.40888,,902.9,0.0,0.0,0.0,0.0,0.0,0.0,17.0,0.0,0.0,0.0,C0C790,東眼山,,28.6,,2025-07-31T12:30:00+08:00,2025-07-31T12:00:00+08:00,,,,215.0,0.9
75.0,25.283128,121.519058,,996.4,0.0,0.0,0.0,0.0,0.0,0.0,15.0,0.0,0.0,0.0,C0AI20,白沙灣,,32.3,,2025-07-31T12:30:00+08:00,2025-07-31T12:00:00+08:00,,,,289.0,2.4
71.0,23.73835,121.540108,,961.5,10.0,0.0,8.5,0.0,10.0,15.5,20.5,0.0,0.5,10.0,C0Z270,蕃薯寮,,28.7,,2025-07-31T12:30:00+08:00,2025-07-31T12:00:00+08:00,,,,95.0,1.1
92.0,24.092468,120.603256,5.7,-99.0,,0.0,207.5,0.5,318.0,428.0,428.5,2.5,52.5,126.5,CAG060,國三S202K,-99.0,25.5,2025-07-31T12:20:00+08:00,2025-07-31T12:30:00+08:00,,-99,-99,陰,100.0,2.0
67.0,24.849664,121.150789,,973.3,0.0,0.0,0.0,0.0,0.0,0.0,24.0,0.0,0.0,0.0,C0D480,打鐵坑,,29.8,,2025-07-31T12:30:00+08:00,2025-07-31T12:00:00+08:00,,,,232.0,1.7
56.0,24.959207,121.525196,3.4,994.7,,0.0,0.0,0.0,0.0,0.0,39.0,0.0,0.0,0.0,466881,新北,2.8,34.5,2025-07-31T12:20:00+08:00,2025-07-31T12:30:00+08:00,,12,>30,陰,350.0,1.5
-99.0,23.82137,120.72293,4.2,-99.0,,0.5,165.5,13.5,320.5,438.5,438.5,23.5,24.0,177.0,CAHA00,消防署訓練中心,-99.0,24.7,2025-07-31T12:20:00+08:00,2025-07-31T12:30:00+08:00,,-99,-99,陰,0.0,0.0
,24.714905,121.358188,,,,0.0,0.0,0.0,0.0,0.0,6.0,0.0,0.0,0.0,21C080,高義,,,,2025-07-31T12:30:00+08:00,,,,,,
93.0,24.030322,120.549461,,996.1,154.0,0.0,147.0,0.0,253.5,302.0,302.0,2.5,35.0,154.0,C0G910,花壇,,27.3,,2025-07-31T12:30:00+08:00,2025-07-31T12:00:00+08:00,,,,133.0,4.5
90.0,24.107058,120.624103,,995.3,239.5,0.0,215.5,1.0,309.5,416.5,416.5,8.5,61.0,240.5,C0F9S0,烏日,,25.9,,2025-07-31T12:30:00+08:00,2025-07-31T12:00:00+08:00,,,,133.0,2.3
100.0,23.972169,120.952425,,952.5,119.0,0.0,112.5,0.0,217.0,282.5,372.0,6.5,19.5,119.0,C0H890,埔里,,23.4,,2025-07-31T12:30:00+08:00,2025-07-31T12:00:00+08:00,,,,44.0,1.2
98.0,23.897647,120.5862,,995.1,51.0,0.0,52.5,6.0,67.5,139.5,140.5,15.0,18.5,52.5,C0G860,社頭,,26.1,,2025-07-31T12:30:00+08:00,2025-07-31T12:00:00+08:00,,,,138.0,1.4
,24.597043,121.00036,,,,0.0,2.0,0.0,2.0,2.0,27.0,0.0,2.0,2.0,01E170,南庄(1),,,,2025-07-31T12:30:00+08:00,,,,,,
,22.238911,120.858903,,,,0.0,76.5,1.0,104.5,168.0,223.0,7.0,58.0,77.0,C1S880,壽卡,,,,2025-07-31T12:30:00+08:00,,,,,,
-99.0,23.8263,120.444175,-99.0,-99.0,,,,,,,,,,-99.0,C2G980,田頭村,-99.0,-99.0,2025-07-31T12:20:00+08:00,,,-99,-99,陰,-99.0,-99.0
,23.07211,120.536955,,,,0.0,52.5,0.0,75.0,121.0,302.0,18.0,18.0,52.5,88O950,羌黃坑,,,,2025-07-31T12:30:00+08:00,,,,,,
,24.548212,121.224879,,,,0.0,2.0,0.0,2.0,2.0,3.0,0.0,2.0,2.0,21D160,白石,,,,2025-07-31T12:30:00+08:00,,,,,,
95.0,23.678725,120.478347,,993.0,15.5,0.0,15.0,0.0,22.5,81.5,100.0,11.0,11.5,15.5,C0K460,斗南,,26.8,,2025-07-31T12:30:00+08:00,2025-07-31T12:00:00+08:00,,,,172.0,3.8
90.0,23.455047,120.331439,,997.7,3.0,0.0,5.0,2.0,5.0,29.5,95.5,2.0,4.0,5.0,C0M680,太保,,28.2,,2025-07-31T12:30:00+08:00,2025-07-31T12:00:00+08:00,,,,191.0,1.4
85.0,22.584861,120.543442,,997.8,12.5,0.0,12.5,0.0,19.5,130.0,216.0,0.0,6.0,12.5,C0R650,竹田,,30.0,,2025-07-31T12:30:00+08:00,2025-07-31T12:00:00+08:00,,,,242.0,3.5
84.0,24.711158,121.116933,,974.7,0.0,0.0,0.0,0.0,0.0,0.0,7.0,0.0,0.0,0.0,C0D540,橫山,,29.5,,2025-07-31T12:30:00+08:00,2025-07-31T12:00:00+08:00,,,,250.0,0.3
,25.031696,121.521906,,,,0.0,0.0,0.0,0.0,0.0,53.0,0.0,0.0,0.0,A1A9Z0,中正國中,,,,2025-07-31T12:30:00+08:00,,,,,,
94.0,23.0835,120.251897,9.6,-99.0,,0.0,1.5,1.5,1.5,24.5,56.0,1.5,1.5,1.5,CAN150,國一N315K,-99.0,28.8,2025-07-31T12:20:00+08:00,2025-07-31T12:30:00+08:00,,-99,16-20,陰,240.0,5.7
66.0,25.006066,121.097072,,989.4,0.0,0.0,0.0,0.0,0.0,0.0,57.5,0.0,0.0,0.0,C0C750,新興坑尾,,31.2,,2025-07-31T12:30:00+08:00,2025-07-31T12:00:00+08:00,,,,214.0,7.8
91.0,23.290728,121.348528,,945.9,11.5,0.0,10.5,0.0,18.0,24.5,24.5,0.0,0.5,11.5,C0Z330,安通山,,26.5,,2025-07-31T12:30:00+08:00,2025-07-31T12:00:00+08:00,,,,92.0,0.4
,23.330882,120.506972,,,,0.0,59.0,37.0,77.0,154.0,216.0,48.0,52.0,62.0,01O070,關子嶺(2),,,,2025-07-31T12:30:00+08:00,,,,,,
-99.0,22.738578,120.446797,,-99.0,-99.0,,,,,,,,,,C0V350,溪埔,,-99.0,,,2025-07-31T12:00:00+08:00,,,,-99.0,-99.0
74.0,24.853233,121.830797,,997.6,0.0,0.0,0.0,0.0,0.0,0.0,8.0,0.0,0.0,0.0,C0U860,頭城,,32.7,,2025-07-31T12:30:00+08:00,2025-07-31T12:00:00+08:00,,,,104.0,2.1
97.0,23.526167,120.555497,,985.0,34.0,0.0,34.0,0.0,79.0,267.5,340.0,27.5,31.0,34.0,C0M700,竹崎,,25.7,,2025-07-31T12:30:00+08:00,2025-07-31T12:00:00+08:00,,,,141.0,0.4
,22.935472,120.309406,,,,0.0,13.0,2.0,13.0,14.0,107.5,6.5,12.5,13.0,C1N001,沙崙,,,,2025-07-31T12:30:00+08:00,,,,,,
,24.560997,120.836,,,,0.0,8.5,0.0,16.5,17.5,20.5,0.0,8.5,9.0,C1E900,國一N128K,,,,2025-07-31T12:30:00+08:00,,,,,,
,25.113693,121.565711,,,,0.0,0.0,0.0,0.0,0.0,72.5,0.0,0.0,0.0,A1AC80,明德樂園,,,,2025-07-31T12:30:00+08:00,,,,,,
62.0,24.996414,121.651931,3.7,-99.0,,0.0,0.0,0.0,0.0,0.0,44.5,0.0,0.0,0.0,CAAD60,國五S005K,-99.0,34.2,2025-07-31T12:20:00+08:00,2025-07-31T12:30:00+08:00,,-99,7-10,陰,360.0,1.6
,25.054444,121.696389,,,,0.0,0.0,0.0,0.0,0.0,31.0,0.0,0.0,0.0,81AJ20,東山,,,,2025-07-31T12:30:00+08:00,,,,,,
,23.955381,120.416991,,,,0.0,11.0,0.0,13.0,52.0,54.0,2.0,8.0,12.0,01G240,萬興(2),,,,2025-07-31T12:30:00+08:00,,,,,,
85.0,23.061614,120.298197,,998.9,3.0,0.0,5.5,2.5,6.0,17.0,39.0,2.5,2.5,5.5,C0O980,新市,,29.8,,2025-07-31T12:30:00+08:00,2025-07-31T12:00:00+08:00,,,,221.0,1.6
88.0,24.64733,121.4293,,873.2,0.0,0.0,0.0,0.0,0.0,0.0,1.5,0.0,0.0,0.0,C0C800,四稜,,25.8,,2025-07-31T12:30:00+08:00,2025-07-31T12:00:00+08:00,,,,324.0,0.4
,24.397972,120.986022,,,,0.0,28.0,5.0,28.5,59.0,76.5,10.0,26.5,28.5,C1E461,松安,,,,2025-07-31T12:30:00+08:00,,,,,,
,23.754486,120.883956,,,,0.5,123.0,9.5,276.5,448.5,482.0,10.0,11.0,133.5,C1I310,西巒,,,,2025-07-31T12:30:00+08:00,,,,,,
95.0,24.145736,120.684075,3.5,990.9,,0.5,315.0,1.5,397.0,490.0,491.5,17.5,125.0,325.5,467490,臺中,0.0,25.7,2025-07-31T12:20:00+08:00,2025-07-31T12:30:00+08:00,,2,21-30,陰,140.0,0.8
99.0,24.081389,120.556667,6.5,-99.0,,0.0,145.0,0.0,177.5,250.0,250.5,1.5,46.5,157.0,A0G720,彰師大,-99.0,26.2,2025-07-31T12:20:00+08:00,2025-07-31T12:30:00+08:00,,-99,-99,陰,100.0,2.4
,24.742156,120.906944,,,,0.0,0.0,0.0,0.0,0.0,12.0,0.0,0.0,0.0,O1D580,內湖國小,,,,2025-07-31T12:30:00+08:00,,,,,,
75.0,24.819144,121.782378,3.1,-99.0,,0.0,0.0,0.0,0.0,0.0,5.5,0.0,0.0,0.0,CAUB30,國五S031K,-99.0,31.6,2025-07-31T12:20:00+08:00,2025-07-31T12:30:00+08:00,,-99,-99,陰,100.0,1.3
100.0,23.299075,120.664767,,953.6,184.5,9.0,182.0,23.5,414.0,759.0,815.0,59.5,69.0,202.5,C0M800,茶山,,23.3,,2025-07-31T12:30:00+08:00,2025-07-31T12:00:00+08:00,,,,33.0,1.4
65.0,24.668122,121.653017,,986.5,0.0,0.0,0.0,0.0,0.0,0.0,1.0,0.0,0.0,0.0,C0U890,三星,,31.3,,2025-07-31T12:30:00+08:00,2025-07-31T12:00:00+08:00,,,,301.0,0.4
82.0,22.609022,120.985328,,940.7,8.0,0.0,4.0,0.0,42.0,61.0,71.5,0.0,2.5,8.0,C0S690,太麻里,,26.2,,2025-07-31T12:30:00+08:00,2025-07-31T12:00:00+08:00,,,,0.0,0.2
88.0,23.96824,120.32586,9.0,-99.0,,,,,,,,,,-99.0,CAG100,王功漁港,-99.0,28.3,2025-07-31T12:20:00+08:00,,,-99,-99,陰,140.0,4.6
65.0,24.897503,121.214636,,975.6,-99.0,,,,,,,,,,C0C650,平鎮,,31.1,,,2025-07-31T12:00:00+08:00,,,,231.0,0.9
,22.203384,120.751358,,,,0.0,112.5,0.0,137.0,190.5,305.5,10.0,98.5,112.5,81R650,丹路國小,,,,2025-07-31T12:30:00+08:00,,,,,,
85.0,24.308519,120.614471,9.8,-99.0,,0.0,123.5,0.0,144.5,202.0,202.5,0.5,15.5,126.5,CAF060,國三S168K,-99.0,27.2,2025-07-31T12:20:00+08:00,2025-07-31T12:30:00+08:00,,-99,>30,陰,150.0,3.7
90.0,23.41613,120.162872,9.6,-99.0,,0.0,0.5,0.0,0.5,0.5,29.5,0.5,0.5,0.5,CAL100,西濱S267K,-99.0,28.7,2025-07-31T12:20:00+08:00,2025-07-31T12:30:00+08:00,,-99,11-15,陰,230.0,7.4
,24.1263,120.994672,,,,0.0,152.0,3.0,203.5,265.0,374.0,18.0,101.0,154.0,C1H9B1,阿眉,,,,2025-07-31T12:30:00+08:00,,,,,,
63.0,24.904794,121.043628,,987.8,0.0,0.0,0.0,0.0,0.0,0.0,37.5,0.0,0.0,0.0,C0D650,湖口,,31.5,,2025-07-31T12:30:00+08:00,2025-07-31T12:00:00+08:00,,,,211.0,4.7
94.0,23.596111,120.523333,5.0,-99.0,,0.0,27.0,0.0,60.0,150.5,165.0,19.5,21.0,27.0,CAL050,國三N279K,-99.0,27.0,2025-07-31T12:20:00+08:00,2025-07-31T12:30:00+08:00,,-99,>30,陰,180.0,1.8
86.0,23.346388,120.438888,3.1,-99.0,,0.0,24.0,0.0,32.0,58.5,133.5,4.5,17.0,25.5,CAN060,國三S311K,-99.0,26.3,2025-07-31T12:20:00+08:00,2025-07-31T12:30:00+08:00,,-99,7-10,陰有雷,140.0,2.5
,23.550319,120.505833,,,,0.0,18.5,0.0,45.0,170.5,207.0,12.5,15.0,18.5,C1M870,國三N285K,,,,2025-07-31T12:30:00+08:00,,,,,,
100.0,24.121322,121.273642,,702.0,48.5,0.5,47.0,1.0,65.0,92.5,162.5,12.5,31.5,49.0,C0H990,昆陽,,11.1,,2025-07-31T12:30:00+08:00,2025-07-31T12:00:00+08:00,,,,224.0,3.8
,25.072195,121.528909,,,,0.0,0.0,0.0,0.0,0.0,61.5,0.0,0.0,0.0,A1AB50,建國,,,,2025-07-31T12:30:00+08:00,,,,,,
86.0,22.279725,120.889208,,998.1,96.5,0.0,93.5,0.0,157.0,229.0,273.0,2.5,40.5,96.5,C0S840,南田,,27.8,,2025-07-31T12:30:00+08:00,2025-07-31T12:00:00+08:00,,,,186.0,1.3
75.0,24.59594,120.86071,6.7,-99.0,,0.0,3.0,0.0,9.0,9.0,12.0,0.5,3.0,3.0,CAE030,國一S123K,-99.0,29.2,2025-07-31T12:20:00+08:00,2025-07-31T12:30:00+08:00,,-99,-99,陰,190.0,2.0
90.0,23.852481,120.320922,,997.6,0.0,0.0,0.5,0.5,2.5,22.5,37.0,0.5,0.5,0.5,C0G740,大城,,28.2,,2025-07-31T12:30:00+08:00,2025-07-31T12:00:00+08:00,,,,143.0,2.2
93.0,23.103439,120.086694,8.2,-99.0,,0.0,0.0,0.0,0.0,18.0,22.0,0.0,0.0,0.0,CAN120,西濱N304K,-99.0,28.7,2025-07-31T12:20:00+08:00,2025-07-31T12:30:00+08:00,,-99,11-15,陰,240.0,7.2
94.0,22.246844,120.661086,,999.1,52.0,0.0,52.0,0.0,53.5,94.5,205.0,1.5,50.5,52.0,C0R700,枋山,,28.1,,2025-07-31T12:30:00+08:00,2025-07-31T12:00:00+08:00,,,,258.0,3.0
96.0,23.457656,120.460517,,995.7,3.0,1.0,4.0,1.0,15.5,86.5,221.0,4.0,4.0,4.0,C0M730,嘉義市東區,,26.9,,2025-07-31T12:30:00+08:00,2025-07-31T12:00:00+08:00,,,,126.0,1.0
,24.632808,121.160575,,,,0.0,0.5,0.0,0.5,0.5,14.5,0.0,0.5,0.5,C1D420,太閣南,,,,2025-07-31T12:30:00+08:00,,,,,,
95.0,23.222403,120.806089,,922.8,230.5,0.0,203.5,25.5,591.0,884.0,943.5,52.0,64.0,239.5,C0V210,復興,,22.9,,2025-07-31T12:30:00+08:00,2025-07-31T12:00:00+08:00,,,,0.0,0.0
68.0,24.708978,120.888897,,994.3,0.0,0.0,0.0,0.0,0.0,0.0,10.5,0.0,0.0,0.0,C0E420,竹南,,31.1,,2025-07-31T12:30:00+08:00,2025-07-31T12:00:00+08:00,,,,187.0,1.1
87.0,22.854997,120.259439,,996.1,-99.0,0.0,8.0,0.0,8.0,10.0,81.0,0.0,0.0,8.0,C0V750,路竹,,30.1,,2025-07-31T12:30:00+08:00,2025-07-31T12:00:00+08:00,,,,238.0,4.0
82.0,22.598922,120.980044,6.5,-99.0,,0.0,4.5,0.0,33.0,57.5,68.5,0.0,1.5,5.0,E2S980,太麻里(1),-99.0,28.4,2025-07-31T12:20:00+08:00,2025-07-31T12:30:00+08:00,,-99,-99,陰,-99.0,1.1
,24.925692,121.446624,,,,0.0,0.0,0.0,0.0,0.0,44.5,0.0,0.0,0.0,81AI10,建安國小,,,,2025-07-31T12:30:00+08:00,,,,,,
,24.265689,121.001142,,,,0.0,109.0,8.0,110.5,160.0,213.5,26.0,89.5,109.0,C1F891,稍來,,,,2025-07-31T12:30:00+08:00,,,,,,
84.0,24.276061,120.777644,,963.8,184.0,0.0,183.5,0.0,206.0,258.5,288.0,70.5,117.0,184.0,C0F0B0,石岡,,25.6,,2025-07-31T12:30:00+08:00,2025-07-31T12:00:00+08:00,,,,144.0,3.3
-99.0,24.601775,121.000214,,-99.0,-99.0,,,,,,,,,,C0E430,南庄,,-99.0,,,2025-07-31T12:00:00+08:00,,,,-99.0,-99.0
90.0,24.063889,120.523056,8.4,-99.0,,0.0,96.0,0.0,108.5,144.0,144.5,3.5,34.0,97.0,CAG010,國一N198K,-99.0,26.6,2025-07-31T12:20:00+08:00,2025-07-31T12:30:00+08:00,,-99,-99,陰,160.0,3.7
,24.631479,121.117585,,,,0.0,0.0,0.0,0.0,0.0,14.0,0.0,0.0,0.0,81D600,五峰國小,,,,2025-07-31T12:30:00+08:00,,,,,,
96.0,22.893178,120.401947,,992.9,51.5,0.0,51.5,7.5,52.5,65.5,167.0,21.5,27.0,51.5,C0V370,古亭坑,,26.9,,2025-07-31T12:30:00+08:00,2025-07-31T12:00:00+08:00,,,,228.0,0.4
67.0,24.982411,121.668089,5.5,-99.0,,0.0,0.0,0.0,0.0,0.0,37.5,0.0,0.0,0.0,CAAD80,國五N008K,-99.0,33.7,2025-07-31T12:20:00+08:00,2025-07-31T12:30:00+08:00,,-99,7-10,陰,320.0,1.3
75.0,24.763975,121.756528,4.4,997.5,,0.0,0.0,0.0,0.0,0.0,3.0,0.0,0.0,0.0,467080,宜蘭,2.0,31.4,2025-07-31T12:20:00+08:00,2025-07-31T12:30:00+08:00,,5,>30,陰,110.0,2.0
,23.793361,120.949378,,,,0.5,109.5,6.0,271.0,386.0,395.0,6.5,10.5,114.5,C1I150,青雲,,,,2025-07-31T12:30:00+08:00,,,,,,
100.0,23.193217,120.315422,,996.9,4.0,0.0,5.5,1.5,10.0,41.5,87.5,1.5,5.5,5.5,C0X130,官田,,29.7,,2025-07-31T12:30:00+08:00,2025-07-31T12:00:00+08:00,,,,236.0,3.2
,23.816114,120.5676,,,,0.0,66.0,3.5,72.0,130.0,130.0,12.0,17.0,66.0,C1G691,下水埔,,,,2025-07-31T12:30:00+08:00,,,,,,
,25.163293,121.568014,,,,0.0,0.0,0.0,0.0,0.5,51.5,0.0,0.0,0.0,A1AD10,擎天崗,,,,2025-07-31T12:30:00+08:00,,,,,,
77.0,24.440218,120.681656,8.9,-99.0,,0.0,28.5,0.0,33.0,45.0,46.5,0.5,15.0,29.5,CAE070,國三N151K,-99.0,27.7,2025-07-31T12:20:00+08:00,2025-07-31T12:30:00+08:00,,-99,-99,陰,150.0,3.9
65.0,24.892936,121.324975,,982.1,0.0,0.0,0.0,0.0,0.0,0.0,30.0,0.0,0.0,0.0,C0C710,大溪永福,,32.2,,2025-07-31T12:30:00+08:00,2025-07-31T12:00:00+08:00,,,,332.0,2.9
98.0,24.120939,121.189303,1.8,-99.0,,0.5,57.0,1.0,91.0,139.0,208.0,13.5,41.5,58.5,C2H9Q0,北東眼山,-99.0,16.3,2025-07-31T12:20:00+08:00,2025-07-31T12:30:00+08:00,,-99,-99,陰有雨,0.0,0.1
76.0,24.823239,121.730383,,957.7,0.0,0.0,0.0,0.0,0.0,0.0,6.0,0.0,0.0,0.0,C0UB00,淡大蘭陽校園,,31.2,,2025-07-31T12:30:00+08:00,2025-07-31T12:00:00+08:00,,,,128.0,0.6
94.0,22.742908,120.743678,,887.7,111.0,5.5,112.5,11.5,246.0,356.5,450.0,16.5,44.5,122.5,C0R130,阿禮,,20.8,,2025-07-31T12:30:00+08:00,2025-07-31T12:00:00+08:00,,,,266.0,1.8
,23.854531,120.869499,,,,0.0,163.5,2.0,275.5,483.0,505.5,5.0,5.0,167.0,81H900,大觀發電廠,,,,2025-07-31T12:30:00+08:00,,,,,,
,24.272392,120.849047,,,,0.0,186.0,2.5,213.5,269.5,336.5,62.0,130.5,186.0,C1F9F1,伯公龍,,,,2025-07-31T12:30:00+08:00,,,,,,
68.0,25.113169,121.801147,3.1,-99.0,,0.0,0.0,0.0,0.0,0.0,13.0,0.0,0.0,0.0,C2A660,瑞芳,-99.0,34.2,2025-07-31T12:20:00+08:00,2025-07-31T12:30:00+08:00,,-99,-99,陰,40.0,1.2
93.0,22.959547,120.369317,,986.6,-99.0,0.0,5.5,3.5,5.5,12.0,58.0,3.5,5.0,5.5,C0O960,崎頂,,28.5,,2025-07-31T12:30:00+08:00,2025-07-31T12:00:00+08:00,,,,237.0,0.4
,24.573125,121.10352,,,,0.0,7.0,0.0,7.0,8.0,14.0,0.0,7.0,7.0,01D110,清泉,,,,2025-07-31T12:30:00+08:00,,,,,,
65.0,24.834444,121.066111,9.5,-99.0,,0.0,0.0,0.0,0.0,0.0,29.5,0.0,0.0,0.0,72D680,新埔工作站,-99.0,31.2,2025-07-31T12:20:00+08:00,2025-07-31T12:30:00+08:00,,-99,-99,陰,240.0,3.6
-99.0,23.740011,119.604189,-99.0,-99.0,,,,,,,,,,-99.0,A0W080,吉貝,-99.0,-99.0,2025-07-31T12:20:00+08:00,,,-99,-99,陰,-99.0,-99.0
83.0,25.07125,121.780794,,914.9,0.0,0.0,0.0,0.0,0.0,0.0,23.5,0.0,0.0,0.0,C0AH30,五分山,,30.3,,2025-07-31T12:30:00+08:00,2025-07-31T12:00:00+08:00,,,,96.0,1.3
64.0,25.072181,121.380839,,967.0,0.0,0.0,0.0,0.0,0.0,0.0,46.5,0.0,0.0,0.0,C0AH50,林口,,32.4,,2025-07-31T12:30:00+08:00,2025-07-31T12:00:00+08:00,,,,253.0,4.4
86.0,24.9944,119.449556,,989.7,0.0,0.0,0.0,0.0,0.0,0.0,6.0,0.0,0.0,0.0,C0W160,烏坵,,29.5,,2025-07-31T12:30:00+08:00,2025-07-31T12:00:00+08:00,,,,221.0,5.8
,22.87794,121.226881,,,,0.0,9.5,0.0,19.5,44.0,46.0,0.0,1.0,9.5,C1SA70,都蘭,,,,2025-07-31T12:30:00+08:00,,,,,,
98.0,23.154722,120.345,7.2,-99.0,,1.5,3.5,2.5,8.0,36.5,71.0,2.5,3.0,2.0,CAN080,國三N336K,-99.0,28.6,2025-07-31T12:20:00+08:00,2025-07-31T12:30:00+08:00,,-99,-99,陰有雷雨,230.0,4.7
68.0,24.757275,121.184792,5.0,-99.0,,0.0,0.0,0.0,0.0,0.0,20.0,0.0,0.0,0.0,C2D720,關西工作站,-99.0,31.8,2025-07-31T12:20:00+08:00,2025-07-31T12:30:00+08:00,,-99,-99,陰,30.0,0.5
,24.625286,121.148046,,,,0.0,1.0,0.0,1.0,1.0,17.0,0.0,1.0,1.0,01D100,太閣南,,,,2025-07-31T12:30:00+08:00,,,,,,
,24.572486,120.734842,,,,0.0,8.0,0.0,9.0,9.5,13.5,0.0,6.0,9.0,C1E601,南勢,,,,2025-07-31T12:30:00+08:00,,,,,,
93.0,22.845555,120.295,9.0,-99.0,,0.0,7.0,0.0,7.0,15.0,91.5,0.5,3.0,7.0,CAP010,國一S342K,-99.0,29.3,2025-07-31T12:20:00+08:00,2025-07-31T12:30:00+08:00,,-99,-99,陰,220.0,5.5
,23.805589,120.837618,,,,1.0,202.5,7.0,441.5,652.0,671.5,9.0,9.0,229.0,81H930,玉峰國小,,,,2025-07-31T12:30:00+08:00,,,,,,
67.0,24.950281,121.196314,13.1,-99.0,,0.0,0.0,0.0,0.0,0.0,72.0,0.0,0.0,0.0,CAC760,國一高架N063K,-99.0,31.6,2025-07-31T12:20:00+08:00,2025-07-31T12:30:00+08:00,,-99,>30,陰,240.0,8.3
89.0,23.619744,120.140036,,998.1,0.0,0.0,0.0,0.0,0.0,6.0,24.5,0.0,0.0,0.0,C0K600,箔子寮,,29.3,,2025-07-31T12:30:00+08:00,2025-07-31T12:00:00+08:00,,,,230.0,9.0
,25.096391,121.604109,,,,0.0,0.0,0.0,0.0,0.0,56.0,0.0,0.0,0.0,A1AG20,大湖里,,,,2025-07-31T12:30:00+08:00,,,,,,
87.0,22.99328,120.20492,10.6,997.5,,0.0,2.5,0.0,2.5,5.5,42.5,0.0,1.5,2.5,467410,臺南,0.3,29.5,2025-07-31T12:20:00+08:00,2025-07-31T12:30:00+08:00,,2,16-20,陰,230.0,4.7
,25.155898,121.489815,,,,0.0,0.0,0.0,0.0,0.0,76.0,0.0,0.0,0.0,A1AD80,貴子坑,,,,2025-07-31T12:30:00+08:00,,,,,,
88.0,22.35572,120.90374,4.7,997.5,,0.0,64.5,0.0,111.0,211.5,235.5,6.5,32.5,65.5,467540,大武,0.0,28.3,2025-07-31T12:20:00+08:00,2025-07-31T12:30:00+08:00,,-99,-99,陰,230.0,0.9
65.0,24.921836,121.544725,,988.2,-99.0,0.0,0.0,0.0,0.0,0.0,31.0,0.0,0.0,0.0,C0AI10,屈尺,,35.9,,2025-07-31T12:30:00+08:00,2025-07-31T12:00:00+08:00,,,,336.0,2.2
,22.708369,120.649251,,,,0.0,71.0,7.0,109.0,188.0,277.0,22.0,45.0,76.0,01Q930,三地門,,,,2025-07-31T12:30:00+08:00,,,,,,
84.0,22.792467,121.192669,,994.1,9.0,0.0,8.5,0.0,24.0,52.5,55.0,0.0,3.5,9.0,C0SB20,富岡,,27.3,,2025-07-31T12:30:00+08:00,2025-07-31T12:00:00+08:00,,,,27.0,3.9
71.0,24.87667,121.0467,9.0,-99.0,,0.0,0.0,0.0,0.0,0.5,24.0,0.0,0.0,0.0,CAD030,國一S082K,-99.0,31.3,2025-07-31T12:20:00+08:00,2025-07-31T12:30:00+08:00,,-99,-99,陰,230.0,4.2
,23.667997,120.876961,,,,1.5,83.5,6.5,150.5,229.5,251.0,7.0,7.0,87.5,81I560,豐丘,,,,2025-07-31T12:30:00+08:00,,,,,,
79.0,23.344331,121.302853,,977.1,7.5,0.0,7.0,0.0,12.5,21.5,22.0,0.0,1.5,7.5,C0Z170,卓溪,,28.1,,2025-07-31T12:30:00+08:00,2025-07-31T12:00:00+08:00,,,,197.0,0.3
99.0,23.590856,120.888864,0.9,-99.0,,3.0,87.5,4.0,147.0,218.5,238.0,9.0,9.5,86.5,U2HA30,臺大和社,-99.0,22.3,2025-07-31T12:20:00+08:00,2025-07-31T12:30:00+08:00,,-99,-99,陰有雨,0.0,0.0
85.0,22.906642,120.182608,,998.5,0.0,0.0,0.0,0.0,0.0,0.0,56.5,0.0,0.0,0.0,C0V630,茄萣,,30.4,,2025-07-31T12:30:00+08:00,2025-07-31T12:00:00+08:00,,,,255.0,2.6
95.0,23.812553,120.849792,,967.4,219.5,0.0,204.0,7.5,417.0,647.5,670.0,9.5,10.5,224.5,C0I360,水里,,24.4,,2025-07-31T12:30:00+08:00,2025-07-31T12:00:00+08:00,,,,85.0,0.8
95.0,24.347817,120.705686,,986.2,69.0,0.0,66.0,0.0,72.0,95.5,96.5,8.5,16.5,69.0,C0F9Q0,外埔,,24.5,,2025-07-31T12:30:00+08:00,2025-07-31T12:00:00+08:00,,,,109.0,0.6
,23.819722,121.473333,,,,0.0,10.0,0.0,11.0,17.5,62.0,0.0,0.5,11.0,81T850,溪口國小,,,,2025-07-31T12:30:00+08:00,,,,,,
,24.984393,121.577502,,,,0.0,0.0,0.0,0.0,0.0,35.5,0.0,0.0,0.0,A1AB00,北政國中,,,,2025-07-31T12:30:00+08:00,,,,,,
,22.675384,120.686784,,,,0.0,213.0,26.0,382.0,582.0,708.0,54.0,95.0,216.0,01Q920,新瑪家,,,,2025-07-31T12:30:00+08:00,,,,,,
-99.0,25.094819,121.717128,,991.7,0.0,0.0,0.0,0.0,0.0,0.0,20.5,0.0,0.0,0.0,C0B010,七堵,,-99.0,,2025-07-31T12:30:00+08:00,2025-07-31T12:00:00+08:00,,,,156.0,2.6
73.0,24.79778,121.0089,11.3,-99.0,,0.0,0.0,0.0,0.0,0.0,21.0,0.0,0.0,0.0,CAD050,國一N094K,-99.0,31.0,2025-07-31T12:20:00+08:00,2025-07-31T12:30:00+08:00,,-99,-99,陰,240.0,4.5
-99.0,23.911108,120.846556,-99.0,-99.0,,,,,,,,,,-99.0,C2H9E0,國姓南港,-99.0,-99.0,2025-07-31T12:20:00+08:00,,,-99,-99,陰,-99.0,-99.0
97.0,24.414939,120.870872,4.7,-99.0,,0.0,31.5,0.5,36.0,44.0,47.0,2.0,25.0,31.5,C2E520,大湖,-99.0,24.0,2025-07-31T12:20:00+08:00,2025-07-31T12:30:00+08:00,,-99,-99,陰,110.0,0.6
93.0,24.003028,120.534389,6.5,-99.0,,0.0,83.0,0.0,116.0,150.0,150.0,3.0,18.5,83.5,72G600,臺中農改,-99.0,26.4,2025-07-31T12:20:00+08:00,2025-07-31T12:30:00+08:00,,-99,-99,陰,130.0,3.1
91.0,22.514781,120.506914,,997.6,7.5,0.0,7.5,0.0,16.0,81.5,154.0,1.0,4.5,7.5,C0R520,崁頂,,29.8,,2025-07-31T12:30:00+08:00,2025-07-31T12:00:00+08:00,,,,233.0,6.2
,23.417015,121.279375,,,,0.0,7.0,0.0,14.0,25.0,30.0,0.0,1.0,9.0,01T240,苗圃,,,,2025-07-31T12:30:00+08:00,,,,,,
74.0,24.596944,121.857089,,994.9,0.0,0.0,0.0,0.0,0.0,0.0,0.0,0.0,0.0,0.0,C0UB10,蘇澳,,30.7,,2025-07-31T12:30:00+08:00,2025-07-31T12:00:00+08:00,,,,60.0,1.0
-99.0,24.39792,120.98599,,-99.0,-99.0,,,,,,,,,,C0E950,松安,,-99.0,,,2025-07-31T12:00:00+08:00,,,,-99.0,-99.0
,23.661789,120.807647,,,,0.5,108.0,14.0,209.5,332.0,352.5,20.0,20.5,110.5,C1I101,溪頭,,,,2025-07-31T12:30:00+08:00,,,,,,
100.0,24.067969,121.209389,4.9,-99.0,,1.0,35.5,1.0,57.0,83.5,170.0,8.5,25.5,35.5,C2D740,屯原,-99.0,15.8,2025-07-31T12:20:00+08:00,2025-07-31T12:30:00+08:00,,-99,-99,陰,360.0,1.1
99.0,23.493903,120.699253,,860.5,139.0,2.5,137.5,15.0,379.0,700.0,752.0,35.5,38.0,146.5,C0M530,奮起湖,,19.7,,2025-07-31T12:30:00+08:00,2025-07-31T12:00:00+08:00,,,,199.0,0.3
99.0,23.911469,120.687331,,988.8,138.5,1.5,140.5,17.0,225.0,482.0,482.0,21.0,34.0,149.5,C0I460,南投,,26.1,,2025-07-31T12:30:00+08:00,2025-07-31T12:00:00+08:00,,,,194.0,2.9
,24.936785,121.713797,,,,0.0,0.0,0.0,0.0,0.0,28.5,0.0,0.0,0.0,L1A830,坪林,,,,2025-07-31T12:30:00+08:00,,,,,,
99.0,23.924703,120.547533,,996.3,29.0,0.0,29.0,0.5,32.0,90.5,90.5,7.5,16.0,29.0,C0G920,永靖,,25.4,,2025-07-31T12:30:00+08:00,2025-07-31T12:00:00+08:00,,,,160.0,2.1
78.0,23.809928,121.539828,,944.7,10.0,0.0,9.0,0.0,10.0,15.5,19.5,0.0,0.5,10.0,C0T9A0,月眉山,,27.4,,2025-07-31T12:30:00+08:00,2025-07-31T12:00:00+08:00,,,,0.0,0.1
,23.472849,120.907956,,,,0.0,97.0,2.0,217.0,342.0,395.0,6.0,14.0,98.0,O1I360,楠溪,,,,2025-07-31T12:30:00+08:00,,,,,,
,25.110338,121.803301,,,,0.0,0.0,0.0,0.0,0.0,12.0,0.0,0.0,0.0,01A380,瑞芳(2),,,,2025-07-31T12:30:00+08:00,,,,,,
98.0,21.921689,120.735817,,998.6,27.5,0.0,30.0,2.5,30.0,46.0,195.0,11.0,29.5,30.0,C0R350,貓鼻頭,,26.6,,2025-07-31T12:30:00+08:00,2025-07-31T12:00:00+08:00,,,,269.0,4.0
,23.961922,120.991131,,,,0.0,79.0,0.0,137.5,183.0,243.0,3.0,11.5,82.5,C1I250,鯉潭,,,,2025-07-31T12:30:00+08:00,,,,,,
68.0,25.002719,121.742892,3.4,-99.0,,0.0,0.0,0.0,0.0,0.0,29.0,0.0,0.0,0.0,C2A650,火燒寮,-99.0,32.3,2025-07-31T12:20:00+08:00,2025-07-31T12:30:00+08:00,,-99,-99,陰,10.0,1.0
,23.277581,120.916901,,,,0.0,139.0,1.0,274.0,437.0,467.0,7.0,26.0,145.0,01V070,天池,,,,2025-07-31T12:30:00+08:00,,,,,,
97.0,24.42595,121.01347,,800.9,-99.0,0.0,23.5,0.5,23.5,36.0,49.5,7.5,21.0,23.5,C0E940,雪見,,17.3,,2025-07-31T12:30:00+08:00,2025-07-31T12:00:00+08:00,,,,-99.0,-99.0
-99.0,24.1512,121.201772,-99.0,-99.0,,,,,,,,,,-99.0,C2H9L0,馬烈霸,-99.0,-99.0,2025-07-31T12:20:00+08:00,,,-99,-99,陰,-99.0,-99.0
,25.084692,121.591709,,,,0.0,0.0,0.0,0.0,0.0,46.5,0.0,0.0,0.0,A1AA40,碧湖國小,,,,2025-07-31T12:30:00+08:00,,,,,,
72.0,24.668836,120.885811,9.3,-99.0,,0.0,0.0,0.0,0.5,0.5,11.5,0.0,0.0,0.5,CAE020,國一S114K,-99.0,30.2,2025-07-31T12:20:00+08:00,2025-07-31T12:30:00+08:00,,-99,-99,陰,190.0,3.0
87.0,24.555361,121.802628,,912.1,0.0,0.0,0.0,0.0,0.5,0.5,0.5,0.0,0.0,0.0,C0UA50,西帽山,,26.9,,2025-07-31T12:30:00+08:00,2025-07-31T12:00:00+08:00,,,,283.0,0.4
74.0,25.2698,121.488597,,995.6,0.0,0.0,0.0,0.0,0.0,0.0,10.0,0.0,0.0,0.0,C0AJ70,田寮,,31.8,,2025-07-31T12:30:00+08:00,2025-07-31T12:00:00+08:00,,,,256.0,4.2
98.0,22.305064,120.642986,,998.5,24.5,0.0,24.5,0.0,29.5,74.5,165.5,4.0,9.0,24.5,C0R810,內獅,,27.7,,2025-07-31T12:30:00+08:00,2025-07-31T12:00:00+08:00,,,,271.0,2.6
,24.115569,121.605006,,,,0.0,13.0,0.0,13.0,13.0,18.0,0.5,7.5,13.0,C1Z110,三棧,,,,2025-07-31T12:30:00+08:00,,,,,,
90.0,24.256003,120.523381,7.0,-99.0,,0.0,127.0,0.0,139.5,161.5,162.0,0.5,10.0,135.5,C0FA30,梧棲,-99.0,27.4,2025-07-31T12:20:00+08:00,2025-07-31T12:30:00+08:00,,-99,-99,陰,130.0,4.5
75.0,24.907222,121.873428,,997.5,0.0,0.0,0.0,0.0,1.5,1.5,9.0,0.0,0.0,0.0,C0U880,北關,,32.0,,2025-07-31T12:30:00+08:00,2025-07-31T12:00:00+08:00,,,,124.0,0.9
,24.968892,121.595301,,,,0.0,0.0,0.0,0.0,0.0,42.5,0.0,0.0,0.0,A1AD60,貓空,,,,2025-07-31T12:30:00+08:00,,,,,,
,23.265549,120.824866,,,,0.0,237.0,29.0,558.0,794.0,840.0,56.0,78.0,271.0,01V060,梅山(2),,,,2025-07-31T12:30:00+08:00,,,,,,
65.0,25.002703,121.628328,,987.7,-99.0,0.0,0.0,0.0,0.0,0.0,40.0,0.0,0.0,0.0,C0AH80,深坑,,35.2,,2025-07-31T12:30:00+08:00,2025-07-31T12:00:00+08:00,,,,79.0,0.9
99.0,23.453994,120.749517,,896.8,127.5,3.5,129.0,15.0,367.5,605.0,641.0,20.5,43.0,135.5,C0M820,達邦,,21.6,,2025-07-31T12:30:00+08:00,2025-07-31T12:00:00+08:00,,,,0.0,0.0
95.0,23.126042,120.46055,1.8,-99.0,,0.0,18.0,0.0,35.0,69.5,196.5,0.5,3.5,20.5,C2O930,玉井,-99.0,27.6,2025-07-31T12:20:00+08:00,2025-07-31T12:30:00+08:00,,-99,-99,陰有雷,310.0,0.5
,23.706388,121.4125,,,,0.0,3.5,0.0,4.0,8.5,8.5,0.0,0.0,4.0,81T1C0,明利國小,,,,2025-07-31T12:30:00+08:00,,,,,,
,23.890575,121.459639,,,,0.0,12.0,0.0,12.5,20.0,20.0,0.0,1.0,12.5,C1Z140,荖溪,,,,2025-07-31T12:30:00+08:00,,,,,,
65.0,25.11444,121.6886,3.6,-99.0,,0.0,0.0,0.0,0.0,0.0,13.5,0.0,0.0,0.0,CAB030,國三S004K,-99.0,33.9,2025-07-31T12:20:00+08:00,2025-07-31T12:30:00+08:00,,-99,-99,陰,190.0,1.0
93.0,23.081672,120.062894,8.8,-99.0,,0.0,0.0,0.0,0.0,27.5,47.0,0.0,0.0,0.0,72N240,七股研究中心,-99.0,29.0,2025-07-31T12:20:00+08:00,2025-07-31T12:30:00+08:00,,-99,-99,陰,230.0,5.6
,23.001003,121.130944,,,,0.0,15.5,0.0,32.0,60.5,69.5,0.0,7.5,15.5,81S900,加拿國小,,,,2025-07-31T12:30:00+08:00,,,,,,
77.0,24.498589,120.673878,,998.4,60.5,0.0,60.0,0.0,63.5,69.0,70.5,0.0,29.5,60.5,C0E920,通霄漁港,,28.0,,2025-07-31T12:30:00+08:00,2025-07-31T12:00:00+08:00,,,,170.0,6.1
70.0,24.700036,120.859128,,997.7,0.0,0.0,0.0,0.0,0.0,0.0,11.0,0.0,0.0,0.0,C0E930,龍鳳,,31.0,,2025-07-31T12:30:00+08:00,2025-07-31T12:00:00+08:00,,,,180.0,4.1
,24.687014,120.960275,,,,0.0,0.0,0.0,0.0,0.0,9.0,0.0,0.0,0.0,01E240,珊珠湖,,,,2025-07-31T12:30:00+08:00,,,,,,
90.0,22.568,120.528,9.1,-99.0,,0.0,11.0,0.0,17.0,159.0,227.5,0.0,7.5,11.0,CAQ020,國三S415K,-99.0,29.7,2025-07-31T12:20:00+08:00,2025-07-31T12:30:00+08:00,,-99,21-30,陰,230.0,5.7
,25.103294,121.555611,,,,0.0,0.0,0.0,0.0,0.0,61.0,0.0,0.0,0.0,A1AA30,至善國中,,,,2025-07-31T12:30:00+08:00,,,,,,
100.0,23.77412,120.64061,13.5,-99.0,,0.0,88.5,4.0,150.5,235.0,235.0,22.5,26.5,92.5,CAJ010,國三N252K,-99.0,24.8,2025-07-31T12:20:00+08:00,2025-07-31T12:30:00+08:00,,-99,7-10,陰,120.0,2.4
,23.083884,120.58767,,,,0.0,87.0,0.0,153.0,255.0,459.0,28.0,36.0,88.0,01P660,甲仙(2),,,,2025-07-31T12:30:00+08:00,,,,,,
91.0,23.721453,120.378864,5.3,-99.0,,0.0,11.0,0.5,12.5,51.5,91.5,1.5,2.5,11.0,C2K620,馬光農場,-99.0,27.8,2025-07-31T12:20:00+08:00,2025-07-31T12:30:00+08:00,,-99,-99,陰,140.0,3.0
98.0,23.112883,120.297219,,998.8,-99.0,0.0,6.0,5.5,10.0,28.5,53.0,5.5,5.5,6.0,C0O900,善化,,30.7,,2025-07-31T12:30:00+08:00,2025-07-31T12:00:00+08:00,,,,226.0,3.6
,23.702777,120.762222,,,,0.0,93.0,0.0,203.0,307.0,327.0,0.0,0.0,95.5,81HB30,和雅茶園,,,,2025-07-31T12:30:00+08:00,,,,,,
,24.469909,120.968785,,,,0.0,8.0,0.0,8.0,21.0,34.0,0.0,7.0,8.0,01E030,橫龍山,,,,2025-07-31T12:30:00+08:00,,,,,,
,24.635269,120.820796,,,,0.0,1.0,0.0,1.0,1.0,9.0,0.0,0.0,1.0,01E390,大潭,,,,2025-07-31T12:30:00+08:00,,,,,,
,24.588003,120.735306,,,,0.0,9.0,0.0,9.0,9.0,15.0,0.0,3.0,9.0,01E310,南勢山,,,,2025-07-31T12:30:00+08:00,,,,,,
100.0,23.68645,120.603417,,988.4,44.0,0.0,44.5,0.5,121.5,187.0,189.5,31.5,32.5,44.5,C0K560,棋山,,25.2,,2025-07-31T12:30:00+08:00,2025-07-31T12:00:00+08:00,,,,117.0,1.0
97.0,23.366342,120.362306,,996.8,12.5,0.0,11.5,0.0,12.5,28.5,71.0,5.5,10.5,12.5,C0X260,後壁,,26.8,,2025-07-31T12:30:00+08:00,2025-07-31T12:00:00+08:00,,,,119.0,1.8
,25.063288,121.633793,,,,0.0,0.0,0.0,0.0,0.0,36.0,0.0,0.0,0.0,01AG00,社后橋,,,,2025-07-31T12:30:00+08:00,,,,,,
,25.180294,121.548816,,,,0.0,0.0,0.0,0.0,0.0,66.5,0.0,0.0,0.0,A1AD40,小油坑,,,,2025-07-31T12:30:00+08:00,,,,,,
89.0,23.58565,120.408111,5.8,-99.0,,0.0,18.0,0.0,27.0,50.5,138.0,14.5,15.0,18.0,G2M350,溪口農場,-99.0,28.7,2025-07-31T12:20:00+08:00,2025-07-31T12:30:00+08:00,,-99,-99,陰,180.0,2.7
88.0,22.802525,120.216369,,999.5,0.5,0.0,0.5,0.0,0.5,0.5,62.5,0.0,0.0,0.5,C0V870,文安,,30.4,,2025-07-31T12:30:00+08:00,2025-07-31T12:00:00+08:00,,,,222.0,5.9
,24.156667,120.756667,,,,0.0,283.0,19.0,340.5,340.5,340.5,35.5,120.0,287.0,81F890,坪廓分校,,,,2025-07-31T12:30:00+08:00,,,,,,
66.0,24.870056,121.221389,,971.6,-99.0,,,,,,,,,,C0C670,龍潭,,29.6,,,2025-07-31T12:00:00+08:00,,,,240.0,2.3
81.0,24.612194,121.157167,1.9,-99.0,,0.0,2.5,0.0,2.5,2.5,19.0,0.0,2.5,2.5,72D080,五峰站,-99.0,26.1,2025-07-31T12:20:00+08:00,2025-07-31T12:30:00+08:00,,-99,-99,陰,0.0,0.0
100.0,22.121825,120.836781,,957.5,46.0,0.0,45.5,0.0,83.5,123.0,238.5,13.5,40.5,46.0,C0R830,高士,,24.3,,2025-07-31T12:30:00+08:00,2025-07-31T12:00:00+08:00,,,,183.0,2.4
59.0,24.967652,121.185165,11.5,-99.0,,0.0,0.0,0.0,0.0,0.0,81.5,0.0,0.0,0.0,C2C410,中央大學,-99.0,32.9,2025-07-31T12:20:00+08:00,2025-07-31T12:30:00+08:00,,-99,-99,陰,240.0,5.1
,24.056661,120.911322,,,,0.0,239.0,11.0,340.0,436.5,590.0,24.0,119.5,246.5,81H960,北港國小,,,,2025-07-31T12:30:00+08:00,,,,,,
,22.513226,120.511111,,,,0.0,14.0,0.0,24.0,90.0,164.0,1.0,9.0,14.0,O1R630,崁頂,,,,2025-07-31T12:30:00+08:00,,,,,,
98.0,23.737456,120.417944,,997.9,9.5,0.0,9.5,0.0,13.0,61.5,78.0,3.0,3.0,9.5,C0K580,高鐵雲林,,26.5,,2025-07-31T12:30:00+08:00,2025-07-31T12:00:00+08:00,,,,145.0,0.9
96.0,23.947633,120.525456,,994.6,40.0,0.0,40.0,0.0,50.5,97.0,97.0,2.5,14.5,40.0,C0G810,埔心,,27.7,,2025-07-31T12:30:00+08:00,2025-07-31T12:00:00+08:00,,,,142.0,1.9
73.0,22.594789,120.960825,,981.9,10.5,0.0,7.5,0.0,53.5,83.0,95.0,0.0,3.0,10.5,C0S920,金峰嘉蘭,,27.9,,2025-07-31T12:30:00+08:00,2025-07-31T12:00:00+08:00,,,,263.0,3.0
,24.488418,121.426136,,,,0.0,6.0,0.0,6.0,6.0,6.0,1.0,6.0,6.0,01U780,四季,,,,2025-07-31T12:30:00+08:00,,,,,,
,22.383056,120.910278,,,,0.0,44.5,0.0,82.0,165.5,172.5,3.0,25.0,45.0,88S950,大鳥,,,,2025-07-31T12:30:00+08:00,,,,,,
64.0,24.93775,121.266389,7.4,-99.0,,,,,,,,,,-99.0,V2C250,八德合作社,-99.0,32.1,2025-07-31T12:20:00+08:00,,,-99,-99,陰,220.0,3.7
-99.0,22.9677,120.685703,-99.0,-99.0,,,,,,,,,,-99.0,E2P990,扇平林試,-99.0,-99.0,2025-07-31T12:20:00+08:00,,,-99,-99,陰有雷,-99.0,-99.0
,23.496927,121.445929,,,,0.0,8.0,0.0,13.0,18.0,18.0,0.0,0.0,10.0,O1T800,奇美國小,,,,2025-07-31T12:30:00+08:00,,,,,,
90.0,22.478205,120.415136,,1000.3,23.0,0.0,23.0,0.0,24.0,67.0,146.0,13.0,20.0,23.0,C0V900,汕尾,,29.3,,2025-07-31T12:30:00+08:00,2025-07-31T12:00:00+08:00,,,,258.0,3.0
-99.0,25.079422,121.57545,,994.4,-99.0,0.0,0.0,0.0,0.0,0.0,46.5,0.0,0.0,0.0,C0A9F0,內湖,,35.6,,2025-07-31T12:30:00+08:00,2025-07-31T12:00:00+08:00,,,,325.0,1.2
84.0,22.783806,120.246361,,1000.6,7.5,0.0,7.5,0.0,7.5,12.5,69.0,0.0,7.0,7.5,C0V650,彌陀,,29.9,,2025-07-31T12:30:00+08:00,2025-07-31T12:00:00+08:00,,,,251.0,3.7
68.0,24.457703,118.328989,,994.0,0.5,0.0,0.5,0.0,0.5,0.5,0.5,0.0,0.5,0.5,C0W150,金寧,,32.0,,2025-07-31T12:30:00+08:00,2025-07-31T12:00:00+08:00,,,,221.0,3.2
89.0,22.079678,120.714425,9.9,-99.0,,0.0,46.5,0.0,48.5,63.5,300.5,21.5,46.0,46.5,12Q980,恆春工作站,-99.0,28.0,2025-07-31T12:20:00+08:00,2025-07-31T12:30:00+08:00,,-99,-99,陰,280.0,3.8
,24.526914,120.830806,,,,0.0,25.0,0.0,29.5,33.0,37.5,0.0,23.5,25.5,C1E770,公館,,,,2025-07-31T12:30:00+08:00,,,,,,
,23.240423,120.696717,,,,0.0,180.0,21.0,474.5,749.5,802.5,49.5,60.5,184.5,81V830,那瑪夏國中,,,,2025-07-31T12:30:00+08:00,,,,,,
,23.779975,120.871686,,,,0.0,150.0,9.0,329.0,550.0,577.0,9.0,9.0,164.0,O1H540,龍神橋,,,,2025-07-31T12:30:00+08:00,,,,,,
,23.290374,120.496384,,,,0.0,46.0,17.0,66.0,162.0,242.0,40.0,43.0,49.0,01O200,北寮,,,,2025-07-31T12:30:00+08:00,,,,,,
59.0,24.939025,121.369728,,992.5,-99.0,0.0,0.0,0.0,0.0,0.0,37.5,0.0,0.0,0.0,C0AC60,三峽,,34.7,,2025-07-31T12:30:00+08:00,2025-07-31T12:00:00+08:00,,,,274.0,1.3
70.0,24.726316,120.940643,8.9,-99.0,,0.0,0.0,0.0,0.0,0.0,10.0,0.0,0.0,0.0,CAD010,國一S105K,-99.0,30.8,2025-07-31T12:20:00+08:00,2025-07-31T12:30:00+08:00,,-99,7-10,陰,230.0,2.4
89.0,24.183494,120.48713,,997.8,71.0,0.0,71.0,0.0,74.5,99.5,99.5,2.5,7.0,71.0,C0G950,防潮門,,27.6,,2025-07-31T12:30:00+08:00,2025-07-31T12:00:00+08:00,,,,151.0,4.5
75.0,24.89583,121.1342,10.0,-99.0,,0.0,0.0,0.0,0.0,0.0,43.0,0.0,0.0,0.0,CAC010,國一S072K,-99.0,31.3,2025-07-31T12:20:00+08:00,2025-07-31T12:30:00+08:00,,-99,7-10,陰,220.0,4.5
65.0,23.746114,121.453411,,985.7,10.5,0.0,9.5,0.0,10.5,16.5,18.5,0.0,0.5,10.5,C0Z160,鳳林,,31.3,,2025-07-31T12:30:00+08:00,2025-07-31T12:00:00+08:00,,,,0.0,0.0
99.0,24.085272,121.173572,,783.0,53.5,1.0,54.5,2.0,79.5,108.0,210.5,11.0,40.0,55.5,C0I480,梅峰,,15.0,,2025-07-31T12:30:00+08:00,2025-07-31T12:00:00+08:00,,,,0.0,0.0
97.0,24.267064,121.000793,,774.8,-99.0,0.0,110.0,7.0,112.0,165.5,222.0,50.5,90.5,110.5,C0FA60,鞍馬山工作站,,15.9,,2025-07-31T12:30:00+08:00,2025-07-31T12:00:00+08:00,,,,5.0,1.2
100.0,23.248397,120.986133,,767.5,69.0,1.5,68.0,7.0,133.0,197.5,207.5,8.5,12.0,75.0,C0S750,向陽,,15.1,,2025-07-31T12:30:00+08:00,2025-07-31T12:00:00+08:00,,,,0.0,0.1
,24.646103,121.151106,,,,0.0,0.0,0.0,0.0,0.0,13.5,0.0,0.0,0.0,81D660,花園派出所,,,,2025-07-31T12:30:00+08:00,,,,,,
86.0,24.118546,120.585747,5.7,-99.0,,0.0,178.0,0.0,196.5,283.0,283.0,1.0,53.5,183.0,CAF040,國一S188K,-99.0,26.0,2025-07-31T12:20:00+08:00,2025-07-31T12:30:00+08:00,,-99,-99,陰,140.0,2.9
-99.0,22.527306,120.625111,,-99.0,-99.0,,,,,,,,,,C0R240,來義,,-99.0,,,2025-07-31T12:00:00+08:00,,,,-99.0,-99.0
,22.545635,120.569592,,,,0.0,17.0,0.0,25.0,193.0,268.0,2.0,15.0,17.0,01R440,泗林,,,,2025-07-31T12:30:00+08:00,,,,,,
85.0,23.22881,120.29962,7.0,-99.0,,3.5,7.0,3.5,7.0,25.5,48.0,3.5,7.0,3.5,CAN140,六官養殖協會,-99.0,29.3,2025-07-31T12:20:00+08:00,2025-07-31T12:30:00+08:00,,-99,-99,陰有雷,220.0,4.3
,24.554803,121.034747,,,,0.0,11.0,0.0,11.0,11.0,18.0,0.0,11.0,11.0,C1E480,鳳美,,,,2025-07-31T12:30:00+08:00,,,,,,
65.0,24.718133,121.687664,,992.5,0.0,0.0,0.0,0.0,0.0,0.0,2.0,0.0,0.0,0.0,C0U900,內城,,32.2,,2025-07-31T12:30:00+08:00,2025-07-31T12:00:00+08:00,,,,219.0,0.9
90.0,22.765833,120.328888,11.8,-99.0,,0.0,8.0,0.0,8.0,10.0,74.5,0.0,2.0,8.0,CAP030,國一N351K,-99.0,30.0,2025-07-31T12:20:00+08:00,2025-07-31T12:30:00+08:00,,-99,-99,陰,260.0,6.5
,23.668178,120.887417,,,,0.5,77.0,5.0,138.0,217.5,233.0,6.0,6.5,84.0,C1I290,豐丘,,,,2025-07-31T12:30:00+08:00,,,,,,
,22.855418,120.617155,,,,0.0,84.0,19.0,121.0,254.0,425.0,34.0,36.0,90.0,O1R450,新豐(1),,,,2025-07-31T12:30:00+08:00,,,,,,
90.0,22.467947,120.582894,,997.5,19.5,0.0,19.5,0.0,31.0,128.0,202.5,14.0,15.0,19.5,C0R550,新埤,,29.2,,2025-07-31T12:30:00+08:00,2025-07-31T12:00:00+08:00,,,,217.0,2.1
91.0,23.485028,120.473806,5.2,-99.0,,0.0,11.0,0.0,22.5,113.5,208.0,10.0,10.0,11.0,G2L020,嘉義農試,-99.0,27.0,2025-07-31T12:20:00+08:00,2025-07-31T12:30:00+08:00,,-99,-99,陰,140.0,2.4
,24.705412,121.183143,,,,0.0,0.0,0.0,0.0,0.0,24.0,0.0,0.0,0.0,81D650,內灣國小,,,,2025-07-31T12:30:00+08:00,,,,,,
,24.270832,121.741801,,,,0.5,10.0,0.5,10.0,10.0,10.5,2.5,10.0,10.0,88T830,和中,,,,2025-07-31T12:30:00+08:00,,,,,,
,24.236389,120.88,,,,0.0,225.5,5.5,237.5,301.0,429.0,42.5,137.5,226.0,81F880,中坑國小,,,,2025-07-31T12:30:00+08:00,,,,,,
91.0,22.99175,120.293525,,998.3,-99.0,0.0,0.0,0.0,0.0,8.5,38.5,0.0,0.0,0.0,C0O990,媽廟,,29.6,,2025-07-31T12:30:00+08:00,2025-07-31T12:00:00+08:00,,,,225.0,0.5
92.0,24.505486,121.525656,,801.4,5.0,0.0,5.0,0.0,5.0,5.0,5.0,0.5,5.0,5.0,C0U710,太平山,,19.6,,2025-07-31T12:30:00+08:00,2025-07-31T12:00:00+08:00,,,,0.0,0.0
,24.618333,121.285833,,,,0.0,0.0,0.0,0.0,0.0,0.5,0.0,0.0,0.0,81D770,秀巒國小,,,,2025-07-31T12:30:00+08:00,,,,,,
94.0,22.416211,120.926942,,996.7,26.5,0.0,26.5,0.0,98.5,186.0,224.0,3.0,12.5,26.5,C0S970,加津林,,27.1,,2025-07-31T12:30:00+08:00,2025-07-31T12:00:00+08:00,,,,202.0,0.3
,22.770111,120.645222,,,,0.0,55.5,8.0,85.0,205.0,421.0,17.5,24.5,60.0,C1R110,口社,,,,2025-07-31T12:30:00+08:00,,,,,,
64.0,25.00194,121.5975,3.2,-99.0,,0.0,0.0,0.0,0.0,0.0,36.0,0.0,0.0,0.0,CAA090,國三甲005K,-99.0,34.4,2025-07-31T12:20:00+08:00,2025-07-31T12:30:00+08:00,,-99,>30,陰,50.0,2.2
86.0,23.737734,120.256132,8.9,-99.0,,0.0,0.0,0.0,0.0,13.0,13.5,0.0,0.0,0.0,CAJ030,西濱N222K,-99.0,29.2,2025-07-31T12:20:00+08:00,2025-07-31T12:30:00+08:00,,-99,16-20,陰,210.0,6.3
57.0,25.063861,121.340164,,971.1,0.0,0.0,0.0,0.0,0.0,0.0,52.0,0.0,0.0,0.0,C0C690,國一五楊N44K,,31.7,,2025-07-31T12:30:00+08:00,2025-07-31T12:00:00+08:00,,,,343.0,0.6
81.0,24.407306,118.289281,5.0,994.8,,0.0,0.0,0.0,0.0,0.0,0.0,0.0,0.0,0.0,467110,金門,4.9,32.3,2025-07-31T12:20:00+08:00,2025-07-31T12:30:00+08:00,,-99,16-20,多雲,220.0,1.4
,24.221361,120.841069,,,,0.0,241.5,1.0,264.5,321.5,476.5,47.5,141.0,244.0,C1F911,新伯公,,,,2025-07-31T12:30:00+08:00,,,,,,
80.0,22.587569,120.993375,,994.1,7.5,0.0,7.0,0.0,40.0,69.5,80.5,0.0,2.0,7.5,C0S960,香蘭,,28.8,,2025-07-31T12:30:00+08:00,2025-07-31T12:00:00+08:00,,,,356.0,2.2
,24.939858,121.470989,,,,0.0,0.0,0.0,0.0,0.0,48.0,0.0,0.0,0.0,81AH80,五城加油站,,,,2025-07-31T12:30:00+08:00,,,,,,
100.0,23.763919,120.788061,1.1,-99.0,,0.0,121.5,12.0,370.5,556.5,572.0,17.0,17.5,140.5,C2H9U0,鳳鵬,-99.0,24.2,2025-07-31T12:20:00+08:00,2025-07-31T12:30:00+08:00,,-99,-99,陰有雨,360.0,0.4
84.0,22.622742,120.330669,,996.6,14.0,0.0,14.0,0.0,21.5,31.0,106.5,0.0,0.0,14.0,C0V710,苓雅,,31.0,,2025-07-31T12:30:00+08:00,2025-07-31T12:00:00+08:00,,,,262.0,1.9
,22.368323,120.663618,,,,0.0,72.0,0.0,93.0,224.0,339.0,21.0,44.0,72.0,01R040,士文,,,,2025-07-31T12:30:00+08:00,,,,,,
99.0,23.762528,120.7405,3.2,-99.0,,0.0,133.0,13.0,369.5,520.0,520.0,23.5,24.0,149.0,82H840,凍頂茶改,-99.0,23.2,2025-07-31T12:20:00+08:00,2025-07-31T12:30:00+08:00,,-99,-99,陰有雨,100.0,1.3
,22.82325,121.009389,,,,0.0,56.5,0.5,170.5,261.5,277.0,0.5,18.5,65.5,C1SA50,利嘉林道,,,,2025-07-31T12:30:00+08:00,,,,,,
57.0,25.115597,121.513167,,994.2,-99.0,0.0,0.0,0.0,0.0,0.0,84.0,0.0,0.0,0.0,C0AI40,石牌,,35.5,,2025-07-31T12:30:00+08:00,2025-07-31T12:00:00+08:00,,,,338.0,1.6
,22.690878,120.99909,,,,0.0,25.0,0.0,75.0,103.0,116.0,0.0,3.0,28.0,01S210,知本(5),,,,2025-07-31T12:30:00+08:00,,,,,,
84.0,24.39798,120.669487,13.0,-99.0,,0.0,47.0,0.0,59.5,82.0,88.0,0.5,10.0,49.5,CAE090,國三S156K,-99.0,26.8,2025-07-31T12:20:00+08:00,2025-07-31T12:30:00+08:00,,-99,-99,陰,150.0,6.8
85.0,23.223772,121.406639,,981.7,8.5,0.0,8.0,0.0,13.5,17.0,17.0,0.0,1.0,8.5,C0S940,石寧山,,29.2,,2025-07-31T12:30:00+08:00,2025-07-31T12:00:00+08:00,,,,27.0,1.2
,24.641389,121.278611,,,,0.0,0.0,0.0,0.0,0.0,8.5,0.0,0.0,0.0,81D670,田埔分校,,,,2025-07-31T12:30:00+08:00,,,,,,
-99.0,24.043122,120.932781,-99.0,-99.0,,0.0,186.0,5.5,283.0,365.0,482.5,15.5,99.0,197.5,C2H9W0,大坪頂農水,-99.0,21.8,2025-07-31T12:20:00+08:00,2025-07-31T12:30:00+08:00,,-99,-99,陰,20.0,2.0
72.0,24.84444,121.0214,8.0,-99.0,,0.0,0.0,0.0,0.0,0.0,33.5,0.0,0.0,0.0,CAD040,國一S088K,-99.0,32.0,2025-07-31T12:20:00+08:00,2025-07-31T12:30:00+08:00,,-99,>30,陰,220.0,2.9
64.0,25.091966,121.192505,15.7,-99.0,,0.0,0.0,0.0,0.0,0.0,34.5,0.0,0.0,0.0,CAC060,西濱S032K,-99.0,32.4,2025-07-31T12:20:00+08:00,2025-07-31T12:30:00+08:00,,-99,16-20,陰,170.0,7.6
,23.584167,120.695634,,,,0.0,75.0,9.0,320.0,578.0,603.0,33.0,35.0,83.0,01J970,草嶺(2),,,,2025-07-31T12:30:00+08:00,,,,,,
,24.600282,121.529309,,,,0.0,0.0,0.0,0.5,0.5,0.5,0.0,0.0,0.0,81U870,樂水分校,,,,2025-07-31T12:30:00+08:00,,,,,,
91.0,23.300997,120.110375,,997.2,-99.0,,,,,,,,,,C0N050,蚵寮,,29.4,,,2025-07-31T12:00:00+08:00,,,,253.0,7.6
82.0,22.572152,120.311191,,998.8,3.0,0.0,3.0,0.0,4.5,37.5,94.5,0.0,0.0,3.0,C0V890,前鎮,,31.1,,2025-07-31T12:30:00+08:00,2025-07-31T12:00:00+08:00,,,,0.0,0.0
,23.199503,121.027,,,,0.5,42.0,2.5,79.0,113.5,127.0,2.5,4.5,45.5,C1S670,摩天,,,,2025-07-31T12:30:00+08:00,,,,,,
,23.577934,120.301903,,,,0.0,2.0,0.0,5.0,11.0,53.0,1.0,1.0,2.0,O1J810,北港(2),,,,2025-07-31T12:30:00+08:00,,,,,,
,24.182844,120.929889,,,,0.0,167.5,6.5,182.5,294.0,364.0,20.5,79.0,167.5,C1F9C1,白冷,,,,2025-07-31T12:30:00+08:00,,,,,,
,23.087497,120.575997,,,,0.0,107.5,1.0,162.5,288.0,489.5,41.0,41.5,108.5,F1V860,甲仙,,,,2025-07-31T12:30:00+08:00,,,,,,
-99.0,24.143358,120.443536,,-99.0,-99.0,,,,,,,,,,C0G900,線西,,-99.0,,,2025-07-31T12:00:00+08:00,,,,-99.0,-99.0
94.0,23.125608,120.203108,,998.3,0.5,0.0,1.5,1.5,1.5,38.0,46.5,1.5,1.5,1.5,C0X140,西港,,29.7,,2025-07-31T12:30:00+08:00,2025-07-31T12:00:00+08:00,,,,235.0,1.8
97.0,24.237116,120.688271,5.2,-99.0,,0.0,212.0,0.0,235.0,262.0,268.0,38.0,98.5,121.5,CAF030,國一S169K,-99.0,25.5,2025-07-31T12:20:00+08:00,2025-07-31T12:30:00+08:00,,-99,-99,陰,170.0,2.0
64.0,25.095742,121.7403,,987.1,0.0,0.0,0.0,0.0,0.0,0.0,24.5,0.0,0.0,0.0,C0B060,暖暖,,35.0,,2025-07-31T12:30:00+08:00,2025-07-31T12:00:00+08:00,,,,0.0,0.0
,23.959722,120.686389,,,,6.0,139.5,19.0,245.0,351.5,351.5,24.0,32.0,140.5,81HA60,中興新村,,,,2025-07-31T12:30:00+08:00,,,,,,
59.0,24.991622,121.491792,,992.8,-99.0,0.0,0.0,0.0,0.0,0.0,38.5,0.0,0.0,0.0,C0AG80,中和,,34.9,,2025-07-31T12:30:00+08:00,2025-07-31T12:00:00+08:00,,,,307.0,1.9
100.0,22.024633,120.69355,,982.9,30.0,0.0,30.0,0.0,34.5,41.5,313.0,16.0,26.0,30.0,C0R730,大坪頂,,26.1,,2025-07-31T12:30:00+08:00,2025-07-31T12:00:00+08:00,,,,42.0,1.5
,24.449458,121.77722,,,,0.0,4.0,0.0,4.0,4.0,5.0,2.0,4.0,4.0,01U470,武塔,,,,2025-07-31T12:30:00+08:00,,,,,,
84.0,24.699317,121.427133,2.5,-99.0,,0.0,0.0,0.0,0.0,0.0,4.5,0.0,0.0,0.0,CAC040,拉拉山,-99.0,22.3,2025-07-31T12:20:00+08:00,2025-07-31T12:30:00+08:00,,-99,-99,陰,180.0,0.8
91.0,24.375492,120.749184,4.8,-99.0,,0.0,71.0,0.5,85.0,114.0,114.5,13.0,31.5,81.0,CAE050,國一S152K,-99.0,23.6,2025-07-31T12:20:00+08:00,2025-07-31T12:30:00+08:00,,-99,21-30,陰,240.0,0.9
84.0,22.680555,120.328611,10.0,-99.0,,0.0,1.5,0.0,2.0,7.5,78.0,0.0,0.0,1.5,CAP040,國一N361K,-99.0,31.1,2025-07-31T12:20:00+08:00,2025-07-31T12:30:00+08:00,,-99,7-10,陰,250.0,4.5
,25.123897,121.503113,,,,0.0,0.0,0.0,0.0,0.0,77.5,0.0,0.0,0.0,A1AB70,奇岩,,,,2025-07-31T12:30:00+08:00,,,,,,
72.0,24.820208,121.352281,,947.2,0.0,0.0,0.0,0.0,0.0,0.0,16.0,0.0,0.0,0.0,C0C460,復興,,27.1,,2025-07-31T12:30:00+08:00,2025-07-31T12:00:00+08:00,,,,294.0,0.8
93.0,23.056805,120.095569,,997.8,0.0,0.0,0.0,0.0,0.0,17.5,42.5,0.0,0.0,0.0,C0N020,城西,,29.0,,2025-07-31T12:30:00+08:00,2025-07-31T12:00:00+08:00,,,,214.0,6.2
56.0,25.048711,121.550428,,994.2,0.0,0.0,0.0,0.0,0.0,0.0,53.0,0.0,0.0,0.0,C0AH70,松山,,34.4,,2025-07-31T12:30:00+08:00,2025-07-31T12:00:00+08:00,,,,271.0,1.6
,23.615233,121.413331,,,,0.0,7.0,0.0,10.5,20.0,20.5,0.0,0.5,8.0,C1T970,大農,,,,2025-07-31T12:30:00+08:00,,,,,,
87.0,23.628342,119.513206,7.9,-99.0,,0.0,0.0,0.0,0.0,25.5,26.0,0.0,0.0,0.0,C2W230,畜試所澎湖,-99.0,30.1,2025-07-31T12:20:00+08:00,2025-07-31T12:30:00+08:00,,-99,-99,陰,200.0,3.5
,23.084972,120.788475,,,,6.0,257.5,24.0,659.0,1068.5,1182.0,36.0,57.0,295.0,C1V580,溪南(特),,,,2025-07-31T12:30:00+08:00,,,,,,
55.0,24.985917,121.239833,7.5,-99.0,,0.0,0.0,0.0,0.0,0.0,80.0,0.0,0.0,0.0,A2C560,農工中心,-99.0,34.4,2025-07-31T12:20:00+08:00,2025-07-31T12:30:00+08:00,,-99,-99,陰,230.0,1.4
67.0,24.980444,121.951214,,996.8,0.0,0.0,0.0,0.0,0.5,0.5,2.5,0.0,0.0,0.0,C0UA90,石城,,33.8,,2025-07-31T12:30:00+08:00,2025-07-31T12:00:00+08:00,,,,199.0,1.3
-99.0,23.884447,120.766406,1.0,-99.0,,4.0,140.5,18.5,254.5,490.5,490.5,29.0,30.0,156.0,C2H950,中寮,-99.0,24.1,2025-07-31T12:20:00+08:00,2025-07-31T12:30:00+08:00,,-99,-99,陰有雷雨,0.0,0.0
83.0,22.826389,120.600806,,990.7,76.0,0.5,74.5,4.5,96.0,197.0,351.5,25.0,25.5,78.5,C0R470,高樹,,28.8,,2025-07-31T12:30:00+08:00,2025-07-31T12:00:00+08:00,,,,111.0,1.1
65.0,25.03306,121.6158,3.5,-99.0,,0.0,0.0,0.0,0.0,0.0,40.0,0.0,0.0,0.0,CAA040,國三S016K,-99.0,34.2,2025-07-31T12:20:00+08:00,2025-07-31T12:30:00+08:00,,-99,-99,陰,340.0,2.1
90.0,23.189481,120.335297,7.0,-99.0,,0.0,4.5,1.0,6.0,38.0,96.0,1.0,4.0,4.5,C2N160,西拉雅風管處,-99.0,28.6,2025-07-31T12:20:00+08:00,2025-07-31T12:30:00+08:00,,-99,-99,陰有雷雨,230.0,3.1
87.0,23.551742,120.428444,,996.3,7.0,0.0,7.0,0.0,15.0,67.0,142.5,1.5,2.5,7.0,C0M760,民雄,,27.9,,2025-07-31T12:30:00+08:00,2025-07-31T12:00:00+08:00,,,,167.0,1.3
75.0,24.522345,120.725006,6.5,-99.0,,0.0,47.0,0.0,57.5,62.5,71.0,0.0,38.5,50.0,CAE080,國三S140K,-99.0,28.7,2025-07-31T12:20:00+08:00,2025-07-31T12:30:00+08:00,,-99,7-10,陰,190.0,1.6
84.0,24.539133,120.920042,,975.0,14.0,0.0,14.0,0.0,14.0,16.0,31.5,0.0,13.5,14.0,C0E820,獅潭,,26.1,,2025-07-31T12:30:00+08:00,2025-07-31T12:00:00+08:00,,,,216.0,4.1
,23.044518,120.479345,,,,0.0,48.0,3.0,69.0,120.0,288.0,16.0,23.0,48.0,01N850,南化(2),,,,2025-07-31T12:30:00+08:00,,,,,,
,22.175595,120.836703,,,,0.0,143.0,0.0,239.0,383.0,522.0,6.0,115.0,156.0,01Q860,牡丹,,,,2025-07-31T12:30:00+08:00,,,,,,
64.0,25.13605,121.53987,3.9,-99.0,,0.0,0.0,0.0,0.0,0.0,69.7,0.0,0.0,0.0,A0A460,文化大學,-99.0,30.2,2025-07-31T12:20:00+08:00,2025-07-31T12:30:00+08:00,,-99,-99,陰,310.0,1.9
,23.561737,120.922408,,,,0.5,67.0,1.5,131.5,190.5,203.5,4.0,7.5,67.5,81HB40,東埔吊橋,,,,2025-07-31T12:30:00+08:00,,,,,,
,23.183511,120.484083,,,,0.0,7.5,0.5,26.0,86.5,208.0,1.5,1.5,8.0,C1O921,楠西,,,,2025-07-31T12:30:00+08:00,,,,,,
88.0,22.508275,120.359141,,998.8,2.0,0.0,2.0,0.0,4.5,45.0,110.0,0.0,2.0,2.0,C0V840,鳳鼻頭,,29.2,,2025-07-31T12:30:00+08:00,2025-07-31T12:00:00+08:00,,,,244.0,6.3
83.0,24.275964,120.547681,7.3,-99.0,,1.0,63.0,5.0,72.0,109.5,110.0,15.0,36.0,64.0,CAF100,西濱N151K,-99.0,28.3,2025-07-31T12:20:00+08:00,2025-07-31T12:30:00+08:00,,-99,>30,陰有雨,160.0,2.3
95.0,22.917711,121.122994,,957.7,25.0,0.0,24.5,0.5,52.5,95.0,102.5,0.5,9.0,25.0,C0S710,鹿野,,25.3,,2025-07-31T12:30:00+08:00,2025-07-31T12:00:00+08:00,,,,31.0,1.5
62.0,25.11583,121.7286,4.2,-99.0,,0.0,0.0,0.0,0.0,0.0,13.5,0.0,0.0,0.0,CAB010,國一S001K,-99.0,34.7,2025-07-31T12:20:00+08:00,2025-07-31T12:30:00+08:00,,-99,-99,陰,210.0,1.3
,23.800493,120.464851,,,,0.0,28.0,0.0,31.0,68.0,72.0,0.0,1.0,28.0,01J100,西螺(2),,,,2025-07-31T12:30:00+08:00,,,,,,
,24.890886,121.745559,,,,0.0,0.0,0.0,0.0,0.0,35.0,0.0,0.0,0.0,01A190,碧湖,,,,2025-07-31T12:30:00+08:00,,,,,,
,24.663333,121.397222,,,,0.0,0.0,0.0,0.0,0.5,4.0,0.0,0.0,0.0,81C790,華陵,,,,2025-07-31T12:30:00+08:00,,,,,,
56.0,25.109508,121.469681,,997.4,0.0,0.0,0.0,0.0,0.0,0.0,64.0,0.0,0.0,0.0,C0A980,社子,,35.3,,2025-07-31T12:30:00+08:00,2025-07-31T12:00:00+08:00,,,,0.0,0.2
100.0,24.109231,121.326456,,679.2,35.0,0.0,34.5,0.0,41.5,54.0,85.5,8.0,22.0,35.0,C0I540,奇萊稜線,,9.7,,2025-07-31T12:30:00+08:00,2025-07-31T12:00:00+08:00,,,,273.0,6.6
85.0,22.646653,120.356122,,999.1,3.5,0.0,3.5,0.0,7.5,14.5,116.0,0.0,1.0,3.5,C0V440,鳳山,,30.1,,2025-07-31T12:30:00+08:00,2025-07-31T12:00:00+08:00,,,,250.0,1.7
68.0,24.955778,121.631222,3.8,-99.0,,0.0,0.0,0.0,0.0,0.0,50.0,0.0,0.0,0.0,82A750,文山茶改,-99.0,32.0,2025-07-31T12:20:00+08:00,2025-07-31T12:30:00+08:00,,-99,-99,陰,50.0,1.6
75.0,24.783583,120.914989,,996.7,0.0,0.0,0.0,0.0,0.0,0.0,29.0,0.0,0.0,0.0,C0D680,香山濕地,,30.5,,2025-07-31T12:30:00+08:00,2025-07-31T12:00:00+08:00,,,,211.0,10.7
,23.469067,120.701672,,,,15.0,106.0,26.5,278.5,517.0,557.0,37.0,44.5,115.5,81M660,阿里山國小,,,,2025-07-31T12:30:00+08:00,,,,,,
81.0,23.268528,121.305469,,979.7,7.0,0.0,6.5,0.0,16.5,28.0,29.0,0.0,1.0,7.0,C0Z300,東里,,27.2,,2025-07-31T12:30:00+08:00,2025-07-31T12:00:00+08:00,,,,95.0,0.6
,25.105298,121.474712,,,,0.0,0.0,0.0,0.0,0.0,66.0,0.0,0.0,0.0,A1AB30,中洲,,,,2025-07-31T12:30:00+08:00,,,,,,
70.0,24.488292,118.408778,,996.4,0.0,0.0,0.0,0.0,0.0,0.0,0.0,0.0,0.0,0.0,C0W140,金沙,,31.5,,2025-07-31T12:30:00+08:00,2025-07-31T12:00:00+08:00,,,,192.0,3.9
86.0,22.674911,120.284911,,995.7,1.5,0.0,1.5,0.0,2.0,3.5,82.0,0.0,0.0,1.5,C0V810,左營,,29.4,,2025-07-31T12:30:00+08:00,2025-07-31T12:00:00+08:00,,,,251.0,6.5
,23.360891,119.500614,,,,0.0,0.0,0.0,0.0,2.0,140.0,0.0,0.0,0.0,01W010,望安,,,,2025-07-31T12:30:00+08:00,,,,,,
88.0,23.208717,121.262342,,974.7,7.5,0.0,8.0,0.5,17.5,33.0,33.5,0.5,2.0,8.0,C0Z020,明里,,26.3,,2025-07-31T12:30:00+08:00,2025-07-31T12:00:00+08:00,,,,213.0,1.5
,23.406364,120.603339,,,,0.5,66.5,7.5,151.0,355.5,396.5,26.5,27.5,72.5,C1M600,頭凍,,,,2025-07-31T12:30:00+08:00,,,,,,
,22.969742,121.11534,,,,0.0,21.0,0.0,51.0,87.0,96.0,0.0,9.0,22.0,01S130,武陵,,,,2025-07-31T12:30:00+08:00,,,,,,
,24.109397,121.205211,,,,1.0,59.0,1.0,95.0,138.0,216.0,12.5,42.5,61.0,C1H000,翠峰,,,,2025-07-31T12:30:00+08:00,,,,,,
68.0,24.732444,120.976153,5.5,-99.0,,0.0,0.0,0.0,0.0,0.0,10.5,0.0,0.0,0.0,C2D730,寶山農場,-99.0,30.8,2025-07-31T12:20:00+08:00,2025-07-31T12:30:00+08:00,,-99,-99,陰,200.0,1.5
74.0,24.8926,121.745736,4.9,-99.0,,0.0,0.0,0.0,0.0,0.0,34.0,0.0,0.0,0.0,C2A540,四堵,-99.0,30.3,2025-07-31T12:20:00+08:00,2025-07-31T12:30:00+08:00,,-99,-99,陰,160.0,1.3
,23.025684,120.337183,,,,0.0,2.0,0.0,5.0,23.0,68.0,0.0,0.0,2.0,01O710,虎頭埤,,,,2025-07-31T12:30:00+08:00,,,,,,
80.0,25.129036,121.923372,,992.0,-99.0,0.0,0.0,0.0,0.0,0.0,2.0,0.0,0.0,0.0,C0A950,鼻頭角,,30.3,,2025-07-31T12:30:00+08:00,2025-07-31T12:00:00+08:00,,,,161.0,4.2
93.0,23.425381,120.522903,,983.5,27.5,0.0,26.5,2.0,47.5,138.0,209.0,16.0,21.0,28.5,C0M640,中埔,,26.2,,2025-07-31T12:30:00+08:00,2025-07-31T12:00:00+08:00,,,,110.0,0.9
,23.0325,120.6625,,,,0.0,162.0,30.0,336.0,529.5,659.0,47.5,55.5,186.5,81V840,新發國小,,,,2025-07-31T12:30:00+08:00,,,,,,
,24.017338,121.088627,,,,0.5,55.0,0.5,87.5,114.0,157.0,4.5,28.0,55.0,88H890,南豐,,,,2025-07-31T12:30:00+08:00,,,,,,
77.0,24.753033,121.641303,,943.8,0.0,0.0,0.0,0.0,0.0,0.0,5.0,0.0,0.0,0.0,C0U520,雙連埤,,29.6,,2025-07-31T12:30:00+08:00,2025-07-31T12:00:00+08:00,,,,0.0,0.0
81.0,24.082025,121.608944,,994.8,12.0,0.0,12.0,0.0,12.0,12.0,14.0,0.0,5.5,12.0,C0TA20,加灣,,27.9,,2025-07-31T12:30:00+08:00,2025-07-31T12:00:00+08:00,,,,233.0,0.8
,23.769503,121.498653,,,,0.0,10.5,0.0,12.0,19.0,23.5,0.5,0.5,12.0,C1T920,中興,,,,2025-07-31T12:30:00+08:00,,,,,,
,23.958697,120.917931,,,,2.0,155.0,2.0,266.5,318.0,352.5,11.0,26.0,165.0,C1I240,外大坪,,,,2025-07-31T12:30:00+08:00,,,,,,
95.0,24.272481,120.658314,,978.8,159.0,0.0,158.5,0.0,167.5,202.0,209.0,15.0,53.5,159.0,C0F9I0,神岡,,24.8,,2025-07-31T12:30:00+08:00,2025-07-31T12:00:00+08:00,,,,172.0,1.9
,22.76625,120.64444,,,,0.0,46.0,9.0,74.0,176.0,354.0,13.0,20.0,52.0,01Q610,古夏,,,,2025-07-31T12:30:00+08:00,,,,,,
,23.148617,120.418633,,,,1.5,10.5,1.5,23.0,54.5,143.5,2.0,2.0,11.5,C1O850,環湖,,,,2025-07-31T12:30:00+08:00,,,,,,
90.0,22.894167,120.271178,11.6,-99.0,,0.0,0.0,0.0,0.5,0.5,75.0,0.0,0.0,0.0,CAV270,國一S336K,-99.0,29.6,2025-07-31T12:20:00+08:00,2025-07-31T12:30:00+08:00,,-99,21-30,陰,210.0,5.8
87.0,23.881975,120.289544,,997.2,-99.0,0.0,2.0,1.5,2.5,10.0,16.5,1.5,2.0,2.0,C0G970,三豐,,28.9,,2025-07-31T12:30:00+08:00,2025-07-31T12:00:00+08:00,,,,167.0,5.1
,25.154997,121.503915,,,,0.0,0.0,0.0,0.0,0.0,78.0,0.0,0.0,0.0,A1A9T0,大屯國小,,,,2025-07-31T12:30:00+08:00,,,,,,
,25.038894,121.556406,,,,0.0,0.0,0.0,0.0,0.0,51.5,0.0,0.0,0.0,A1AA80,市政中心,,,,2025-07-31T12:30:00+08:00,,,,,,
84.0,24.669039,121.832561,3.1,-99.0,,0.0,0.0,0.0,0.0,0.0,0.0,0.0,0.0,0.0,B2U990,宜蘭畜試,-99.0,30.6,2025-07-31T12:20:00+08:00,2025-07-31T12:30:00+08:00,,-99,-99,陰,110.0,1.5
100.0,23.212777,120.355833,6.5,-99.0,,0.0,10.0,6.0,12.0,54.0,118.5,6.0,9.5,10.0,CAN070,國三S329K,-99.0,27.7,2025-07-31T12:20:00+08:00,2025-07-31T12:30:00+08:00,,-99,7-10,陰有雷雨,230.0,4.0
,23.528204,120.856691,,,,3.5,102.0,5.5,232.5,376.5,400.5,10.0,12.5,106.0,81I530,神木,,,,2025-07-31T12:30:00+08:00,,,,,,
88.0,23.48718,120.95943,14.3,-99.0,,1.0,81.0,2.5,142.5,218.5,248.0,6.5,15.5,81.5,467550,玉山,0.0,8.3,2025-07-31T12:20:00+08:00,2025-07-31T12:30:00+08:00,,3,-99,陰有雨,290.0,3.4
93.0,24.28025,121.02627,,739.8,75.5,0.0,77.0,7.0,78.5,114.5,176.0,19.5,65.0,77.0,C0FA80,小雪山天池,,13.2,,2025-07-31T12:30:00+08:00,2025-07-31T12:00:00+08:00,,,,119.0,2.4
59.0,25.028458,121.386561,,971.4,0.0,0.0,0.0,0.0,0.0,0.0,43.5,0.0,0.0,0.0,C0C680,龜山,,32.0,,2025-07-31T12:30:00+08:00,2025-07-31T12:00:00+08:00,,,,249.0,1.7
96.0,23.9996,120.938739,3.6,-99.0,,0.0,146.0,1.5,267.5,339.5,429.5,14.0,60.5,160.0,C2H9J0,中台,-99.0,23.7,2025-07-31T12:20:00+08:00,2025-07-31T12:30:00+08:00,,-99,-99,陰,270.0,1.2
,25.109012,121.657791,,,,0.0,0.0,0.0,0.0,0.0,33.0,0.0,0.0,0.0,NUP490,復興國小,,,,2025-07-31T12:30:00+08:00,,,,,,
74.0,25.273672,121.6012,,981.8,0.0,0.0,0.0,0.0,0.0,0.0,7.5,0.0,0.0,0.0,C0AJ40,石門,,31.7,,2025-07-31T12:30:00+08:00,2025-07-31T12:00:00+08:00,,,,23.0,2.1
93.0,23.416869,120.283061,4.6,-99.0,,1.0,3.0,2.5,3.0,12.0,62.5,3.0,3.0,2.0,72M700,嘉義分場,-99.0,28.8,2025-07-31T12:20:00+08:00,2025-07-31T12:30:00+08:00,,-99,-99,陰有雨,230.0,4.6
52.0,23.682947,121.5274,,921.0,8.0,0.0,6.5,0.0,8.0,13.0,16.0,0.0,0.0,8.0,C0T9H0,加路蘭山,,30.1,,2025-07-31T12:30:00+08:00,2025-07-31T12:00:00+08:00,,,,76.0,0.9
-99.0,23.728081,120.787347,-99.0,-99.0,,,,,,,,,,-99.0,C2I090,鳳凰,-99.0,-99.0,2025-07-31T12:20:00+08:00,,,-99,-99,陰,-99.0,-99.0
85.0,22.972672,121.303986,,992.9,11.0,0.0,11.0,0.0,22.5,44.5,45.0,0.0,4.0,11.0,C0S810,東河,,29.5,,2025-07-31T12:30:00+08:00,2025-07-31T12:00:00+08:00,,,,47.0,0.5
,23.740881,121.42608,,,,0.0,9.5,0.0,10.5,18.0,19.5,0.0,0.5,10.0,81T9J0,鳳義坑,,,,2025-07-31T12:30:00+08:00,,,,,,
100.0,23.676986,120.163433,6.1,-99.0,,0.0,0.5,0.0,0.5,1.0,10.0,0.0,0.0,0.5,E2K600,四湖植物園,-99.0,29.9,2025-07-31T12:20:00+08:00,2025-07-31T12:30:00+08:00,,-99,-99,陰,20.0,2.3
81.0,22.646611,120.356083,7.7,-99.0,,0.0,3.0,0.0,6.5,12.5,85.5,0.0,0.5,3.0,G2P820,鳳山農試,-99.0,30.9,2025-07-31T12:20:00+08:00,2025-07-31T12:30:00+08:00,,-99,-99,陰,250.0,2.1
-99.0,10.370203,114.364286,-99.0,-99.0,,,,,,,,,,-99.0,469020,南沙島,-99.0,-99.0,2025-07-31T12:20:00+08:00,,,-99,-99,-99,-99.0,-99.0
-99.0,23.887894,121.000086,-99.0,-99.0,,,,,,,,,,-99.0,C2H9R0,卓社,-99.0,-99.0,2025-07-31T12:20:00+08:00,,,-99,-99,陰,-99.0,-99.0
90.0,24.295534,120.695976,6.9,-99.0,,0.0,144.0,1.5,157.0,191.5,193.0,30.5,55.5,146.0,CAF020,國一S162K,-99.0,25.3,2025-07-31T12:20:00+08:00,2025-07-31T12:30:00+08:00,,-99,-99,陰,150.0,1.7
,23.992778,120.7625,,,,0.0,210.0,7.0,322.0,418.5,425.0,16.5,51.5,215.0,81H910,平林國小,,,,2025-07-31T12:30:00+08:00,,,,,,
,24.769203,121.225244,,,,0.0,0.0,0.0,0.0,0.0,12.0,0.0,0.0,0.0,81D760,錦山國小,,,,2025-07-31T12:30:00+08:00,,,,,,
,23.133056,121.246667,,,,0.0,1.5,0.0,5.0,17.5,17.5,0.0,0.5,1.5,81T760,富南部落,,,,2025-07-31T12:30:00+08:00,,,,,,
,23.036563,120.708987,,,,3.0,238.5,39.0,483.0,805.0,903.5,46.5,58.5,242.5,81V940,寶山部落,,,,2025-07-31T12:30:00+08:00,,,,,,
98.0,23.810742,120.6173,,990.2,83.5,0.0,83.0,9.5,119.0,179.5,180.5,20.5,26.5,84.0,C0G880,二水,,26.4,,2025-07-31T12:30:00+08:00,2025-07-31T12:00:00+08:00,,,,106.0,2.8
,22.982777,120.57,,,,5.5,130.0,8.0,193.0,267.0,471.0,67.5,67.5,130.0,81V920,新庄,,,,2025-07-31T12:30:00+08:00,,,,,,
98.0,23.859914,120.637572,7.9,-99.0,,1.0,129.0,22.5,169.5,258.0,258.0,30.0,39.5,128.0,C2H9T0,名間竹圍,-99.0,23.7,2025-07-31T12:20:00+08:00,2025-07-31T12:30:00+08:00,,-99,-99,陰有雨,140.0,0.9
83.0,25.233153,121.595236,,973.0,-99.0,0.0,0.0,0.0,0.0,0.0,27.0,0.0,0.0,0.0,C0A931,三和,,30.3,,2025-07-31T12:30:00+08:00,2025-07-31T12:00:00+08:00,,,,0.0,0.0
85.0,22.650775,120.527192,,996.1,-99.0,,,,,,,,,,C0R570,麟洛,,31.2,,,2025-07-31T12:00:00+08:00,,,,82.0,3.9
62.0,24.982361,121.471042,4.7,-99.0,,0.0,0.0,0.0,0.0,0.0,45.0,0.0,0.0,0.0,CAA050,國三S037K,-99.0,35.0,2025-07-31T12:20:00+08:00,2025-07-31T12:30:00+08:00,,-99,-99,陰,240.0,1.5
77.0,22.627422,120.298803,,998.2,3.0,0.0,3.0,0.0,10.5,13.0,98.0,0.0,0.0,3.0,C0V490,新興,,31.7,,2025-07-31T12:30:00+08:00,2025-07-31T12:00:00+08:00,,,,210.0,1.3
93.0,23.978875,121.139639,1.7,-99.0,,0.0,52.0,0.5,80.5,105.0,138.5,4.5,25.5,52.5,42HA10,萬大發電廠,-99.0,20.6,2025-07-31T12:20:00+08:00,2025-07-31T12:30:00+08:00,,-99,-99,陰有雨,320.0,0.7
89.0,23.469889,120.259383,5.0,-99.0,,0.0,0.5,0.5,0.5,4.0,29.0,0.5,0.5,0.5,C2M920,朴子農改,-99.0,29.1,2025-07-31T12:20:00+08:00,2025-07-31T12:30:00+08:00,,-99,-99,陰,210.0,2.0
,23.173397,120.594092,,,,1.0,134.0,2.0,231.0,450.0,600.0,41.0,68.5,144.0,C1O880,關山,,,,2025-07-31T12:30:00+08:00,,,,,,
,25.03399,121.624705,,,,0.0,0.0,0.0,0.0,0.0,41.5,0.0,0.0,0.0,A1AC50,舊莊里,,,,2025-07-31T12:30:00+08:00,,,,,,
56.0,25.11575,121.492,2.3,-99.0,,0.0,0.0,0.0,0.0,0.0,25.5,0.0,0.0,0.0,G2AI50,台農院關渡站,-99.0,33.7,2025-07-31T12:20:00+08:00,2025-07-31T12:30:00+08:00,,-99,-99,陰,300.0,1.9
,22.657883,121.02325,,,,0.0,7.0,0.0,40.5,68.5,79.0,0.0,2.5,7.0,C1S800,華源,,,,2025-07-31T12:30:00+08:00,,,,,,
,23.710574,120.917657,,,,0.0,120.0,10.0,184.0,285.0,318.0,10.0,11.0,127.0,01H470,西巒,,,,2025-07-31T12:30:00+08:00,,,,,,
,23.535556,120.708889,,,,1.5,140.5,17.0,430.5,751.5,785.0,33.5,35.5,146.0,81M680,太和村,,,,2025-07-31T12:30:00+08:00,,,,,,
,23.509597,120.79,,,,1.0,103.0,7.0,331.0,555.0,597.5,17.0,24.5,112.5,F1M710,二萬坪,,,,2025-07-31T12:30:00+08:00,,,,,,
90.0,24.044302,120.381361,,998.3,0.0,0.0,0.0,0.0,0.0,24.5,25.5,0.0,0.0,0.0,C0G960,福寶,,28.3,,2025-07-31T12:30:00+08:00,2025-07-31T12:00:00+08:00,,,,128.0,6.8
,24.579364,121.079947,,,,0.0,6.0,0.0,6.0,6.0,22.0,0.0,6.0,6.0,C1D410,白蘭,,,,2025-07-31T12:30:00+08:00,,,,,,
89.0,24.322458,120.936819,7.5,-99.0,,0.0,89.5,12.5,93.5,139.5,182.5,37.0,80.0,89.5,C2F990,摩天嶺,-99.0,21.5,2025-07-31T12:20:00+08:00,2025-07-31T12:30:00+08:00,,-99,-99,陰,60.0,1.7
,25.034164,121.619664,,,,0.0,0.0,0.0,0.0,0.0,39.5,0.0,0.0,0.0,C1AI50,國三N016K,,,,2025-07-31T12:30:00+08:00,,,,,,
,24.838333,121.526111,,,,0.0,0.0,0.0,0.0,0.0,10.5,0.0,0.0,0.0,81AH90,信賢派出所,,,,2025-07-31T12:30:00+08:00,,,,,,
77.0,22.479997,120.466058,7.9,-99.0,,0.0,27.5,0.0,29.5,70.0,134.5,9.0,23.5,27.5,12Q970,東港工作站,-99.0,29.7,2025-07-31T12:20:00+08:00,2025-07-31T12:30:00+08:00,,-99,-99,陰,280.0,2.3
87.0,23.30609,120.290033,6.4,-99.0,,0.0,7.0,0.0,10.5,12.5,58.0,5.0,7.0,10.5,CAN010,國一N288K,-99.0,29.6,2025-07-31T12:20:00+08:00,2025-07-31T12:30:00+08:00,,-99,21-30,陰有雷,260.0,5.5
74.0,25.136097,121.426372,,932.9,0.0,0.0,0.0,0.0,0.0,0.0,71.5,0.0,0.0,0.0,C0AK30,硬漢嶺,,28.0,,2025-07-31T12:30:00+08:00,2025-07-31T12:00:00+08:00,,,,173.0,2.6
,24.538278,121.002836,,,,0.0,8.0,0.0,8.0,8.5,18.0,0.0,8.0,8.0,C1E670,南礦,,,,2025-07-31T12:30:00+08:00,,,,,,
,23.841008,120.699575,,,,1.5,102.0,11.5,231.5,345.5,345.5,22.0,23.5,119.0,C1H840,國三N238K,,,,2025-07-31T12:30:00+08:00,,,,,,
,22.305,120.644722,,,,0.0,20.5,0.0,25.0,68.0,157.5,4.0,13.5,20.5,81R660,內獅國小,,,,2025-07-31T12:30:00+08:00,,,,,,
65.0,24.767147,121.057881,,983.0,0.0,0.0,0.0,0.0,0.0,0.0,14.5,0.0,0.0,0.0,C0D560,竹東,,32.0,,2025-07-31T12:30:00+08:00,2025-07-31T12:00:00+08:00,,,,229.0,2.0
,23.967378,120.802189,,,,6.5,216.5,14.5,337.0,444.0,447.5,40.5,53.5,219.5,C1H941,雙冬,,,,2025-07-31T12:30:00+08:00,,,,,,
81.0,24.449347,121.810219,,997.9,3.0,0.0,3.0,0.0,3.0,3.0,3.0,1.0,3.0,3.0,C0U770,南澳,,28.4,,2025-07-31T12:30:00+08:00,2025-07-31T12:00:00+08:00,,,,196.0,1.3
47.0,25.037822,121.564597,,988.9,0.0,0.0,0.0,0.0,0.0,0.0,51.0,0.0,0.0,0.0,C0AC70,信義,,36.3,,2025-07-31T12:30:00+08:00,2025-07-31T12:00:00+08:00,,,,255.0,1.1
,23.424513,120.641716,,,,0.0,87.0,6.0,202.0,416.0,451.0,20.0,28.0,93.0,01L360,小公田(2),,,,2025-07-31T12:30:00+08:00,,,,,,
77.0,23.8119,121.441458,,979.1,10.5,0.0,9.0,0.0,10.5,18.0,33.0,0.0,0.5,10.5,C0T900,西林,,30.8,,2025-07-31T12:30:00+08:00,2025-07-31T12:00:00+08:00,,,,80.0,0.4
69.0,24.95083,121.3958,7.3,-99.0,,0.0,0.0,0.0,0.0,0.0,52.5,0.0,0.0,0.0,CAA070,國三N046K,-99.0,33.4,2025-07-31T12:20:00+08:00,2025-07-31T12:30:00+08:00,,-99,-99,陰,260.0,3.5
,23.154217,120.813603,,,,0.5,251.5,20.0,792.0,1188.0,1283.0,35.0,64.0,270.5,C1V220,小關山,,,,2025-07-31T12:30:00+08:00,,,,,,
99.0,23.689722,120.851117,0.0,-99.0,,4.0,114.5,17.0,190.0,298.0,320.0,18.0,18.0,117.0,U2HA40,臺大內茅埔,-99.0,22.9,2025-07-31T12:20:00+08:00,2025-07-31T12:30:00+08:00,,-99,-99,陰有雨,0.0,0.0
58.0,24.974944,121.402008,,992.5,0.0,0.0,0.0,0.0,0.0,0.0,62.0,0.0,0.0,0.0,C0A520,山佳,,34.5,,2025-07-31T12:30:00+08:00,2025-07-31T12:00:00+08:00,,,,255.0,2.6
85.0,24.542003,121.513453,,902.9,1.5,0.0,1.5,0.0,1.5,1.5,1.5,0.0,1.5,1.5,C0UB70,太平山中間站,,27.0,,2025-07-31T12:30:00+08:00,2025-07-31T12:00:00+08:00,,,,340.0,0.7
,25.143993,121.566013,,,,0.0,0.0,0.0,0.0,0.0,62.0,0.0,0.0,0.0,A1AD00,菁山里,,,,2025-07-31T12:30:00+08:00,,,,,,
94.0,24.183258,121.641899,,881.5,17.5,0.0,17.5,0.5,17.5,17.5,23.5,2.0,14.5,17.5,C0TA80,立霧山,,20.8,,2025-07-31T12:30:00+08:00,2025-07-31T12:00:00+08:00,,,,151.0,0.8
99.0,23.585386,120.555581,,982.2,27.5,0.0,27.5,0.0,81.5,229.0,237.0,14.0,14.0,27.5,C0M770,梅山,,26.1,,2025-07-31T12:30:00+08:00,2025-07-31T12:00:00+08:00,,,,184.0,1.9
70.0,24.648563,120.831834,11.0,994.6,,0.0,0.5,0.0,0.5,0.5,10.0,0.0,0.0,0.5,467280,後龍,0.1,30.0,2025-07-31T12:20:00+08:00,2025-07-31T12:30:00+08:00,,5,>30,陰,220.0,4.7
84.0,22.82315,120.236856,,998.8,1.0,0.0,1.0,0.0,1.0,2.5,66.0,0.0,0.5,1.0,C0V620,永安,,30.2,,2025-07-31T12:30:00+08:00,2025-07-31T12:00:00+08:00,,,,216.0,3.1
54.0,25.096356,121.516506,,992.5,0.0,0.0,0.0,0.0,0.0,0.0,69.0,0.0,0.0,0.0,C0A770,科教館,,34.7,,2025-07-31T12:30:00+08:00,2025-07-31T12:00:00+08:00,,,,292.0,1.5
,25.099395,121.528911,,,,0.0,0.0,0.0,0.0,0.0,75.5,0.0,0.0,0.0,A1AB60,福德,,,,2025-07-31T12:30:00+08:00,,,,,,
70.0,25.027072,121.153317,,990.1,0.0,0.0,0.0,0.0,0.0,0.0,39.5,0.0,0.0,0.0,C0C590,觀音,,31.5,,2025-07-31T12:30:00+08:00,2025-07-31T12:00:00+08:00,,,,218.0,3.0
91.0,23.492864,120.290611,,997.9,2.0,0.0,4.0,2.0,4.5,10.5,51.5,2.0,2.0,4.0,C0M740,六腳,,28.6,,2025-07-31T12:30:00+08:00,2025-07-31T12:00:00+08:00,,,,217.0,2.7
86.0,22.877755,120.212747,,999.3,0.0,0.0,0.0,0.0,0.0,0.0,53.0,0.0,0.0,0.0,C0V880,興達,,29.9,,2025-07-31T12:30:00+08:00,2025-07-31T12:00:00+08:00,,,,233.0,5.0
,24.47039,121.777318,,,,0.0,2.5,0.0,2.5,2.5,3.5,1.5,2.5,2.5,81U860,金岳國小,,,,2025-07-31T12:30:00+08:00,,,,,,
-99.0,24.041289,120.437669,,-99.0,-99.0,,,,,,,,,,C0G770,福興,,-99.0,,,2025-07-31T12:00:00+08:00,,,,-99.0,-99.0
95.0,23.730628,120.423903,5.5,-99.0,,0.0,15.0,0.0,18.0,62.0,72.5,3.0,3.5,15.0,A2K630,雲林臺大,-99.0,27.6,2025-07-31T12:20:00+08:00,2025-07-31T12:30:00+08:00,,-99,-99,陰,150.0,2.2
,23.036624,120.708888,,,,0.0,260.0,37.0,553.0,918.0,1029.0,48.0,60.0,287.0,O1V510,寶山,,,,2025-07-31T12:30:00+08:00,,,,,,
92.0,23.219333,119.444892,,995.4,0.0,0.0,0.0,0.0,0.0,0.0,56.5,0.0,0.0,0.0,C0W180,七美,,28.4,,2025-07-31T12:30:00+08:00,2025-07-31T12:00:00+08:00,,,,220.0,5.9
62.0,24.928708,121.283289,,980.7,-99.0,0.0,0.0,0.0,0.0,0.0,58.0,0.0,0.0,0.0,C0C490,八德,,32.0,,2025-07-31T12:30:00+08:00,2025-07-31T12:00:00+08:00,,,,1.0,0.4
91.0,23.079561,120.495008,,987.0,13.0,0.0,13.0,0.0,27.5,63.0,218.0,3.0,3.5,13.0,C0O830,北寮,,28.4,,2025-07-31T12:30:00+08:00,2025-07-31T12:00:00+08:00,,,,123.0,0.5
,22.879521,120.481673,,,,0.0,31.0,8.0,38.0,77.0,243.0,13.0,14.0,31.0,O1P470,旗山(4),,,,2025-07-31T12:30:00+08:00,,,,,,
85.0,23.630414,120.227125,,999.8,0.0,0.0,0.0,0.0,2.5,17.0,34.5,0.0,0.0,0.0,C0K280,四湖,,29.5,,2025-07-31T12:30:00+08:00,2025-07-31T12:00:00+08:00,,,,228.0,4.0
-99.0,22.682903,120.686639,,-99.0,-99.0,,,,,,,,,,C0R140,瑪家,,-99.0,,,2025-07-31T12:00:00+08:00,,,,-99.0,-99.0
93.0,24.246428,120.833047,,958.8,276.5,0.0,277.5,1.5,311.5,368.5,498.0,65.0,161.0,277.5,C0F850,東勢,,23.8,,2025-07-31T12:30:00+08:00,2025-07-31T12:00:00+08:00,,,,0.0,0.2
52.0,24.992425,121.323172,,986.9,0.0,0.0,0.0,0.0,0.0,0.0,53.5,0.0,0.0,0.0,C0C480,桃園,,33.7,,2025-07-31T12:30:00+08:00,2025-07-31T12:00:00+08:00,,,,279.0,1.9
89.0,23.272603,120.247622,,998.3,5.0,0.0,5.0,0.0,5.0,6.5,29.5,3.5,5.0,5.0,C0X230,鹽水,,29.3,,2025-07-31T12:30:00+08:00,2025-07-31T12:00:00+08:00,,,,226.0,3.0
,23.122139,121.262389,,,,0.5,6.5,0.5,16.5,38.0,38.0,0.5,2.0,6.5,C1S850,豐南,,,,2025-07-31T12:30:00+08:00,,,,,,
89.0,23.843536,120.293236,9.0,-99.0,,0.0,0.0,0.0,2.0,15.0,25.0,0.0,0.0,0.0,CAG090,西濱N210K,-99.0,28.6,2025-07-31T12:20:00+08:00,2025-07-31T12:30:00+08:00,,-99,16-20,陰,210.0,3.0
-99.0,23.602469,120.707731,-99.0,-99.0,,,,,,,,,,-99.0,C2K610,草嶺石壁,-99.0,-99.0,2025-07-31T12:20:00+08:00,,,-99,-99,陰,-99.0,-99.0
,24.178889,120.978333,,,,0.5,123.5,6.5,151.5,214.0,268.5,18.0,74.0,123.5,88F920,松鶴,,,,2025-07-31T12:30:00+08:00,,,,,,
100.0,24.103556,120.751061,3.6,-99.0,,5.0,296.0,59.5,439.5,573.5,573.5,59.5,98.0,318.0,C2F9A0,中竹林,-99.0,23.0,2025-07-31T12:20:00+08:00,2025-07-31T12:30:00+08:00,,-99,-99,陰,30.0,0.4
,23.159204,120.764326,,,,1.0,253.0,32.0,719.0,1094.5,1169.0,53.0,75.5,265.5,81V950,桃源區公所,,,,2025-07-31T12:30:00+08:00,,,,,,
,23.979067,120.867742,,,,2.5,220.5,4.5,353.0,459.5,509.0,23.5,78.5,230.5,C1I550,國六W023K,,,,2025-07-31T12:30:00+08:00,,,,,,
,25.069191,121.615007,,,,0.0,0.0,0.0,0.0,0.0,43.5,0.0,0.0,0.0,A1AA50,東湖國小,,,,2025-07-31T12:30:00+08:00,,,,,,
88.0,22.605614,120.395717,,997.0,8.5,0.0,8.5,0.0,13.0,45.5,115.0,0.0,0.0,8.5,C0V730,大寮,,30.4,,2025-07-31T12:30:00+08:00,2025-07-31T12:00:00+08:00,,,,256.0,3.8
94.0,23.310694,120.316681,,996.8,12.5,0.0,10.0,0.0,12.5,19.0,81.0,4.5,9.5,12.5,C0X250,新營,,28.6,,2025-07-31T12:30:00+08:00,2025-07-31T12:00:00+08:00,,,,219.0,1.3
,22.910218,120.716048,,,,0.0,106.0,0.0,275.0,598.0,831.0,27.0,35.0,123.0,O1V550,多納(1),,,,2025-07-31T12:30:00+08:00,,,,,,
95.0,24.432739,121.303808,,-99.0,9.5,0.0,9.5,0.0,9.5,11.0,12.5,0.5,9.5,9.5,C0F9Y0,桃山,,10.5,,2025-07-31T12:30:00+08:00,2025-07-31T12:00:00+08:00,,,,224.0,3.7
,24.637836,121.573656,,,,0.0,0.0,0.0,0.0,0.0,0.0,0.0,0.0,0.0,C1U501,牛鬥,,,,2025-07-31T12:30:00+08:00,,,,,,
87.0,24.372178,120.583125,,997.8,39.0,0.0,38.5,0.0,47.5,77.0,80.0,0.0,5.5,39.0,C0FA20,溫寮,,27.4,,2025-07-31T12:30:00+08:00,2025-07-31T12:00:00+08:00,,,,130.0,5.9
92.0,23.369892,120.248047,,998.0,1.0,0.0,1.0,0.0,1.0,5.0,25.0,1.0,1.0,1.0,C0M520,東後寮,,29.3,,2025-07-31T12:30:00+08:00,2025-07-31T12:00:00+08:00,,,,222.0,3.2
92.0,22.709889,120.639944,,988.5,-99.0,,,,,,,,,,C0R150,三地門,,26.6,,,2025-07-31T12:00:00+08:00,,,,79.0,0.8
84.0,24.148933,120.484403,,997.1,77.5,0.0,75.5,0.0,77.5,116.5,119.5,2.0,7.0,77.5,C0G890,伸港,,27.5,,2025-07-31T12:30:00+08:00,2025-07-31T12:00:00+08:00,,,,146.0,4.2
86.0,24.193628,120.570311,9.6,-99.0,,0.0,131.0,0.5,136.5,157.5,167.0,8.0,29.0,132.5,CAF980,國三N183K,-99.0,26.2,2025-07-31T12:20:00+08:00,2025-07-31T12:30:00+08:00,,-99,7-10,陰,120.0,5.8
-99.0,24.15295,120.572117,-99.0,-99.0,,,,,,,,,,-99.0,C2F000,大肚,-99.0,-99.0,2025-07-31T12:20:00+08:00,,,-99,-99,陰,-99.0,-99.0
,24.5378,121.8485,,,,0.0,0.0,0.0,0.0,0.0,0.0,0.0,0.0,0.0,C1U840,東澳嶺,,,,2025-07-31T12:30:00+08:00,,,,,,
,23.755254,120.612491,,,,0.0,77.0,6.0,117.0,189.0,189.0,16.0,18.0,80.0,01J930,林內(1),,,,2025-07-31T12:30:00+08:00,,,,,,
92.0,23.646064,120.431525,,996.0,13.5,2.0,15.0,2.0,17.5,62.0,90.0,15.0,15.0,15.5,C0K450,大埤,,27.3,,2025-07-31T12:30:00+08:00,2025-07-31T12:00:00+08:00,,,,180.0,3.1
-99.0,23.183289,120.248611,,-99.0,4.5,4.5,9.0,5.0,9.0,35.5,57.5,5.0,7.0,9.0,C0X120,麻豆,,-99.0,,2025-07-31T12:30:00+08:00,2025-07-31T12:00:00+08:00,,,,-99.0,-99.0
,24.367306,120.901656,,,,0.0,68.5,15.0,74.0,99.5,163.5,30.5,60.0,68.5,C1E711,馬拉邦山,,,,2025-07-31T12:30:00+08:00,,,,,,
,24.40135,120.837533,,,,0.0,37.0,0.5,39.5,50.0,56.0,2.0,21.0,37.0,C1E691,南湖,,,,2025-07-31T12:30:00+08:00,,,,,,
97.0,23.267772,120.125481,,999.0,8.5,0.0,8.5,0.0,8.5,9.0,11.5,8.5,8.5,8.5,C0X290,北門,,29.1,,2025-07-31T12:30:00+08:00,2025-07-31T12:00:00+08:00,,,,231.0,5.1
97.0,23.219681,120.497328,2.0,-99.0,,0.0,24.0,1.0,52.5,161.5,267.5,9.5,13.0,27.0,C2O810,曾文,-99.0,26.7,2025-07-31T12:20:00+08:00,2025-07-31T12:30:00+08:00,,-99,-99,陰有雷,0.0,0.2
93.0,24.332372,120.717144,8.0,-99.0,,0.0,94.5,0.0,104.5,140.0,140.5,14.5,29.0,101.0,CAF950,國一N158K,-99.0,25.5,2025-07-31T12:20:00+08:00,2025-07-31T12:30:00+08:00,,-99,7-10,陰,110.0,3.2
,24.329422,121.739594,,,,0.0,11.0,0.0,11.0,11.0,11.0,3.0,11.0,11.0,01U230,大濁水,,,,2025-07-31T12:30:00+08:00,,,,,,
94.0,24.296465,120.643135,6.9,-99.0,,0.0,151.0,0.5,173.0,217.0,220.0,6.0,39.5,155.0,CAF090,國四E5K,-99.0,26.7,2025-07-31T12:20:00+08:00,2025-07-31T12:30:00+08:00,,-99,-99,陰,130.0,4.4
-99.0,24.129842,120.858925,-99.0,-99.0,,,,,,,,,,-99.0,C2FB60,頭櫃山,-99.0,-99.0,2025-07-31T12:20:00+08:00,,,-99,-99,陰,-99.0,-99.0
64.0,24.798681,120.986942,,991.3,0.0,0.0,0.0,0.0,0.0,0.0,25.5,0.0,0.0,0.0,C0D660,新竹市東區,,30.1,,2025-07-31T12:30:00+08:00,2025-07-31T12:00:00+08:00,,,,240.0,5.3
78.0,23.89525,121.549833,,995.1,9.5,0.0,9.5,0.0,9.5,13.0,25.0,0.0,1.0,9.5,C0Z100,東華,,29.5,,2025-07-31T12:30:00+08:00,2025-07-31T12:00:00+08:00,,,,0.0,0.0
82.0,22.702394,121.082761,,998.2,11.5,0.0,10.5,0.0,41.0,65.5,71.5,0.0,1.5,11.5,C0SA60,知本水試所,,29.2,,2025-07-31T12:30:00+08:00,2025-07-31T12:00:00+08:00,,,,349.0,1.0
99.0,22.991703,120.645722,4.0,-99.0,,1.5,190.5,23.0,337.0,525.5,688.5,49.0,50.0,198.0,E2P980,六龜林試,-99.0,24.3,2025-07-31T12:20:00+08:00,2025-07-31T12:30:00+08:00,,-99,-99,陰,280.0,1.2
,25.094893,121.56991,,,,0.0,0.0,0.0,0.0,0.0,44.5,0.0,0.0,0.0,A1AG80,金面山,,,,2025-07-31T12:30:00+08:00,,,,,,
,23.761508,120.832956,,,,0.0,124.5,6.0,316.5,473.5,494.0,7.5,8.0,137.5,C1I510,線浸林道,,,,2025-07-31T12:30:00+08:00,,,,,,
,25.133897,121.498913,,,,0.0,0.0,0.0,0.0,0.0,80.5,0.0,0.0,0.0,A1A9V0,北投國小,,,,2025-07-31T12:30:00+08:00,,,,,,
88.0,23.717231,120.190522,6.6,-99.0,,0.0,1.0,0.0,2.0,2.5,7.5,0.0,0.0,1.0,A2K360,臺西水試,-99.0,30.6,2025-07-31T12:20:00+08:00,2025-07-31T12:30:00+08:00,,-99,-99,陰,230.0,2.0
99.0,22.898792,120.51907,-99.0,-99.0,,0.0,47.0,9.0,59.5,118.5,296.0,30.5,30.5,47.0,C2V310,美濃,-99.0,26.0,2025-07-31T12:20:00+08:00,2025-07-31T12:30:00+08:00,,-99,-99,陰有雷,80.0,2.5
,24.037079,121.604462,,,,0.0,11.0,0.0,11.0,12.0,16.0,0.0,4.0,11.0,01T500,北埔,,,,2025-07-31T12:30:00+08:00,,,,,,
82.0,22.538122,120.966875,,973.0,12.5,0.0,12.5,0.0,107.5,140.0,159.5,0.5,1.5,12.5,C0S790,金崙,,27.1,,2025-07-31T12:30:00+08:00,2025-07-31T12:00:00+08:00,,,,236.0,4.1
,22.245154,120.835687,,,,0.0,144.0,0.0,187.0,285.0,388.0,8.0,106.0,146.0,01R000,壽卡,,,,2025-07-31T12:30:00+08:00,,,,,,
,24.942842,121.638556,,,,0.0,0.0,0.0,0.0,0.0,24.5,0.0,0.0,0.0,C1A760,坪林交控,,,,2025-07-31T12:30:00+08:00,,,,,,
,23.77896,120.896691,,,,1.0,139.0,7.0,264.5,454.5,477.5,9.0,9.5,140.0,81H940,人和國小,,,,2025-07-31T12:30:00+08:00,,,,,,
87.0,24.214641,120.490744,,997.9,81.5,0.0,80.0,0.0,83.0,112.0,112.5,1.0,6.5,81.5,C0FA40,臺中電廠,,27.7,,2025-07-31T12:30:00+08:00,2025-07-31T12:00:00+08:00,,,,169.0,3.3
100.0,24.093078,120.861578,1.6,-99.0,,0.0,267.0,6.5,381.0,509.0,662.5,25.5,126.5,287.0,C2H9D0,三隻寮,-99.0,21.8,2025-07-31T12:20:00+08:00,2025-07-31T12:30:00+08:00,,-99,-99,陰,280.0,0.5
-99.0,24.26867,121.03062,,-99.0,-99.0,,,,,,,,,,C0FA70,大雪山埡口,,-99.0,,,2025-07-31T12:00:00+08:00,,,,-99.0,-99.0
99.0,24.23192,120.9786,,796.2,137.0,0.5,137.5,7.0,148.0,208.0,291.0,26.5,98.0,137.5,C0FB20,雪山橋,,16.1,,2025-07-31T12:30:00+08:00,2025-07-31T12:00:00+08:00,,,,-99.0,-99.0
,24.959713,121.53208,,,,0.0,0.0,0.0,0.0,0.0,36.0,0.0,0.0,0.0,81AH40,精忠,,,,2025-07-31T12:30:00+08:00,,,,,,
,22.112611,120.756597,,,,0.0,50.0,0.0,70.0,91.0,280.0,11.0,46.0,50.0,C1R290,石門山,,,,2025-07-31T12:30:00+08:00,,,,,,
98.0,22.049094,121.512142,,998.9,11.0,0.5,12.0,2.5,12.0,13.0,52.0,12.0,12.0,12.0,C0S900,蘭嶼高中,,26.8,,2025-07-31T12:30:00+08:00,2025-07-31T12:00:00+08:00,,,,261.0,5.0
90.0,23.94835,120.479122,,996.7,15.5,0.0,15.5,0.0,26.5,63.0,63.5,0.0,10.0,15.5,C0G660,溪湖,,27.4,,2025-07-31T12:30:00+08:00,2025-07-31T12:00:00+08:00,,,,133.0,1.3
76.0,23.975222,121.563889,2.4,-99.0,,0.0,9.5,0.0,9.5,10.5,16.0,0.0,2.0,9.5,72T250,花蓮農改,-99.0,29.4,2025-07-31T12:20:00+08:00,2025-07-31T12:30:00+08:00,,-99,-99,陰,190.0,0.5
,25.059693,121.566707,,,,0.0,0.0,0.0,0.0,0.0,48.0,0.0,0.0,0.0,A1A9Y0,民生國中,,,,2025-07-31T12:30:00+08:00,,,,,,
-99.0,25.086594,121.472331,,-99.0,-99.0,0.0,0.0,0.0,0.0,0.0,66.5,0.0,0.0,0.0,C0AD30,蘆洲,,-99.0,,2025-07-31T12:30:00+08:00,2025-07-31T12:00:00+08:00,,,,-99.0,-99.0
85.0,22.623325,120.275575,,998.2,2.5,0.0,2.5,0.0,6.0,8.0,91.5,0.0,0.5,2.5,C0V690,鼓山,,29.9,,2025-07-31T12:30:00+08:00,2025-07-31T12:00:00+08:00,,,,240.0,5.0
,24.991596,121.657883,,,,0.0,0.0,0.0,0.0,0.0,40.0,0.0,0.0,0.0,01A130,石碇(2),,,,2025-07-31T12:30:00+08:00,,,,,,
100.0,23.953536,120.833183,2.5,-99.0,,3.5,226.0,10.0,337.0,472.5,494.5,36.0,58.0,224.5,C2H9S0,龍南,-99.0,20.5,2025-07-31T12:20:00+08:00,2025-07-31T12:30:00+08:00,,-99,-99,陰有雨,70.0,1.0
-99.0,25.132153,121.608692,,-99.0,-99.0,0.0,0.0,0.0,0.0,0.0,32.5,0.0,0.0,0.0,C0A870,五指山,,-99.0,,2025-07-31T12:30:00+08:00,2025-07-31T12:00:00+08:00,,,,-99.0,-99.0
99.0,24.033311,121.181808,,841.2,-99.0,,,,,,,,,,C0I010,廬山,,17.4,,,2025-07-31T12:00:00+08:00,,,,111.0,0.4
,23.529649,120.739968,,,,0.0,148.0,11.0,409.0,688.0,727.0,23.0,24.0,154.0,O1M650,外來吉,,,,2025-07-31T12:30:00+08:00,,,,,,
92.0,24.179494,120.641275,,988.0,238.5,0.0,232.5,0.5,262.0,322.0,328.0,19.5,110.5,239.0,C0F9T0,西屯,,25.2,,2025-07-31T12:30:00+08:00,2025-07-31T12:00:00+08:00,,,,150.0,1.6
56.0,25.057378,121.500625,,994.2,0.0,0.0,0.0,0.0,0.0,0.0,194.5,0.0,0.0,0.0,C0AI30,三重,,35.3,,2025-07-31T12:30:00+08:00,2025-07-31T12:00:00+08:00,,,,276.0,2.0
100.0,22.0369,121.55843,27.0,963.5,,0.5,10.5,2.5,10.5,10.5,45.0,10.5,10.5,10.0,467620,蘭嶼,0.0,24.5,2025-07-31T12:20:00+08:00,2025-07-31T12:30:00+08:00,,0,<1,陰有雨,250.0,16.8
73.0,24.549447,120.696803,,997.5,18.5,0.0,18.0,0.0,18.5,20.0,26.5,0.0,15.5,18.5,C0E570,白沙屯,,29.2,,2025-07-31T12:30:00+08:00,2025-07-31T12:00:00+08:00,,,,163.0,5.0
97.0,24.225972,120.800917,5.0,-99.0,,0.0,333.0,2.0,378.5,438.0,576.5,70.0,177.5,336.0,K2F750,種苗繁殖,-99.0,22.7,2025-07-31T12:20:00+08:00,2025-07-31T12:30:00+08:00,,-99,-99,陰,170.0,3.0
88.0,23.553261,120.345719,,997.5,10.0,0.5,10.5,0.5,15.0,29.5,97.5,6.0,6.0,10.5,C0M790,新港,,28.6,,2025-07-31T12:30:00+08:00,2025-07-31T12:00:00+08:00,,,,228.0,1.8
,24.887277,121.421373,,,,0.0,0.0,0.0,0.0,0.0,20.0,0.0,0.0,0.0,01A210,大豹,,,,2025-07-31T12:30:00+08:00,,,,,,
,24.333611,120.920278,,,,0.0,97.0,17.5,105.0,133.5,178.0,44.0,89.5,97.5,81F910,達觀國小,,,,2025-07-31T12:30:00+08:00,,,,,,
,24.780225,121.180437,,,,0.0,0.0,0.0,0.0,0.0,25.0,0.0,0.0,0.0,01D300,關西(3),,,,2025-07-31T12:30:00+08:00,,,,,,
78.0,24.962606,121.888875,,939.9,0.0,0.5,0.5,0.5,0.5,0.5,7.5,0.5,0.5,0.5,C0UA70,桃源谷,,30.1,,2025-07-31T12:30:00+08:00,2025-07-31T12:00:00+08:00,,,,141.0,1.9
99.0,23.389125,120.716647,,858.2,158.5,1.0,146.5,13.0,477.0,697.5,734.5,22.5,40.5,161.0,C0M810,里佳,,19.3,,2025-07-31T12:30:00+08:00,2025-07-31T12:00:00+08:00,,,,268.0,0.5
88.0,23.8068,120.367939,6.2,-99.0,,0.0,2.5,0.0,3.0,30.5,65.0,0.0,2.5,2.5,V2K610,大庄合作社,-99.0,28.3,2025-07-31T12:20:00+08:00,2025-07-31T12:30:00+08:00,,-99,-99,陰,150.0,1.4
,23.666719,121.370128,,,,0.0,7.0,0.0,11.0,23.0,23.5,0.0,0.0,8.5,C1T950,太安,,,,2025-07-31T12:30:00+08:00,,,,,,
68.0,23.845606,121.592664,,996.5,9.0,0.0,9.0,0.0,9.0,11.5,13.0,0.0,1.0,9.0,C0TA30,鹽寮,,29.8,,2025-07-31T12:30:00+08:00,2025-07-31T12:00:00+08:00,,,,63.0,0.7
88.0,23.056758,120.408522,,993.6,-99.0,1.5,4.0,1.5,13.0,42.5,117.0,1.5,2.0,4.0,C0X200,左鎮,,29.8,,2025-07-31T12:30:00+08:00,2025-07-31T12:00:00+08:00,,,,108.0,1.4
87.0,22.205403,120.887614,,975.7,162.5,0.0,161.0,0.0,254.0,345.0,406.5,4.5,61.5,162.5,C0R720,旭海,,26.8,,2025-07-31T12:30:00+08:00,2025-07-31T12:00:00+08:00,,,,256.0,6.2
,23.028691,120.592901,,,,0.0,78.0,7.0,121.5,245.5,411.0,32.0,38.5,78.5,88V560,集來,,,,2025-07-31T12:30:00+08:00,,,,,,
80.0,24.78333,121.1211,6.9,-99.0,,0.0,0.0,0.0,0.0,0.0,31.5,0.0,0.0,0.0,CAD080,國三N085K,-99.0,29.8,2025-07-31T12:20:00+08:00,2025-07-31T12:30:00+08:00,,-99,>30,陰,230.0,2.4
82.0,26.169467,119.923158,9.3,986.8,,0.0,0.0,0.0,0.0,0.0,0.0,0.0,0.0,0.0,467990,馬祖,5.8,30.6,2025-07-31T12:20:00+08:00,2025-07-31T12:30:00+08:00,,12,21-30,晴,180.0,4.8
86.0,23.536267,120.169311,,999.6,0.5,0.0,0.5,0.0,1.0,1.0,5.0,0.5,0.5,0.5,C0K291,宜梧,,29.3,,2025-07-31T12:30:00+08:00,2025-07-31T12:00:00+08:00,,,,224.0,3.1
61.0,25.017842,121.942083,5.2,-99.0,,0.0,0.0,0.0,0.0,0.0,12.0,0.0,0.0,0.0,C2A880,福隆,-99.0,33.9,2025-07-31T12:20:00+08:00,2025-07-31T12:30:00+08:00,,-99,-99,陰,140.0,1.8
,23.496606,120.663506,,,,0.5,85.5,11.5,251.5,577.0,619.5,27.0,28.5,85.5,C1M610,石磐龍,,,,2025-07-31T12:30:00+08:00,,,,,,
96.0,24.352825,121.308286,5.3,-99.0,,1.0,28.5,2.5,28.5,32.5,36.0,11.5,21.5,27.5,A0F010,武陵,-99.0,16.8,2025-07-31T12:20:00+08:00,2025-07-31T12:30:00+08:00,,-99,-99,陰有雨,180.0,1.8
86.0,23.75555,120.318925,,999.0,-99.0,0.0,7.0,0.0,8.0,26.0,36.0,0.0,0.0,7.0,C0K250,崙背,,28.9,,2025-07-31T12:30:00+08:00,2025-07-31T12:00:00+08:00,,,,181.0,2.3
100.0,23.59555,120.693461,5.2,-99.0,,0.5,82.5,11.0,279.0,470.0,481.5,27.0,28.0,85.0,C2K240,草嶺,-99.0,20.8,2025-07-31T12:20:00+08:00,2025-07-31T12:30:00+08:00,,-99,-99,陰有雨,260.0,1.6
81.0,23.735269,121.420131,,935.1,10.0,0.0,9.0,0.0,11.0,19.0,19.0,0.0,0.0,10.0,C0T9G0,鳳林山,,28.4,,2025-07-31T12:30:00+08:00,2025-07-31T12:00:00+08:00,,,,43.0,1.1
,24.421669,120.923831,,,,0.0,19.0,0.0,22.5,34.5,44.0,2.0,17.0,19.0,C1E681,南勢山,,,,2025-07-31T12:30:00+08:00,,,,,,
,22.898621,121.086481,,,,0.0,23.0,0.0,63.0,110.0,118.0,0.0,7.0,24.0,O1S120,鹿鳴橋,,,,2025-07-31T12:30:00+08:00,,,,,,
86.0,24.000394,120.431683,,998.2,15.5,0.0,15.5,0.0,17.0,38.5,38.5,0.5,12.0,15.5,C0G800,埔鹽,,28.1,,2025-07-31T12:30:00+08:00,2025-07-31T12:00:00+08:00,,,,182.0,3.3
70.0,24.848222,121.597992,,957.6,0.0,0.0,0.0,0.0,0.0,0.0,15.5,0.0,0.0,0.0,C0A570,桶後,,32.2,,2025-07-31T12:30:00+08:00,2025-07-31T12:00:00+08:00,,,,0.0,0.0
,23.639517,120.786444,,,,0.0,104.0,4.0,259.5,416.0,427.0,12.5,16.0,107.0,C1I470,杉林溪,,,,2025-07-31T12:30:00+08:00,,,,,,
92.0,22.961189,120.188378,,999.3,1.5,0.0,1.5,0.0,1.5,2.5,53.5,0.0,0.0,1.5,C0X110,臺南市南區,,29.9,,2025-07-31T12:30:00+08:00,2025-07-31T12:00:00+08:00,,,,260.0,3.3
86.0,23.604119,120.403556,,996.6,15.5,0.0,15.5,0.5,18.0,33.0,113.0,15.0,15.5,15.5,C0M660,溪口,,27.9,,2025-07-31T12:30:00+08:00,2025-07-31T12:00:00+08:00,,,,177.0,2.4
,23.585344,120.180517,,,,0.0,0.0,0.0,2.0,4.5,8.0,0.0,0.0,0.0,C1K540,口湖,,,,2025-07-31T12:30:00+08:00,,,,,,
,23.530321,120.520569,,,,0.0,17.0,0.0,50.0,167.0,221.0,11.0,14.0,17.0,01L490,沙坑,,,,2025-07-31T12:30:00+08:00,,,,,,
79.0,24.439714,120.653053,,994.9,36.5,0.0,35.0,0.0,37.5,49.0,49.5,0.0,13.0,36.5,C0E830,苑裡,,27.7,,2025-07-31T12:30:00+08:00,2025-07-31T12:00:00+08:00,,,,159.0,3.0
,25.131395,121.545613,,,,0.0,0.0,0.0,0.0,0.0,88.5,0.0,0.0,0.0,A1AA10,格致國中,,,,2025-07-31T12:30:00+08:00,,,,,,
81.0,22.645017,120.311233,,997.0,2.5,0.0,2.5,0.0,4.5,8.0,103.5,0.0,0.0,2.5,C0V700,三民,,30.6,,2025-07-31T12:30:00+08:00,2025-07-31T12:00:00+08:00,,,,254.0,3.3
,23.985549,120.892835,,,,0.0,205.0,2.0,328.0,430.0,507.0,21.0,80.0,218.0,01H680,北山(2),,,,2025-07-31T12:30:00+08:00,,,,,,
91.0,24.505781,121.113921,,784.4,9.0,0.0,9.0,0.0,9.0,16.0,30.5,0.0,9.0,9.0,C0E960,觀霧分站,,16.4,,2025-07-31T12:30:00+08:00,2025-07-31T12:00:00+08:00,,,,151.0,1.8
,23.913225,121.052483,,,,0.0,70.5,0.5,99.5,147.5,179.5,2.0,10.5,72.5,C1I030,武界,,,,2025-07-31T12:30:00+08:00,,,,,,
,23.72541,120.876679,,,,5.5,153.0,16.5,235.0,340.5,383.5,16.5,17.0,155.5,81I540,上安,,,,2025-07-31T12:30:00+08:00,,,,,,
,24.971779,121.828198,,,,0.0,3.0,3.0,3.0,3.0,20.0,3.0,3.0,3.0,L1A840,太平,,,,2025-07-31T12:30:00+08:00,,,,,,
,24.292326,120.910107,,,,0.0,128.0,8.0,137.0,209.0,296.0,40.0,103.0,128.0,O1F390,雙崎(2),,,,2025-07-31T12:30:00+08:00,,,,,,
81.0,24.471892,120.704622,,994.5,26.0,0.0,25.5,0.0,33.0,39.5,39.5,0.5,21.0,26.0,C0E590,通霄,,27.7,,2025-07-31T12:30:00+08:00,2025-07-31T12:00:00+08:00,,,,164.0,3.6
,24.680903,121.748775,,,,0.0,0.0,0.0,0.0,0.0,1.0,0.0,0.0,0.0,01U190,新北城,,,,2025-07-31T12:30:00+08:00,,,,,,
88.0,24.1081,120.434576,9.6,-99.0,,0.0,25.0,0.0,25.0,55.5,58.5,1.0,1.5,25.0,CAG070,西濱S173K,-99.0,27.7,2025-07-31T12:20:00+08:00,2025-07-31T12:30:00+08:00,,-99,16-20,陰,140.0,5.7
92.0,22.336306,120.621722,,998.9,41.0,0.0,41.0,0.0,47.0,102.0,200.0,2.5,19.0,41.0,C0R940,加祿堂,,28.0,,2025-07-31T12:30:00+08:00,2025-07-31T12:00:00+08:00,,,,242.0,1.7
-99.0,24.026875,121.1205,-99.0,-99.0,,,,,,,,,,-99.0,C2H9N0,仁愛東眼,-99.0,-99.0,2025-07-31T12:20:00+08:00,,,-99,-99,陰,-99.0,-99.0
85.0,22.684872,121.005644,,944.0,18.0,0.0,16.5,0.0,59.0,85.0,96.5,0.0,2.5,18.0,C0S700,知本,,28.5,,2025-07-31T12:30:00+08:00,2025-07-31T12:00:00+08:00,,,,89.0,0.4
84.0,23.991861,121.537169,,939.3,13.0,0.0,13.0,0.0,13.0,16.0,27.5,0.0,4.0,13.0,C0T9B0,水源,,26.5,,2025-07-31T12:30:00+08:00,2025-07-31T12:00:00+08:00,,,,287.0,0.4
81.0,23.214972,120.135761,,998.0,0.0,0.0,0.0,0.0,0.0,0.5,2.0,0.0,0.0,0.0,C0X280,將軍,,29.4,,2025-07-31T12:30:00+08:00,2025-07-31T12:00:00+08:00,,,,220.0,6.2
,22.379592,120.858181,,,,0.0,101.0,1.0,214.0,356.0,397.0,12.0,47.0,105.0,01S360,紹家,,,,2025-07-31T12:30:00+08:00,,,,,,
52.0,25.0111,121.448716,,993.5,0.0,0.0,0.0,0.0,0.0,0.0,37.0,0.0,0.0,0.0,C0AJ80,板橋,,34.7,,2025-07-31T12:30:00+08:00,2025-07-31T12:00:00+08:00,,,,266.0,2.0
69.0,23.583897,121.514806,,981.8,7.0,0.0,5.5,0.0,7.5,12.5,13.0,0.0,0.0,7.0,C0T9I0,豐濱,,31.0,,2025-07-31T12:30:00+08:00,2025-07-31T12:00:00+08:00,,,,40.0,1.3
,24.981089,121.749275,,,,0.0,0.0,0.0,0.0,0.0,19.0,0.0,0.0,0.0,01A200,火燒寮,,,,2025-07-31T12:30:00+08:00,,,,,,
,23.979817,121.132261,,,,0.5,57.5,1.0,87.0,113.5,151.0,5.0,27.0,58.0,C1I020,萬大,,,,2025-07-31T12:30:00+08:00,,,,,,
,23.594153,120.944286,,,,3.0,54.0,4.0,84.0,166.5,184.0,8.5,10.5,55.5,C1I450,望鄉山,,,,2025-07-31T12:30:00+08:00,,,,,,
76.0,24.637056,120.864778,,995.9,1.0,0.0,1.0,0.0,5.0,5.0,11.0,0.5,0.5,1.0,C0E740,造橋,,29.3,,2025-07-31T12:30:00+08:00,2025-07-31T12:00:00+08:00,,,,234.0,1.4
,24.73339,120.967392,,,,0.0,0.0,0.0,0.0,0.0,10.0,0.0,0.0,0.0,O1D570,新城國小,,,,2025-07-31T12:30:00+08:00,,,,,,
,24.825,121.288611,,,,0.0,0.0,0.0,0.0,0.0,29.0,0.0,0.0,0.0,81C700,大艽芎古道,,,,2025-07-31T12:30:00+08:00,,,,,,
80.0,24.535811,120.795983,7.5,-99.0,,0.0,28.0,0.0,39.0,40.5,46.5,0.0,28.0,29.0,C2E970,八甲,-99.0,27.5,2025-07-31T12:20:00+08:00,2025-07-31T12:30:00+08:00,,-99,-99,陰,190.0,2.1
,22.598611,120.685278,,,,0.0,98.0,2.0,245.0,554.0,675.0,13.0,49.0,100.0,01Q960,泰武(2),,,,2025-07-31T12:30:00+08:00,,,,,,
74.0,25.223628,121.643967,,992.1,0.0,0.0,0.0,0.0,0.0,0.0,5.5,0.0,0.0,0.0,C0A940,金山,,31.2,,2025-07-31T12:30:00+08:00,2025-07-31T12:00:00+08:00,,,,92.0,0.5
,24.709464,120.898219,,,,0.0,0.0,0.0,0.0,0.0,11.0,0.0,0.0,0.0,01E120,大埔,,,,2025-07-31T12:30:00+08:00,,,,,,
,22.457746,120.922713,,,,0.0,9.5,0.0,109.5,209.5,242.0,0.5,7.5,9.5,81S880,愛國埔分校,,,,2025-07-31T12:30:00+08:00,,,,,,
-99.0,22.974361,121.156697,,-99.0,-99.0,,,,,,,,,,C0SA40,瑞和,,-99.0,,,2025-07-31T12:00:00+08:00,,,,-99.0,-99.0
84.0,24.678347,121.208558,,940.4,0.0,0.0,0.0,0.0,0.0,0.0,17.0,0.0,0.0,0.0,C0D360,梅花,,27.7,,2025-07-31T12:30:00+08:00,2025-07-31T12:00:00+08:00,,,,72.0,0.7
82.0,24.760717,121.58135,,929.1,0.0,0.0,0.0,0.0,0.0,0.0,5.5,0.0,0.0,0.0,C0AH90,福山植物園,,27.9,,2025-07-31T12:30:00+08:00,2025-07-31T12:00:00+08:00,,,,90.0,1.2
,22.526997,120.678346,,,,0.0,74.0,1.0,121.0,379.0,484.0,11.0,74.0,74.0,01Q350,新來義,,,,2025-07-31T12:30:00+08:00,,,,,,
99.0,23.86008,120.6375,7.4,-99.0,,1.0,127.5,22.5,168.5,257.5,257.5,30.5,40.0,127.0,CAH030,茶改場竹圍站,-99.0,23.7,2025-07-31T12:20:00+08:00,2025-07-31T12:30:00+08:00,,-99,-99,陰有雨,140.0,1.0
96.0,24.310436,120.729725,,972.1,144.0,0.0,139.5,1.5,155.5,195.0,199.0,30.5,64.5,144.0,C0F9L0,后里,,25.5,,2025-07-31T12:30:00+08:00,2025-07-31T12:00:00+08:00,,,,0.0,0.2
,24.102039,120.879897,,,,0.0,249.0,5.0,350.5,462.5,615.5,20.5,114.0,269.5,C1H920,長豐,,,,2025-07-31T12:30:00+08:00,,,,,,
-99.0,24.0753,120.430481,-99.0,-99.0,,,,,,,,,,-99.0,C2G640,鹿港,-99.0,-99.0,2025-07-31T12:20:00+08:00,,,-99,-99,陰,-99.0,-99.0
87.0,23.150194,121.070025,,915.3,34.5,0.0,33.5,0.5,63.5,91.5,101.5,1.0,1.0,35.0,C0S660,下馬,,23.7,,2025-07-31T12:30:00+08:00,2025-07-31T12:00:00+08:00,,,,275.0,1.9
,23.247932,120.985899,,,,0.0,66.0,5.0,135.0,200.0,210.0,7.0,11.0,72.0,01S470,向陽(2),,,,2025-07-31T12:30:00+08:00,,,,,,
,25.017093,121.574405,,,,0.0,0.0,0.0,0.0,0.0,36.5,0.0,0.0,0.0,A1AC70,挹翠山莊,,,,2025-07-31T12:30:00+08:00,,,,,,
,23.590386,120.744799,,,,0.5,102.0,5.0,328.0,558.0,587.5,14.5,18.0,102.0,81M020,豐山,,,,2025-07-31T12:30:00+08:00,,,,,,
78.0,23.047062,121.343223,,995.4,4.5,0.0,4.0,0.0,11.0,22.5,23.0,0.0,2.5,4.5,C0SB50,叭嗡嗡,,27.6,,2025-07-31T12:30:00+08:00,2025-07-31T12:00:00+08:00,,,,65.0,3.4
85.0,22.963017,120.327797,,994.3,1.5,0.0,1.5,0.0,1.5,10.5,59.5,0.0,0.0,1.5,C0X170,關廟,,29.2,,2025-07-31T12:30:00+08:00,2025-07-31T12:00:00+08:00,,,,249.0,1.4
,24.700595,121.356813,,,,0.0,0.0,0.0,0.0,0.0,6.5,0.0,0.0,0.0,88C690,蘇樂,,,,2025-07-31T12:30:00+08:00,,,,,,
,23.286017,120.390378,,,,0.0,50.5,27.5,52.0,80.5,156.5,38.0,49.5,50.5,C1O940,東山服務區,,,,2025-07-31T12:30:00+08:00,,,,,,
,24.986395,121.545303,,,,0.0,0.0,0.0,0.0,0.0,48.5,0.0,0.0,0.0,A1AB10,埤腹,,,,2025-07-31T12:30:00+08:00,,,,,,
,22.781967,120.426475,,,,0.0,20.5,0.0,24.0,50.5,137.5,7.5,7.5,21.0,C1V830,國三S383K,,,,2025-07-31T12:30:00+08:00,,,,,,
96.0,22.739558,120.530778,,994.8,16.0,0.0,13.0,0.0,25.5,77.5,217.0,2.0,3.5,16.0,C0R160,鹽埔,,29.1,,2025-07-31T12:30:00+08:00,2025-07-31T12:00:00+08:00,,,,102.0,0.8
,24.809322,121.248473,,,,0.0,0.0,0.0,0.0,0.0,17.0,0.0,0.0,0.0,21C050,石門,,,,2025-07-31T12:30:00+08:00,,,,,,
96.0,22.9077,120.3513,7.5,-99.0,,0.0,12.5,2.5,14.0,22.0,95.0,6.0,6.5,12.5,CAN100,國三S366K,-99.0,28.0,2025-07-31T12:20:00+08:00,2025-07-31T12:30:00+08:00,,-99,16-20,陰,230.0,2.4
65.0,24.413925,121.783247,,936.7,-99.0,0.0,5.5,0.0,5.5,5.5,5.5,2.0,5.5,5.5,C0UA60,樟樹山,,28.0,,2025-07-31T12:30:00+08:00,2025-07-31T12:00:00+08:00,,,,0.0,0.1
99.0,24.49999,121.08773,,759.8,-99.0,0.0,13.0,0.0,13.0,25.5,42.0,13.0,13.0,13.0,C0D750,樂山林道6k,,15.4,,2025-07-31T12:30:00+08:00,2025-07-31T12:00:00+08:00,,,,60.0,5.0
91.0,23.955116,120.662376,6.3,-99.0,,0.0,119.5,16.5,204.5,310.0,310.0,19.5,29.5,120.0,CAH010,國三N223K,-99.0,25.0,2025-07-31T12:20:00+08:00,2025-07-31T12:30:00+08:00,,-99,7-10,陰有雨,160.0,5.2
94.0,22.968258,120.257689,,996.8,0.0,0.0,0.0,0.0,0.0,5.0,65.0,0.0,0.0,0.0,C0X160,仁德,,29.0,,2025-07-31T12:30:00+08:00,2025-07-31T12:00:00+08:00,,,,223.0,4.3
58.0,24.908472,121.185333,7.8,-99.0,,0.0,0.0,0.0,0.0,0.0,43.0,0.0,0.0,0.0,82C160,茶改場,-99.0,32.9,2025-07-31T12:20:00+08:00,2025-07-31T12:30:00+08:00,,-99,-99,陰,240.0,2.7
89.0,23.471325,120.485903,4.5,-99.0,,0.5,24.5,0.5,46.5,138.5,242.0,17.5,23.5,24.0,C2M910,嘉義大學,-99.0,27.5,2025-07-31T12:20:00+08:00,2025-07-31T12:30:00+08:00,,-99,-99,陰有雷,80.0,1.0
,23.406728,120.654417,,,,2.0,99.0,7.0,254.0,467.0,500.5,23.5,36.5,117.0,C1M390,龍美,,,,2025-07-31T12:30:00+08:00,,,,,,
69.0,24.817539,121.765608,,996.5,0.0,0.0,0.0,0.0,0.0,0.0,4.0,0.0,0.0,0.0,C0U600,礁溪,,33.1,,2025-07-31T12:30:00+08:00,2025-07-31T12:00:00+08:00,,,,72.0,0.7
,22.888028,120.737917,,,,4.0,218.5,5.5,471.5,842.0,1070.5,20.0,45.5,237.0,C1V780,多納林道,,,,2025-07-31T12:30:00+08:00,,,,,,
58.0,24.977661,121.256375,,982.2,0.0,0.0,0.0,0.0,0.0,0.0,81.5,0.0,0.0,0.0,C0C700,中壢,,32.1,,2025-07-31T12:30:00+08:00,2025-07-31T12:00:00+08:00,,,,262.0,3.7
73.0,24.8956,120.9649,8.1,-99.0,,0.0,0.0,0.0,0.0,0.0,35.0,0.0,0.0,0.0,CAD100,西濱N066K,-99.0,30.6,2025-07-31T12:20:00+08:00,2025-07-31T12:30:00+08:00,,-99,16-20,陰,230.0,3.9
100.0,23.416666,120.355,4.9,-99.0,,0.0,4.0,2.0,7.0,24.5,93.5,3.0,4.0,4.0,CAL040,國一N273K,-99.0,26.8,2025-07-31T12:20:00+08:00,2025-07-31T12:30:00+08:00,,-99,-99,陰有雷雨,90.0,2.4
,22.877254,121.057045,,,,0.0,31.0,0.0,102.0,151.0,163.0,0.0,9.0,32.0,01S570,上里,,,,2025-07-31T12:30:00+08:00,,,,,,
-99.0,24.247522,121.243669,-99.0,-99.0,,,,,,,,,,-99.0,C2F860,梨山,-99.0,-99.0,2025-07-31T12:20:00+08:00,,,-99,-99,陰,-99.0,-99.0
100.0,23.460833,120.375833,6.2,-99.0,,3.0,5.5,5.5,12.0,44.5,128.0,5.5,5.5,2.5,CAL030,國一N268K,-99.0,27.2,2025-07-31T12:20:00+08:00,2025-07-31T12:30:00+08:00,,-99,-99,陰有雨,150.0,2.2
,22.748999,120.728297,,,,0.0,125.0,7.0,283.0,425.0,550.0,17.0,48.0,142.0,O1S690,神山,,,,2025-07-31T12:30:00+08:00,,,,,,
88.0,23.458911,120.153831,,998.7,0.0,0.0,0.0,0.0,0.0,0.0,50.5,0.0,0.0,0.0,C0M710,東石,,28.8,,2025-07-31T12:30:00+08:00,2025-07-31T12:00:00+08:00,,,,221.0,1.8
,23.602442,121.520492,,,,0.0,5.0,0.0,6.0,10.0,14.0,0.0,1.0,6.0,01T730,豐濱,,,,2025-07-31T12:30:00+08:00,,,,,,
83.0,24.370625,120.620067,,995.9,50.0,0.0,49.0,0.0,54.5,87.5,89.5,0.0,8.5,50.0,C0FB70,大甲溪埔,,27.3,,2025-07-31T12:30:00+08:00,2025-07-31T12:00:00+08:00,,,,140.0,3.1
,24.613062,121.525585,,,,0.0,0.0,0.0,0.0,0.0,1.0,0.0,0.0,0.0,01U060,梵梵(2),,,,2025-07-31T12:30:00+08:00,,,,,,
-99.0,22.975481,120.466769,,-99.0,-99.0,,,,,,,,,,C0V360,內門,,-99.0,,,2025-07-31T12:00:00+08:00,,,,-99.0,-99.0
61.0,25.066739,121.628153,6.7,-99.0,,0.0,0.0,0.0,0.0,0.0,43.0,0.0,0.0,0.0,CAA010,國一N013K,-99.0,35.2,2025-07-31T12:20:00+08:00,2025-07-31T12:30:00+08:00,,-99,-99,陰,280.0,2.7
,22.892969,120.540195,,,,0.0,59.0,10.0,84.0,159.0,366.0,35.0,35.0,61.0,01P770,美濃(2),,,,2025-07-31T12:30:00+08:00,,,,,,
58.0,25.134937,121.364899,,994.8,0.0,0.0,0.0,0.0,0.0,0.0,62.5,0.0,0.0,0.0,C0AK10,太平里,,32.3,,2025-07-31T12:30:00+08:00,2025-07-31T12:00:00+08:00,,,,239.0,3.4
,25.168595,121.538915,,,,0.0,0.0,0.0,0.0,0.0,57.5,0.0,0.0,0.0,A1A9S0,湖田國小,,,,2025-07-31T12:30:00+08:00,,,,,,
100.0,23.508208,120.813242,5.0,-99.0,,1.0,132.5,11.0,369.0,612.0,665.5,21.0,34.0,142.0,467530,阿里山,0.0,14.6,2025-07-31T12:20:00+08:00,2025-07-31T12:30:00+08:00,,1,2.2,陰有雨,10.0,0.7
,22.642801,120.952564,,,,0.0,13.0,0.0,79.0,116.0,137.0,0.0,3.0,13.0,O1S680,金針山,,,,2025-07-31T12:30:00+08:00,,,,,,
,25.021931,121.516401,,,,0.0,0.0,0.0,0.0,0.0,53.0,0.0,0.0,0.0,01A410,中正橋,,,,2025-07-31T12:30:00+08:00,,,,,,
,24.655722,120.955306,,,,0.0,0.0,0.0,0.0,0.0,3.0,0.0,0.0,0.0,01E400,三灣,,,,2025-07-31T12:30:00+08:00,,,,,,
-99.0,24.388594,121.236339,,-99.0,-99.0,,,,,,,,,,C0F0A0,雪山圈谷A,,-99.0,,,2025-07-31T12:00:00+08:00,,,,-99.0,-99.0
72.0,24.633725,121.793697,,996.1,0.0,0.0,0.0,0.0,0.0,0.0,0.0,0.0,0.0,0.0,C0U910,冬山,,31.4,,2025-07-31T12:30:00+08:00,2025-07-31T12:00:00+08:00,,,,113.0,1.4
88.0,23.119628,121.209469,,967.9,6.5,0.5,7.5,1.0,16.5,33.5,34.5,1.0,1.5,7.5,C0S740,池上,,26.2,,2025-07-31T12:30:00+08:00,2025-07-31T12:00:00+08:00,,,,0.0,0.0
,23.337816,120.683124,,,,6.5,173.5,48.5,439.5,717.5,764.5,60.0,79.0,179.0,81M670,新美國小,,,,2025-07-31T12:30:00+08:00,,,,,,
,23.475173,120.620189,,,,0.0,61.0,18.0,139.0,352.0,389.0,33.0,33.0,65.0,01L390,大湖山,,,,2025-07-31T12:30:00+08:00,,,,,,
,22.725061,121.03782,,,,0.0,25.5,0.0,93.0,118.5,127.5,0.0,3.5,25.5,81S930,射馬干,,,,2025-07-31T12:30:00+08:00,,,,,,
90.0,22.767777,120.444444,2.6,-99.0,,0.0,23.0,0.0,26.0,58.0,172.5,1.0,1.0,23.5,CAP060,國三S385K,-99.0,29.0,2025-07-31T12:20:00+08:00,2025-07-31T12:30:00+08:00,,-99,7-10,陰,270.0,1.2
94.0,24.041897,120.699472,,991.6,214.0,0.0,203.5,3.5,364.0,473.5,474.0,8.0,50.0,217.5,C0FA50,霧峰,,25.5,,2025-07-31T12:30:00+08:00,2025-07-31T12:00:00+08:00,,,,103.0,1.8
,23.595278,120.596944,,,,0.0,37.0,0.0,114.5,261.0,268.5,16.5,16.5,37.0,88K590,華山,,,,2025-07-31T12:30:00+08:00,,,,,,
93.0,22.42565,120.49521,5.1,-99.0,,0.0,3.5,0.0,11.0,45.0,101.5,0.0,3.5,3.5,CAQ030,崎峰國小,-99.0,28.9,2025-07-31T12:20:00+08:00,2025-07-31T12:30:00+08:00,,-99,-99,陰,240.0,2.5
96.0,22.024403,120.839892,,994.5,36.0,0.0,36.0,0.0,50.0,66.5,242.5,17.0,34.0,36.0,C0R780,滿州,,26.6,,2025-07-31T12:30:00+08:00,2025-07-31T12:00:00+08:00,,,,241.0,3.1
73.0,24.60725,120.826094,,996.0,-99.0,0.0,3.0,0.0,10.5,11.0,15.5,0.0,3.0,3.5,C0E870,高鐵苗栗,,29.5,,2025-07-31T12:30:00+08:00,2025-07-31T12:00:00+08:00,,,,217.0,2.8
,23.325933,121.439636,,,,0.0,9.0,0.0,13.0,14.0,14.0,0.0,1.0,11.0,01S260,忠勇,,,,2025-07-31T12:30:00+08:00,,,,,,
,24.192044,121.388386,,,,0.0,28.5,1.0,29.0,5.0,-99.0,8.5,17.0,29.0,C1T810,慈恩,,,,2025-07-31T12:30:00+08:00,,,,,,
99.0,23.903208,120.963364,3.1,-99.0,,0.5,113.0,1.0,172.0,301.5,343.0,2.0,6.5,121.5,72HA00,埔里分場,-99.0,22.8,2025-07-31T12:20:00+08:00,2025-07-31T12:30:00+08:00,,-99,-99,陰,260.0,0.3
75.0,24.75861,120.9608,8.6,-99.0,,0.0,0.0,0.0,0.0,0.0,21.5,0.0,0.0,0.0,CAD090,國三S103K,-99.0,30.1,2025-07-31T12:20:00+08:00,2025-07-31T12:30:00+08:00,,-99,7-10,陰,230.0,3.9
,23.965694,121.492842,,,,0.0,10.0,0.0,10.0,14.5,18.5,0.0,2.0,10.0,C1Z130,銅門,,,,2025-07-31T12:30:00+08:00,,,,,,
100.0,23.080106,120.591758,4.0,-99.0,,0.0,84.0,0.0,137.0,246.5,447.0,27.0,27.5,84.5,C2V250,甲仙,-99.0,25.0,2025-07-31T12:20:00+08:00,2025-07-31T12:30:00+08:00,,-99,-99,陰,0.0,0.2
85.0,20.700856,116.73,10.1,1000.3,,0.5,0.5,0.5,0.5,8.0,8.0,0.5,0.5,0.0,468100,東沙島,-99.0,30.6,2025-07-31T12:20:00+08:00,2025-07-31T12:30:00+08:00,,-99,-99,-99,210.0,4.5
68.0,24.437419,121.381669,,877.1,11.5,0.0,11.5,0.0,11.5,11.5,17.5,1.5,10.5,11.5,C0U720,南山,,23.9,,2025-07-31T12:30:00+08:00,2025-07-31T12:00:00+08:00,,,,191.0,4.1
,23.463619,120.954147,,,,2.0,74.0,4.0,148.0,221.5,263.0,8.0,15.0,75.5,C1V170,排雲,,,,2025-07-31T12:30:00+08:00,,,,,,
,25.089894,121.55131,,,,0.0,0.0,0.0,0.0,0.0,61.5,0.0,0.0,0.0,A1AD50,劍南路,,,,2025-07-31T12:30:00+08:00,,,,,,
89.0,23.234405,120.096125,,997.7,0.0,0.0,0.0,0.0,0.0,0.5,2.5,0.0,0.0,0.0,C0N040,蘆竹溝,,29.1,,2025-07-31T12:30:00+08:00,2025-07-31T12:00:00+08:00,,,,243.0,7.5
,25.079005,121.696626,,,,0.0,0.0,0.0,0.0,0.0,26.0,0.0,0.0,0.0,01B030,五堵,,,,2025-07-31T12:30:00+08:00,,,,,,
,24.614906,121.637272,,,,0.0,0.0,0.0,0.0,0.0,1.0,0.0,0.0,0.0,01U790,清水,,,,2025-07-31T12:30:00+08:00,,,,,,
88.0,23.102614,120.227839,,998.6,-99.0,0.5,3.5,3.0,4.5,38.0,53.5,3.0,3.0,3.5,C0X150,安定,,30.0,,2025-07-31T12:30:00+08:00,2025-07-31T12:00:00+08:00,,,,236.0,4.1
,25.168295,121.528315,,,,0.0,0.0,0.0,0.0,0.0,73.5,0.0,0.0,0.0,A1AD20,竹子湖,,,,2025-07-31T12:30:00+08:00,,,,,,
79.0,25.166678,121.706994,,996.7,0.0,0.0,0.0,0.0,0.0,0.0,12.5,0.0,0.0,0.0,C0B040,大武崙,,30.5,,2025-07-31T12:30:00+08:00,2025-07-31T12:00:00+08:00,,,,57.0,2.7
100.0,23.434056,120.727169,1.7,-99.0,,0.5,127.0,5.5,344.0,622.5,672.5,17.0,49.5,130.5,C2M940,日野賀,-99.0,20.7,2025-07-31T12:20:00+08:00,2025-07-31T12:30:00+08:00,,-99,-99,陰有雨,30.0,0.6
,24.203483,121.018644,,,,0.0,104.0,5.0,124.0,169.5,228.5,21.0,71.5,104.0,C1F871,上谷關,,,,2025-07-31T12:30:00+08:00,,,,,,
58.0,25.117494,121.537169,,994.7,0.0,0.0,0.0,0.0,0.0,0.0,69.5,0.0,0.0,0.0,C0A9C0,天母,,33.9,,2025-07-31T12:30:00+08:00,2025-07-31T12:00:00+08:00,,,,15.0,0.8
,23.826281,120.774892,,,,0.0,200.0,12.0,401.0,598.0,598.0,17.0,17.0,225.0,00H710,集集(2),,,,2025-07-31T12:30:00+08:00,,,,,,
95.0,24.137006,120.637969,,992.2,279.5,0.5,274.0,0.5,313.0,408.5,411.5,4.5,98.5,280.0,C0F9U0,南屯,,25.6,,2025-07-31T12:30:00+08:00,2025-07-31T12:00:00+08:00,,,,95.0,0.6
79.0,24.147433,121.629703,,991.4,13.0,0.0,13.0,0.5,13.0,13.0,16.5,1.0,11.0,13.0,C0Z190,富世,,27.1,,2025-07-31T12:30:00+08:00,2025-07-31T12:00:00+08:00,,,,299.0,2.7
,23.727778,121.4975,,,,0.0,7.5,0.0,8.5,14.5,17.5,0.0,0.5,8.5,81T860,山興分校,,,,2025-07-31T12:30:00+08:00,,,,,,
,23.0805,120.692997,,,,0.0,166.0,26.0,322.0,526.0,703.0,49.0,58.0,178.5,F1V850,六龜,,,,2025-07-31T12:30:00+08:00,,,,,,
79.0,23.020333,121.323642,,988.9,7.5,0.0,7.0,0.0,15.0,31.5,32.0,0.0,4.5,7.5,C0SA30,都歷,,28.1,,2025-07-31T12:30:00+08:00,2025-07-31T12:00:00+08:00,,,,34.0,1.9
,23.691944,121.549444,,,,0.0,0.0,0.0,0.0,0.5,1.5,0.0,0.0,0.0,81T990,高山部落,,,,2025-07-31T12:30:00+08:00,,,,,,
77.0,24.307169,121.770069,,996.0,6.5,0.0,6.5,0.0,6.5,6.5,6.5,1.5,6.5,6.5,C0Z230,和平,,27.0,,2025-07-31T12:30:00+08:00,2025-07-31T12:00:00+08:00,,,,299.0,4.3
55.0,25.01125,121.508111,,994.1,0.0,0.0,0.0,0.0,0.0,0.0,44.5,0.0,0.0,0.0,C0AH10,永和,,34.9,,2025-07-31T12:30:00+08:00,2025-07-31T12:00:00+08:00,,,,281.0,2.8
66.0,24.993969,121.662917,,973.4,-99.0,0.0,0.0,0.0,0.0,0.0,42.0,0.0,0.0,0.0,C0A640,石碇,,34.1,,2025-07-31T12:30:00+08:00,2025-07-31T12:00:00+08:00,,,,214.0,0.5
,25.126667,121.390556,,,,0.0,0.0,0.0,0.0,0.0,74.5,0.0,0.0,0.0,81AH60,長坑國小,,,,2025-07-31T12:30:00+08:00,,,,,,
80.0,23.126769,121.401914,,995.9,8.0,0.0,7.5,0.0,18.0,25.5,25.5,0.0,2.0,8.0,C0SB60,白守蓮,,27.8,,2025-07-31T12:30:00+08:00,2025-07-31T12:00:00+08:00,,,,68.0,2.3
,23.132568,121.122873,,,,0.0,16.0,1.0,28.0,48.0,50.0,1.0,1.0,16.0,01S440,新武(3),,,,2025-07-31T12:30:00+08:00,,,,,,
,24.934158,121.593283,,,,0.0,0.0,0.0,0.0,0.0,46.5,0.0,0.0,0.0,C1A9N0,四十份,,,,2025-07-31T12:30:00+08:00,,,,,,
,24.87561,121.451992,,,,0.0,0.0,0.0,0.0,0.0,17.0,0.0,0.0,0.0,01AG10,熊空山,,,,2025-07-31T12:30:00+08:00,,,,,,
63.0,25.084275,121.265767,,995.2,0.0,0.0,0.0,0.0,0.0,0.0,42.0,0.0,0.0,0.0,C0C620,蘆竹,,32.6,,2025-07-31T12:30:00+08:00,2025-07-31T12:00:00+08:00,,,,234.0,2.9
77.0,24.5362,121.1108,,850.4,5.0,0.0,5.0,0.0,5.0,5.0,8.0,0.0,5.0,5.0,C0D760,大坪苗圃,,21.6,,2025-07-31T12:30:00+08:00,2025-07-31T12:00:00+08:00,,,,271.0,1.6
,24.414244,120.77003,,,,0.0,41.0,0.0,52.0,75.0,90.0,4.0,18.0,46.0,01E290,三義(2),,,,2025-07-31T12:30:00+08:00,,,,,,
,25.016894,121.554305,,,,0.0,0.0,0.0,0.0,0.0,42.5,0.0,0.0,0.0,A1AG60,福州山,,,,2025-07-31T12:30:00+08:00,,,,,,
,23.240357,120.696723,,,,0.0,214.0,11.0,618.0,908.0,952.0,52.0,66.0,251.0,O1V520,民權,,,,2025-07-31T12:30:00+08:00,,,,,,
100.0,24.363714,121.444667,,662.3,-99.0,,,,,,,,,,C0F0E0,南湖圈谷A,,8.1,,,2025-07-31T12:00:00+08:00,,,,15.0,1.9
84.0,24.429117,120.617483,,997.4,35.5,0.0,34.0,0.0,37.0,47.0,47.5,0.0,8.0,35.5,C0FA10,松柏,,26.7,,2025-07-31T12:30:00+08:00,2025-07-31T12:00:00+08:00,,,,115.0,6.5
66.0,25.074453,121.427281,,977.7,0.0,0.0,0.0,0.0,0.0,0.0,47.5,0.0,0.0,0.0,C0AI00,五股,,32.3,,2025-07-31T12:30:00+08:00,2025-07-31T12:00:00+08:00,,,,248.0,1.6
,22.838676,121.139022,,,,0.0,37.0,0.0,59.0,92.0,98.0,0.0,6.0,37.0,O1S650,利吉國小,,,,2025-07-31T12:30:00+08:00,,,,,,
,25.029293,121.582905,,,,0.0,0.0,0.0,0.0,0.0,52.0,0.0,0.0,0.0,A1AG40,四獸山,,,,2025-07-31T12:30:00+08:00,,,,,,
53.0,25.051478,121.446756,,994.1,-99.0,0.0,0.0,0.0,0.0,0.0,45.0,0.0,0.0,0.0,C0ACA0,新莊,,32.4,,2025-07-31T12:30:00+08:00,2025-07-31T12:00:00+08:00,,,,251.0,1.7
90.0,23.690928,120.303619,,997.6,2.0,0.0,2.0,0.0,3.0,31.5,57.5,0.0,0.0,2.0,C0K430,褒忠,,28.7,,2025-07-31T12:30:00+08:00,2025-07-31T12:00:00+08:00,,,,177.0,4.2
96.0,24.254668,121.007374,,772.2,101.0,0.0,101.5,7.0,105.0,162.5,211.0,26.0,79.0,101.5,C0FB00,大雪山,,15.6,,2025-07-31T12:30:00+08:00,2025-07-31T12:00:00+08:00,,,,-99.0,-99.0
,23.15025,121.382333,,,,0.0,6.5,0.0,18.0,26.5,28.0,0.0,2.0,7.0,C1S870,南美山,,,,2025-07-31T12:30:00+08:00,,,,,,
93.0,22.190131,120.692156,,1000.5,76.0,0.0,76.0,0.0,92.5,116.0,241.0,3.0,71.0,76.0,C0R670,楓港,,27.6,,2025-07-31T12:30:00+08:00,2025-07-31T12:00:00+08:00,,,,256.0,3.1
53.0,25.133314,121.740475,5.2,994.4,,0.0,0.0,0.0,0.0,0.0,18.5,0.0,0.0,0.0,466940,基隆,2.0,35.1,2025-07-31T12:20:00+08:00,2025-07-31T12:30:00+08:00,,12,>30,陰,200.0,3.2
,24.728728,121.226523,,,,0.0,0.0,0.0,0.0,0.0,15.5,0.0,0.0,0.0,81D630,尖石國小,,,,2025-07-31T12:30:00+08:00,,,,,,
,24.572873,121.49644,,,,0.0,0.0,0.0,0.0,0.0,0.0,0.0,0.0,0.0,01U050,土場(1),,,,2025-07-31T12:30:00+08:00,,,,,,
55.0,25.02955,121.53628,2.1,-99.0,,0.0,0.0,0.0,0.0,0.0,56.0,0.0,0.0,0.0,CAAH60,大安森林,-99.0,35.2,2025-07-31T12:20:00+08:00,2025-07-31T12:30:00+08:00,,-99,-99,陰,0.0,0.2
86.0,23.495925,120.432906,4.6,996.8,,2.5,3.0,2.5,15.0,54.5,141.0,2.5,3.0,0.5,467480,嘉義,0.2,28.9,2025-07-31T12:20:00+08:00,2025-07-31T12:30:00+08:00,,4,>30,陰,160.0,1.9
95.0,23.634556,120.477333,6.5,-99.0,,0.0,27.5,1.5,43.5,77.5,110.5,19.0,23.0,27.5,72K220,雲林分場,-99.0,27.6,2025-07-31T12:20:00+08:00,2025-07-31T12:30:00+08:00,,-99,-99,陰,160.0,2.6
92.0,23.011789,120.249453,6.8,-99.0,,0.0,4.5,0.0,4.5,19.5,50.0,0.0,0.0,4.5,CAN040,國一N323K,-99.0,29.7,2025-07-31T12:20:00+08:00,2025-07-31T12:30:00+08:00,,-99,-99,陰,250.0,2.5
64.0,24.241394,121.712472,,996.1,9.5,0.0,9.5,0.0,9.5,9.5,13.0,1.0,9.5,9.5,C0TA50,和仁,,29.1,,2025-07-31T12:30:00+08:00,2025-07-31T12:00:00+08:00,,,,244.0,4.3
73.0,24.675432,120.847389,13.3,-99.0,,0.0,0.0,0.0,0.0,0.0,7.5,0.0,0.0,0.0,CAE060,國三N119K,-99.0,29.8,2025-07-31T12:20:00+08:00,2025-07-31T12:30:00+08:00,,-99,>30,陰,220.0,5.3
88.0,23.572911,120.245956,,998.4,2.0,0.0,2.0,0.0,3.0,3.0,12.0,1.5,1.5,2.0,C0K510,水林,,29.5,,2025-07-31T12:30:00+08:00,2025-07-31T12:00:00+08:00,,,,209.0,2.1
83.0,23.474264,121.410711,,974.8,9.5,0.0,7.5,0.0,13.5,19.0,19.0,0.0,0.5,9.5,C0Z280,德武,,29.3,,2025-07-31T12:30:00+08:00,2025-07-31T12:00:00+08:00,,,,0.0,0.1
76.0,24.495722,120.829111,8.2,-99.0,,0.0,19.5,0.0,22.0,30.0,34.0,0.0,13.5,19.5,K2E360,苗栗農改,-99.0,27.4,2025-07-31T12:20:00+08:00,2025-07-31T12:30:00+08:00,,-99,-99,陰,200.0,3.7
100.0,22.084681,120.863353,,963.2,51.0,0.0,51.0,0.5,70.5,96.0,220.0,23.5,47.0,51.0,C0R760,南仁湖,,24.9,,2025-07-31T12:30:00+08:00,2025-07-31T12:00:00+08:00,,,,252.0,4.3
91.0,23.848253,120.386764,,998.5,5.0,0.0,5.0,0.0,7.0,34.0,44.0,1.5,4.5,5.0,C0G940,竹塘,,27.4,,2025-07-31T12:30:00+08:00,2025-07-31T12:00:00+08:00,,,,133.0,1.3
99.0,22.857861,120.516667,4.2,-99.0,,0.0,46.0,16.5,54.0,107.5,280.5,20.5,20.5,46.5,72V140,旗南農改,-99.0,25.9,2025-07-31T12:20:00+08:00,2025-07-31T12:30:00+08:00,,-99,-99,陰有雨,50.0,2.1
99.0,23.670306,120.798194,1.9,-99.0,,0.5,145.0,20.5,251.5,372.5,402.5,24.5,25.0,147.5,U2H480,臺大溪頭,-99.0,20.0,2025-07-31T12:20:00+08:00,2025-07-31T12:30:00+08:00,,-99,-99,陰有雨,330.0,0.6
72.0,25.036003,121.864242,,992.8,0.0,0.0,0.0,0.0,0.0,0.0,8.0,0.0,0.0,0.0,C0A890,雙溪,,34.5,,2025-07-31T12:30:00+08:00,2025-07-31T12:00:00+08:00,,,,0.0,0.2
100.0,23.324361,120.582017,3.2,-99.0,,10.0,135.0,56.0,237.0,444.0,509.0,85.0,88.5,126.0,C2M410,馬頭山,-99.0,24.3,2025-07-31T12:20:00+08:00,2025-07-31T12:30:00+08:00,,-99,-99,陰有雷雨,350.0,1.3
99.0,23.828206,120.801467,,972.1,257.0,0.0,239.5,10.0,412.0,619.0,622.5,14.0,14.0,263.5,C0I380,集集,,24.2,,2025-07-31T12:30:00+08:00,2025-07-31T12:00:00+08:00,,,,243.0,0.7
99.0,23.756972,120.681556,4.0,-99.0,,0.0,115.5,8.0,255.5,363.5,363.5,24.0,27.0,127.5,U2HA50,臺大竹山,-99.0,24.8,2025-07-31T12:20:00+08:00,2025-07-31T12:30:00+08:00,,-99,-99,陰,120.0,0.8
92.0,22.003897,120.746339,6.5,998.3,,0.0,36.0,0.0,39.0,54.5,321.0,18.0,32.5,36.0,467590,恆春,0.0,27.9,2025-07-31T12:20:00+08:00,2025-07-31T12:30:00+08:00,,0,21-30,陰,260.0,2.2
,23.405748,121.320127,,,,0.0,6.0,0.0,11.0,20.0,20.0,0.0,0.0,7.0,O1T820,太平國小,,,,2025-07-31T12:30:00+08:00,,,,,,
,24.347703,120.827019,,,,0.0,87.5,3.0,102.5,124.0,164.5,25.0,54.5,88.0,C1E511,新開,,,,2025-07-31T12:30:00+08:00,,,,,,
83.0,22.752211,121.154586,4.2,997.0,,0.0,7.0,0.0,40.0,75.0,78.5,0.0,3.0,7.0,467660,臺東,0.0,28.2,2025-07-31T12:20:00+08:00,2025-07-31T12:30:00+08:00,,-99,>30,陰,60.0,1.8
85.0,24.489681,120.790853,,981.8,-99.0,0.0,22.5,0.0,27.0,33.5,42.5,0.5,21.0,22.5,C0E780,銅鑼,,27.1,,2025-07-31T12:30:00+08:00,2025-07-31T12:00:00+08:00,,,,214.0,1.9
,24.631499,121.474881,,,,0.0,0.0,0.0,0.0,0.0,0.0,0.0,0.0,0.0,21U110,池端,,,,2025-07-31T12:30:00+08:00,,,,,,
88.0,22.993161,120.152181,,998.6,0.0,0.0,0.0,0.0,0.0,3.0,45.5,0.0,0.0,0.0,C0X190,安平,,29.4,,2025-07-31T12:30:00+08:00,2025-07-31T12:00:00+08:00,,,,232.0,3.6
,23.309037,120.459288,,,,0.0,66.0,52.0,72.0,123.0,200.0,58.0,65.0,66.0,01O080,六溪,,,,2025-07-31T12:30:00+08:00,,,,,,
,24.677573,121.208601,,,,0.0,0.0,0.0,0.0,0.0,16.0,0.0,0.0,0.0,01D180,梅花,,,,2025-07-31T12:30:00+08:00,,,,,,
,24.564908,121.308179,,,,0.0,2.0,0.0,2.0,2.0,2.0,0.0,2.0,2.0,21D170,鎮西堡,,,,2025-07-31T12:30:00+08:00,,,,,,
,23.533049,120.602587,,,,0.0,71.0,1.0,162.0,453.0,491.0,61.0,62.0,72.0,01L480,樟腦寮(2),,,,2025-07-31T12:30:00+08:00,,,,,,
97.0,22.905944,120.688056,,954.8,71.5,4.0,68.5,4.5,160.0,412.5,638.0,20.5,23.0,75.5,C0V790,萬山,,24.8,,2025-07-31T12:30:00+08:00,2025-07-31T12:00:00+08:00,,,,30.0,1.2
,23.268447,120.823556,,,,4.0,233.0,33.0,537.5,777.5,819.0,59.5,83.0,261.0,C1V200,梅山,,,,2025-07-31T12:30:00+08:00,,,,,,
,24.182576,121.203514,,,,0.0,45.0,2.0,86.0,117.0,181.0,16.0,32.0,48.0,01H210,翠巒,,,,2025-07-31T12:30:00+08:00,,,,,,
,24.280586,121.026642,,,,0.0,74.0,6.5,75.5,110.5,170.5,18.0,63.0,74.0,C1F941,雪嶺,,,,2025-07-31T12:30:00+08:00,,,,,,
,22.997838,120.633563,,,,0.0,152.0,15.0,278.0,453.0,614.0,40.0,41.0,158.0,01V040,六龜(4),,,,2025-07-31T12:30:00+08:00,,,,,,
97.0,24.343922,121.656317,,935.2,15.0,0.0,15.5,0.5,15.5,15.5,16.0,3.5,15.5,15.5,C0Z220,和平林道,,22.7,,2025-07-31T12:30:00+08:00,2025-07-31T12:00:00+08:00,,,,257.0,2.0
65.0,24.950944,121.030583,12.9,-99.0,,0.0,0.0,0.0,0.0,0.0,44.0,0.0,0.0,0.0,72C440,桃園農改,-99.0,32.0,2025-07-31T12:20:00+08:00,2025-07-31T12:30:00+08:00,,-99,-99,陰,230.0,6.0
91.0,22.709333,120.525889,1.7,-99.0,,0.0,15.5,1.0,28.0,63.5,167.0,5.5,8.5,16.5,72Q010,高雄農改,-99.0,28.8,2025-07-31T12:20:00+08:00,2025-07-31T12:30:00+08:00,,-99,-99,陰,220.0,0.6
,24.680365,121.246763,,,,0.0,0.0,0.0,0.0,0.0,17.5,0.0,0.0,0.0,81D640,錦屏國小,,,,2025-07-31T12:30:00+08:00,,,,,,
85.0,22.507667,120.587817,,994.6,41.0,0.0,41.0,0.0,51.0,150.5,261.0,8.0,31.0,41.0,C0R950,萬隆國小,,29.7,,2025-07-31T12:30:00+08:00,2025-07-31T12:00:00+08:00,,,,224.0,3.6
95.0,24.254322,120.720692,,973.1,212.5,0.0,212.0,0.0,225.5,260.0,267.0,52.0,103.0,212.5,C0F9M0,豐原,,26.8,,2025-07-31T12:30:00+08:00,2025-07-31T12:00:00+08:00,,,,180.0,1.0
,24.609167,121.686944,,,,0.0,0.0,0.0,0.0,0.0,0.5,0.0,0.0,0.0,88U940,寒溪,,,,2025-07-31T12:30:00+08:00,,,,,,
80.0,23.226933,120.256242,,999.8,-99.0,1.5,3.5,2.0,3.5,14.0,29.0,2.0,2.0,3.5,C0X060,下營,,30.6,,2025-07-31T12:30:00+08:00,2025-07-31T12:00:00+08:00,,,,233.0,3.9
,24.425484,120.727759,,,,0.0,33.0,0.0,41.0,58.0,61.0,0.0,19.0,36.0,01E330,大坪頂,,,,2025-07-31T12:30:00+08:00,,,,,,
,23.635204,121.530893,,,,0.0,2.5,0.0,3.0,5.5,5.5,0.0,0.0,3.0,81T870,東興部落,,,,2025-07-31T12:30:00+08:00,,,,,,
100.0,23.562643,120.665688,9.1,-99.0,,1.0,63.0,2.0,260.5,539.0,564.5,31.5,32.0,69.0,C2M960,外寮,-99.0,21.0,2025-07-31T12:20:00+08:00,2025-07-31T12:30:00+08:00,,-99,-99,陰,200.0,3.1
,24.236166,121.708898,,,,0.0,6.5,0.0,6.5,6.5,6.5,2.0,6.0,6.5,81T1B0,和仁車站,,,,2025-07-31T12:30:00+08:00,,,,,,
71.0,25.006725,121.047492,15.6,995.9,,0.0,0.0,0.0,0.0,0.0,31.5,0.0,0.0,0.0,467050,新屋,5.9,31.4,2025-07-31T12:20:00+08:00,2025-07-31T12:30:00+08:00,,8,>30,陰,240.0,8.8
92.0,23.492842,121.306883,,879.6,6.5,0.0,5.0,0.5,11.5,24.5,51.5,0.5,1.0,6.5,C0Z250,瑞穗林道,,24.4,,2025-07-31T12:30:00+08:00,2025-07-31T12:00:00+08:00,,,,0.0,0.0
,24.489017,120.968036,,,,0.0,4.5,0.0,4.5,10.5,22.5,0.0,4.5,4.5,C1E721,泰安,,,,2025-07-31T12:30:00+08:00,,,,,,
68.0,24.751724,120.905028,11.3,-99.0,,0.0,0.0,0.0,0.0,0.0,19.5,0.0,0.0,0.0,CAD110,西濱S082K,-99.0,30.4,2025-07-31T12:20:00+08:00,2025-07-31T12:30:00+08:00,,-99,>30,陰,210.0,5.5
68.0,25.018244,121.273697,11.1,-99.0,,0.0,0.0,0.0,0.0,0.0,69.5,0.0,0.0,0.0,CAC020,國二E009K,-99.0,32.7,2025-07-31T12:20:00+08:00,2025-07-31T12:30:00+08:00,,-99,>30,陰,230.0,5.9
,23.926186,120.63801,,,,0.0,118.0,15.0,160.0,317.0,317.0,18.0,24.0,118.0,01H590,六分寮,,,,2025-07-31T12:30:00+08:00,,,,,,
95.0,21.945666,120.745705,,999.4,19.5,0.0,19.5,0.0,21.0,32.5,221.0,7.5,18.0,19.5,C0R880,後壁湖,,27.2,,2025-07-31T12:30:00+08:00,2025-07-31T12:00:00+08:00,,,,226.0,5.1
95.0,22.264347,120.823972,,944.4,138.5,1.5,135.0,1.5,201.0,340.5,435.5,7.0,78.0,140.0,C0SA90,達仁林場,,24.9,,2025-07-31T12:30:00+08:00,2025-07-31T12:00:00+08:00,,,,268.0,1.6
,24.011505,120.822421,,,,0.5,278.5,7.5,402.5,513.5,526.5,30.0,121.0,287.0,81H950,福龜國小,,,,2025-07-31T12:30:00+08:00,,,,,,
61.0,24.973208,121.445169,,992.4,-99.0,0.0,0.0,0.0,0.0,0.0,52.5,0.0,0.0,0.0,C0AD40,土城,,33.5,,2025-07-31T12:30:00+08:00,2025-07-31T12:00:00+08:00,,,,295.0,1.2
,24.981493,121.580302,,,,0.0,0.0,0.0,0.0,0.0,28.5,0.0,0.0,0.0,A1AC40,指南里,,,,2025-07-31T12:30:00+08:00,,,,,,
99.0,23.464644,120.554144,,975.9,36.5,0.0,33.5,5.0,68.5,223.5,280.0,20.0,24.5,36.5,C0M720,番路,,24.6,,2025-07-31T12:30:00+08:00,2025-07-31T12:00:00+08:00,,,,136.0,1.8
65.0,24.827853,121.014219,8.4,995.2,,0.0,0.0,0.0,0.0,0.0,30.0,0.0,0.0,-990.0,467571,新竹,3.1,31.8,2025-07-31T12:20:00+08:00,2025-07-31T12:30:00+08:00,,7,>30,陰,240.0,1.8
92.0,23.922303,120.320025,6.8,-99.0,,0.0,0.5,0.5,0.5,14.0,20.5,0.5,0.5,0.5,C2G870,芳苑,-99.0,28.1,2025-07-31T12:20:00+08:00,2025-07-31T12:30:00+08:00,,-99,-99,陰有雨,160.0,2.7
95.0,23.241856,120.641658,,924.3,141.0,0.5,134.5,8.5,311.0,547.0,636.5,52.0,59.0,141.5,C0M850,表湖,,22.3,,2025-07-31T12:30:00+08:00,2025-07-31T12:00:00+08:00,,,,0.0,0.1
69.0,24.681836,121.749344,,996.4,-99.0,0.0,0.0,0.0,0.0,0.0,1.5,0.0,0.0,0.0,C0U940,羅東,,32.7,,2025-07-31T12:30:00+08:00,2025-07-31T12:00:00+08:00,,,,136.0,0.6
,23.962025,120.845272,,,,4.5,239.5,10.5,358.5,478.5,507.0,37.5,72.5,242.5,C1I230,九份二山,,,,2025-07-31T12:30:00+08:00,,,,,,
91.0,24.451272,120.930192,,909.2,19.0,0.0,19.0,0.0,19.5,32.0,39.5,0.0,14.0,19.0,C0E610,馬都安,,22.3,,2025-07-31T12:30:00+08:00,2025-07-31T12:00:00+08:00,,,,0.0,0.0
100.0,21.975177,120.843919,,999.4,32.5,0.0,32.5,0.0,36.0,48.5,205.0,11.5,31.5,32.5,C0R870,興海,,26.8,,2025-07-31T12:30:00+08:00,2025-07-31T12:00:00+08:00,,,,246.0,3.8
,23.057019,120.646064,,,,0.0,106.5,2.0,215.5,429.0,563.5,25.0,26.5,124.5,C1V590,新發,,,,2025-07-31T12:30:00+08:00,,,,,,
,22.67206,121.037516,,,,0.0,8.0,0.5,31.0,52.0,60.0,0.5,3.5,8.5,81S560,三和國小,,,,2025-07-31T12:30:00+08:00,,,,,,
,22.809417,121.050528,,,,0.0,54.5,0.5,124.0,198.0,208.0,0.5,11.0,59.0,C1S860,利嘉,,,,2025-07-31T12:30:00+08:00,,,,,,
64.0,25.064767,121.114858,,996.9,0.0,0.0,0.0,0.0,0.0,0.0,22.5,0.0,0.0,0.0,C0C740,觀音工業區,,32.6,,2025-07-31T12:30:00+08:00,2025-07-31T12:00:00+08:00,,,,243.0,4.8
76.0,24.831989,120.914439,,996.4,0.0,0.0,0.0,0.0,0.0,0.0,28.5,0.0,0.0,0.0,C0D670,海天一線,,30.0,,2025-07-31T12:30:00+08:00,2025-07-31T12:00:00+08:00,,,,212.0,8.4
97.0,23.901669,120.509389,,994.8,20.5,0.0,20.5,0.0,21.5,84.5,84.5,7.0,13.5,20.5,C0G820,田尾,,26.6,,2025-07-31T12:30:00+08:00,2025-07-31T12:00:00+08:00,,,,146.0,2.6
71.0,24.74435,121.722472,,995.6,0.0,0.0,0.0,0.0,0.0,0.0,2.0,0.0,0.0,0.0,C0U990,員山,,32.5,,2025-07-31T12:30:00+08:00,2025-07-31T12:00:00+08:00,,,,171.0,0.6
86.0,23.097486,121.373428,4.0,993.9,,0.0,6.5,0.0,18.5,30.0,30.5,0.5,3.0,6.5,467610,成功,0.1,27.4,2025-07-31T12:20:00+08:00,2025-07-31T12:30:00+08:00,,5,>30,陰,100.0,1.7
89.0,22.813889,121.071278,3.0,-99.0,,0.0,55.0,0.0,109.0,164.0,172.0,0.0,9.0,57.5,72S590,賓朗果園,-99.0,26.9,2025-07-31T12:20:00+08:00,2025-07-31T12:30:00+08:00,,-99,-99,陰,240.0,0.5
99.0,23.875611,120.913583,2.3,-99.0,,1.0,171.5,3.0,261.5,497.5,526.0,5.5,7.0,176.5,82H320,魚池茶改,-99.0,20.5,2025-07-31T12:20:00+08:00,2025-07-31T12:30:00+08:00,,-99,-99,陰有雨,250.0,1.0
76.0,22.608483,120.570714,,995.9,7.0,0.0,7.0,0.0,18.0,134.0,211.5,2.0,3.5,7.0,C0R960,內埔,,30.6,,2025-07-31T12:30:00+08:00,2025-07-31T12:00:00+08:00,,,,265.0,3.0
,23.934019,120.811994,,,,7.0,202.5,17.0,305.5,496.5,522.0,30.5,34.0,216.5,C1I211,蘆竹湳,,,,2025-07-31T12:30:00+08:00,,,,,,
,24.528034,120.913109,,,,0.0,13.0,0.0,13.0,15.0,29.0,0.0,11.0,13.0,01E370,和興,,,,2025-07-31T12:30:00+08:00,,,,,,
,25.091251,121.838927,,,,0.0,0.0,0.0,0.0,0.0,9.5,0.0,0.0,0.0,81AI30,大粗坑,,,,2025-07-31T12:30:00+08:00,,,,,,
87.0,23.649797,120.315011,,997.9,2.5,0.0,2.5,0.0,4.0,40.0,70.0,1.0,1.0,2.5,C0K500,元長,,28.9,,2025-07-31T12:30:00+08:00,2025-07-31T12:00:00+08:00,,,,194.0,2.7
86.0,23.587642,121.378225,,965.8,7.0,0.0,5.0,0.0,10.0,20.5,21.0,0.0,0.0,7.0,C0Z080,富源,,28.4,,2025-07-31T12:30:00+08:00,2025-07-31T12:00:00+08:00,,,,0.0,0.2
,24.940081,121.087161,,,,0.0,0.0,0.0,0.0,0.0,58.5,0.0,0.0,0.0,C1C510,水尾,,,,2025-07-31T12:30:00+08:00,,,,,,
82.0,23.565503,119.563094,8.2,998.0,,0.0,0.0,0.0,0.0,9.0,58.5,0.0,0.0,0.0,467350,澎湖,2.8,30.8,2025-07-31T12:20:00+08:00,2025-07-31T12:30:00+08:00,,10,21-30,陰,220.0,2.7
,23.630394,120.615417,,,,0.0,47.0,1.0,133.0,220.0,220.0,24.0,24.0,48.0,01J960,大埔,,,,2025-07-31T12:30:00+08:00,,,,,,
,24.497089,121.842481,,,,0.0,1.0,0.0,1.0,1.0,1.0,0.5,1.0,1.0,C1U930,粉鳥林,,,,2025-07-31T12:30:00+08:00,,,,,,
93.0,24.2499,121.1455,,856.6,-99.0,,,,,,,,,,C0FB40,中橫21.6k,,19.6,,,2025-07-31T12:00:00+08:00,,,,0.0,0.1
,23.295556,121.266944,,,,0.0,5.0,0.0,13.0,23.0,23.0,0.0,1.0,6.0,01T220,卓麓(4),,,,2025-07-31T12:30:00+08:00,,,,,,
98.0,24.022122,121.132206,,878.1,51.0,0.0,51.0,0.5,76.0,103.0,154.0,5.5,27.5,51.5,C0I390,仁愛,,19.7,,2025-07-31T12:30:00+08:00,2025-07-31T12:00:00+08:00,,,,78.0,1.1
,24.437089,121.379327,,,,0.0,11.0,0.0,11.0,11.0,16.0,1.0,10.0,11.0,01U080,南山,,,,2025-07-31T12:30:00+08:00,,,,,,
,23.403797,121.459474,,,,0.0,8.0,0.0,11.0,14.0,14.0,0.0,0.0,10.0,01S270,樟原(1),,,,2025-07-31T12:30:00+08:00,,,,,,
,23.430078,121.312632,,,,0.0,7.0,0.0,12.0,22.0,23.0,0.0,1.0,8.0,01T230,立山,,,,2025-07-31T12:30:00+08:00,,,,,,
95.0,23.25727,119.66762,9.3,995.0,,0.0,0.5,0.0,0.5,0.5,73.5,0.0,0.5,0.5,467300,東吉島,0.7,27.4,2025-07-31T12:20:00+08:00,2025-07-31T12:30:00+08:00,,4,11-15,陰,220.0,5.9
83.0,23.158558,121.400431,,995.7,8.0,0.0,8.0,0.0,19.0,25.5,26.0,0.5,2.5,8.0,C0SB70,小港漁港,,27.9,,2025-07-31T12:30:00+08:00,2025-07-31T12:00:00+08:00,,,,41.0,1.8
-99.0,24.368614,121.373189,,-99.0,-99.0,,,,,,,,,,C0UA20,多加屯,,-99.0,,,2025-07-31T12:00:00+08:00,,,,-99.0,-99.0
,24.30505,120.813208,,,,0.0,151.0,2.0,176.0,225.0,258.0,53.0,104.0,152.0,01E230,卓蘭(2),,,,2025-07-31T12:30:00+08:00,,,,,,
49.0,25.066881,121.658778,,991.6,-99.0,0.0,0.0,0.0,0.0,0.0,34.0,0.0,0.0,0.0,C0AH00,汐止,,34.9,,2025-07-31T12:30:00+08:00,2025-07-31T12:00:00+08:00,,,,282.0,0.5
90.0,23.851597,120.499083,,994.8,13.0,0.0,13.0,0.5,15.0,89.5,90.0,2.0,4.0,13.0,C0G720,溪州,,25.7,,2025-07-31T12:30:00+08:00,2025-07-31T12:00:00+08:00,,,,133.0,2.9
,24.085275,120.484036,,,,0.0,50.0,0.0,52.0,100.0,106.0,1.0,20.0,50.0,01G090,頭汴,,,,2025-07-31T12:30:00+08:00,,,,,,
,24.080775,120.962997,,,,0.0,137.5,7.0,208.0,253.0,416.0,16.5,77.0,142.5,C1H900,清流,,,,2025-07-31T12:30:00+08:00,,,,,,
,23.972525,120.678996,,,,0.0,143.0,17.0,248.0,339.0,339.0,23.0,39.0,143.0,01H630,草屯(4),,,,2025-07-31T12:30:00+08:00,,,,,,
85.0,26.220358,119.974881,,991.7,0.0,0.0,0.0,0.0,0.0,0.0,0.5,0.0,0.0,0.0,C0W220,北竿,,30.2,,2025-07-31T12:30:00+08:00,2025-07-31T12:00:00+08:00,,,,181.0,8.0
92.0,22.485911,120.502736,,999.1,30.5,0.0,30.5,0.0,35.5,93.0,176.5,9.0,24.0,30.5,C0R580,南州,,29.5,,2025-07-31T12:30:00+08:00,2025-07-31T12:00:00+08:00,,,,252.0,2.2
99.0,23.0605,120.342194,5.2,-99.0,,1.0,10.5,5.5,19.5,40.5,67.5,5.5,5.5,10.0,72N100,臺南農改,-99.0,27.5,2025-07-31T12:20:00+08:00,2025-07-31T12:30:00+08:00,,-99,-99,陰有雨,230.0,2.7
100.0,22.076989,120.802439,,939.5,57.5,0.0,57.5,0.0,72.5,96.5,291.0,29.5,54.0,57.5,C0R750,四林格山,,24.0,,2025-07-31T12:30:00+08:00,2025-07-31T12:00:00+08:00,,,,278.0,4.1
78.0,24.4472,120.6428,13.9,-99.0,,0.0,35.5,0.0,38.5,47.5,48.0,0.0,12.0,36.0,CAE110,西濱S129K,-99.0,28.0,2025-07-31T12:20:00+08:00,2025-07-31T12:30:00+08:00,,-99,21-30,陰,140.0,8.2
99.0,23.719183,120.442036,,995.9,11.0,0.0,11.0,0.0,12.0,58.0,65.0,2.5,4.0,11.0,C0K330,虎尾,,27.0,,2025-07-31T12:30:00+08:00,2025-07-31T12:00:00+08:00,,,,178.0,1.4
,23.587551,120.40001,,,,0.0,19.0,0.0,26.0,46.0,132.0,15.0,15.0,19.0,01M010,溪口(3),,,,2025-07-31T12:30:00+08:00,,,,,,
80.0,22.757806,120.30575,,997.7,5.0,0.0,5.0,0.0,5.0,6.0,82.5,0.0,1.5,5.0,C0V760,橋頭,,30.6,,2025-07-31T12:30:00+08:00,2025-07-31T12:00:00+08:00,,,,237.0,4.0
,24.858889,121.36,,,,0.0,0.0,0.0,0.0,0.0,32.5,0.0,0.0,0.0,81AI00,五寮國小,,,,2025-07-31T12:30:00+08:00,,,,,,
,25.175833,121.689444,,,,0.0,0.0,0.0,0.0,0.0,16.5,0.0,0.0,0.0,81AH50,萬里國小,,,,2025-07-31T12:30:00+08:00,,,,,,
82.0,25.182586,121.529731,7.3,-99.0,,0.0,0.0,0.0,0.0,0.0,61.0,0.0,0.0,0.0,466910,鞍部,1.5,26.6,2025-07-31T12:20:00+08:00,2025-07-31T12:30:00+08:00,,8,>30,陰,90.0,1.2
89.0,22.667203,121.475328,,985.0,1.0,0.0,0.0,0.0,17.5,31.0,31.0,0.0,0.0,1.0,C0S730,綠島,,27.6,,2025-07-31T12:30:00+08:00,2025-07-31T12:00:00+08:00,,,,232.0,7.1
95.0,23.504106,120.490742,4.5,-99.0,,0.0,12.0,0.0,24.0,96.5,175.0,6.5,7.5,12.0,CAM900,國三S290K,-99.0,27.3,2025-07-31T12:20:00+08:00,2025-07-31T12:30:00+08:00,,-99,7-10,陰,110.0,1.5
99.0,23.428611,120.452416,5.4,-99.0,,0.0,31.0,0.5,44.5,95.0,275.0,3.0,31.0,33.0,CAL080,國三N303K,-99.0,26.5,2025-07-31T12:20:00+08:00,2025-07-31T12:30:00+08:00,,-99,7-10,陰有雷,110.0,1.8
,24.789844,120.952712,,,,0.0,0.0,0.0,0.0,0.0,23.0,0.0,0.0,0.0,O1D590,成德中學,,,,2025-07-31T12:30:00+08:00,,,,,,
,24.191961,121.224339,,,,0.5,39.5,2.5,63.5,87.0,130.5,13.5,26.5,43.0,C1I430,翠華,,,,2025-07-31T12:30:00+08:00,,,,,,
94.0,23.222064,120.40085,,984.5,9.5,3.0,13.0,4.0,16.5,76.5,182.0,4.0,12.0,13.5,C0O840,王爺宮,,27.9,,2025-07-31T12:30:00+08:00,2025-07-31T12:00:00+08:00,,,,197.0,0.9
89.0,22.598,120.99775,5.1,-99.0,,0.0,5.0,0.0,33.0,51.5,59.0,0.0,1.0,5.5,E2S960,太麻里(2),-99.0,27.7,2025-07-31T12:20:00+08:00,2025-07-31T12:30:00+08:00,,-99,-99,陰,50.0,1.5
,23.952956,121.178556,,,,0.0,38.5,0.5,63.0,84.5,104.5,2.5,16.5,39.5,C1I320,奧萬大,,,,2025-07-31T12:30:00+08:00,,,,,,
,22.560122,120.488328,,,,0.0,3.0,0.0,4.0,122.0,197.0,0.0,3.0,3.0,O1R620,新庄國小,,,,2025-07-31T12:30:00+08:00,,,,,,
,24.463414,120.680019,,,,0.0,30.0,0.0,33.0,41.0,41.5,0.0,18.0,30.5,C1E890,國三N149K,,,,2025-07-31T12:30:00+08:00,,,,,,
96.0,24.215281,120.62445,,981.4,180.0,0.0,179.0,0.0,187.5,211.0,227.0,14.5,64.0,180.0,C0F9X0,大雅,,24.9,,2025-07-31T12:30:00+08:00,2025-07-31T12:00:00+08:00,,,,178.0,3.4
78.0,23.975128,121.613275,3.3,996.4,,0.0,7.5,0.0,7.5,8.0,14.5,0.0,2.0,7.5,466990,花蓮,0.0,28.9,2025-07-31T12:20:00+08:00,2025-07-31T12:30:00+08:00,,5,>30,陰,210.0,0.7
97.0,22.130036,120.792639,,974.3,50.0,0.0,50.0,0.0,80.0,104.0,233.0,6.5,45.5,50.0,C0R341,牡丹,,25.9,,2025-07-31T12:30:00+08:00,2025-07-31T12:00:00+08:00,,,,214.0,7.3
87.0,23.574056,120.291786,,997.1,1.5,0.0,1.5,0.0,3.0,7.5,43.0,1.5,1.5,1.5,C0K410,北港,,28.8,,2025-07-31T12:30:00+08:00,2025-07-31T12:00:00+08:00,,,,208.0,4.0
89.0,23.173039,120.145086,,999.9,0.5,0.0,6.0,6.0,6.5,7.5,8.0,6.0,6.0,6.5,C0X080,佳里,,29.3,,2025-07-31T12:30:00+08:00,2025-07-31T12:00:00+08:00,,,,225.0,3.1
,25.002193,121.575304,,,,0.0,0.0,0.0,0.0,0.0,42.0,0.0,0.0,0.0,A1AA90,博嘉國小,,,,2025-07-31T12:30:00+08:00,,,,,,
,22.598647,120.960944,,,,0.0,8.0,0.0,53.5,82.5,94.0,0.0,3.0,11.0,81S920,金峰鄉公所,,,,2025-07-31T12:30:00+08:00,,,,,,
,24.7798,121.497357,,,,0.0,0.0,0.0,0.0,0.0,5.0,0.0,0.0,0.0,01A430,福山(3),,,,2025-07-31T12:30:00+08:00,,,,,,
64.0,24.618069,120.948578,,986.9,1.0,0.0,1.0,0.0,1.0,1.0,9.0,0.0,1.0,1.0,C0E850,大河,,27.9,,2025-07-31T12:30:00+08:00,2025-07-31T12:00:00+08:00,,,,189.0,2.9
100.0,22.081197,121.503117,,976.3,11.5,0.5,13.0,3.5,13.0,14.0,58.5,13.0,13.0,13.0,C0S910,蘭嶼燈塔,,25.2,,2025-07-31T12:30:00+08:00,2025-07-31T12:00:00+08:00,,,,276.0,7.7
66.0,25.08694,121.6869,3.0,-99.0,,0.0,0.0,0.0,0.0,0.0,32.0,0.0,0.0,0.0,CAB020,國一S006K,-99.0,35.0,2025-07-31T12:20:00+08:00,2025-07-31T12:30:00+08:00,,-99,-99,陰,130.0,1.2
,24.42364,120.869835,,,,0.0,24.0,0.0,28.0,36.0,37.0,1.0,18.0,24.0,01E270,大湖(1),,,,2025-07-31T12:30:00+08:00,,,,,,
,25.136892,121.588912,,,,0.0,0.0,0.0,0.0,0.0,49.5,0.0,0.0,0.0,A1AC90,溪山里,,,,2025-07-31T12:30:00+08:00,,,,,,
-99.0,22.913661,121.257469,,-99.0,-99.0,,,,,,,,,,C0SB40,興隆,,-99.0,,,2025-07-31T12:00:00+08:00,,,,-99.0,-99.0
88.0,25.627975,122.079744,7.3,987.1,,0.0,0.0,0.0,0.0,0.0,41.0,0.0,0.0,0.0,466950,彭佳嶼,4.3,29.8,2025-07-31T12:20:00+08:00,2025-07-31T12:30:00+08:00,,11,>30,多雲,150.0,4.4
79.0,22.869214,121.223228,,992.0,11.0,0.0,11.0,0.0,20.5,47.0,49.0,0.0,1.0,11.0,C0SB30,新蘭,,27.6,,2025-07-31T12:30:00+08:00,2025-07-31T12:00:00+08:00,,,,48.0,2.8
,22.590969,120.933236,,,,0.0,13.5,0.0,76.0,128.0,149.5,0.0,5.5,14.0,C1S820,金峰,,,,2025-07-31T12:30:00+08:00,,,,,,
,25.129193,121.576412,,,,0.0,0.0,0.0,0.0,0.0,67.0,0.0,0.0,0.0,A1AA20,平等國小,,,,2025-07-31T12:30:00+08:00,,,,,,
100.0,22.833111,120.683889,,893.8,173.5,3.5,155.0,6.5,324.0,661.0,884.0,23.5,44.0,179.5,C0R100,尾寮山,,21.7,,2025-07-31T12:30:00+08:00,2025-07-31T12:00:00+08:00,,,,274.0,0.7
,23.478744,120.878939,,,,1.5,110.0,5.5,263.5,405.5,457.5,9.5,22.0,112.0,C1I440,新高口,,,,2025-07-31T12:30:00+08:00,,,,,,
,23.563333,120.868728,,,,4.0,121.0,6.5,221.0,305.0,337.5,11.0,12.0,124.0,C1I340,新興橋,,,,2025-07-31T12:30:00+08:00,,,,,,
99.0,23.918333,120.885278,1.5,-99.0,,2.0,152.0,3.0,224.5,409.5,449.5,10.5,10.5,159.0,E2H360,蓮華池,-99.0,22.5,2025-07-31T12:20:00+08:00,2025-07-31T12:30:00+08:00,,-99,-99,陰有雨,140.0,0.4
92.0,23.610292,120.436867,6.3,-99.0,,0.0,22.5,0.5,28.0,51.5,116.5,16.5,17.5,22.5,CAL010,國一N250K,-99.0,28.2,2025-07-31T12:20:00+08:00,2025-07-31T12:30:00+08:00,,-99,-99,陰,180.0,2.9
,23.739861,120.870126,,,,1.5,140.5,13.5,274.0,416.5,453.5,13.5,13.5,142.5,81I550,郡坑,,,,2025-07-31T12:30:00+08:00,,,,,,
68.0,24.93917,121.3239,6.9,-99.0,,0.0,0.0,0.0,0.0,0.0,59.0,0.0,0.0,0.0,CAA080,國三S054K,-99.0,33.1,2025-07-31T12:20:00+08:00,2025-07-31T12:30:00+08:00,,-99,>30,陰,250.0,2.2
,22.990682,120.509017,,,,0.0,54.0,7.0,83.0,124.0,308.0,34.0,40.0,55.0,O1V810,溝坪,,,,2025-07-31T12:30:00+08:00,,,,,,
,22.525964,120.676125,,,,0.0,68.5,2.0,121.5,371.0,470.0,11.0,40.5,69.0,88R460,來義,,,,2025-07-31T12:30:00+08:00,,,,,,
,23.644646,120.657625,,,,0.0,50.0,3.0,169.0,270.0,270.0,17.0,18.0,51.0,01H110,桶頭(2),,,,2025-07-31T12:30:00+08:00,,,,,,
,23.858572,120.994889,,,,3.5,114.0,5.0,186.0,298.0,346.0,6.0,8.5,119.0,C1I500,大尖山,,,,2025-07-31T12:30:00+08:00,,,,,,
,23.374926,120.562406,,,,1.0,36.0,3.5,66.0,185.0,239.0,21.0,21.5,36.0,81M820,澐水溫泉,,,,2025-07-31T12:30:00+08:00,,,,,,
86.0,26.358836,120.483631,8.7,-99.0,,0.0,0.0,0.0,0.0,0.0,0.0,0.0,0.0,0.0,CAW010,東引,-99.0,29.9,2025-07-31T12:20:00+08:00,2025-07-31T12:30:00+08:00,,-99,7-10,晴有靄,180.0,5.4
-99.0,23.877586,120.514222,-99.0,-99.0,,,,,,,,,,-99.0,C2G840,北斗,-99.0,-99.0,2025-07-31T12:20:00+08:00,,,-99,-99,陰,-99.0,-99.0
-99.0,24.206469,120.902794,-99.0,-99.0,,,,,,,,,,-99.0,C2FB50,出雲,-99.0,-99.0,2025-07-31T12:20:00+08:00,,,-99,-99,陰,-99.0,-99.0
-99.0,23.600606,120.458397,,-99.0,-99.0,,,,,,,,,,C0M670,大林,,-99.0,,,2025-07-31T12:00:00+08:00,,,,-99.0,-99.0
76.0,24.791042,121.675047,,947.5,0.0,0.0,0.0,0.0,0.0,0.0,6.5,0.0,0.0,0.0,C0U870,大礁溪,,29.8,,2025-07-31T12:30:00+08:00,2025-07-31T12:00:00+08:00,,,,0.0,0.1
,24.115092,120.811125,,,,0.0,235.0,4.0,347.0,455.0,487.0,23.0,83.0,252.0,01F680,頭汴坑,,,,2025-07-31T12:30:00+08:00,,,,,,
,23.525556,121.376111,,,,0.5,6.5,0.5,10.0,18.5,18.5,0.5,0.5,7.5,81T890,瑞北國小,,,,2025-07-31T12:30:00+08:00,,,,,,
64.0,25.184592,121.408617,,994.7,0.0,0.0,0.0,0.0,0.0,0.0,60.0,0.0,0.0,0.0,C0AJ30,淡水觀海,,32.5,,2025-07-31T12:30:00+08:00,2025-07-31T12:00:00+08:00,,,,216.0,3.9
-99.0,22.693128,120.542622,,-99.0,21.0,0.5,22.0,1.5,37.0,82.5,163.5,3.5,12.0,22.5,C0R480,長治,,-99.0,,2025-07-31T12:30:00+08:00,2025-07-31T12:00:00+08:00,,,,-99.0,-99.0
,23.006248,121.173241,,,,0.0,14.0,0.0,29.0,57.0,62.0,0.0,5.0,15.0,01S860,電光,,,,2025-07-31T12:30:00+08:00,,,,,,
,22.849954,121.092326,,,,0.0,31.5,0.0,66.0,109.0,116.5,0.0,11.5,33.5,81S890,初鹿國中,,,,2025-07-31T12:30:00+08:00,,,,,,
,23.134911,120.716711,,,,1.5,242.5,10.5,638.0,1008.5,1098.5,54.0,76.5,260.5,C1V231,高中,,,,2025-07-31T12:30:00+08:00,,,,,,
82.0,24.560647,121.752608,,879.6,0.0,0.0,0.0,0.0,0.0,3.0,3.0,0.0,0.0,0.0,C0UA40,西德山,,26.5,,2025-07-31T12:30:00+08:00,2025-07-31T12:00:00+08:00,,,,360.0,1.8
,24.531772,121.451236,,,,0.0,2.0,0.0,2.0,2.0,2.0,0.0,2.0,2.0,01U070,留茂安,,,,2025-07-31T12:30:00+08:00,,,,,,
,24.902389,121.649896,,,,0.0,0.5,0.0,0.5,0.5,28.5,0.5,0.5,0.5,L1A810,九芎根,,,,2025-07-31T12:30:00+08:00,,,,,,
79.0,24.040486,121.604878,,995.2,11.0,0.0,11.0,0.0,11.0,11.5,15.5,0.0,3.5,11.0,C0Z180,新城,,28.9,,2025-07-31T12:30:00+08:00,2025-07-31T12:00:00+08:00,,,,0.0,0.2
94.0,23.120802,120.079676,9.0,-99.0,,0.0,2.5,2.5,2.5,8.5,13.5,2.5,2.5,2.5,CAN130,水試所海水繁養殖中心,-99.0,28.6,2025-07-31T12:20:00+08:00,2025-07-31T12:30:00+08:00,,-99,-99,陰,230.0,6.6
,24.892584,121.745694,,,,0.0,0.0,0.0,0.0,0.0,34.5,0.0,0.0,0.0,L1A800,碧湖,,,,2025-07-31T12:30:00+08:00,,,,,,
,24.989295,121.543203,,,,0.0,0.0,0.0,0.0,0.0,43.0,0.0,0.0,0.0,A1AG70,仙跡岩,,,,2025-07-31T12:30:00+08:00,,,,,,
,23.381471,120.530602,,,,0.0,35.0,0.5,47.5,142.0,186.0,19.0,19.5,35.0,81M690,沄水國小,,,,2025-07-31T12:30:00+08:00,,,,,,
90.0,22.419456,120.552375,,999.0,11.5,0.0,11.5,0.0,26.5,90.0,170.5,0.5,11.5,11.5,C0R540,佳冬,,29.3,,2025-07-31T12:30:00+08:00,2025-07-31T12:00:00+08:00,,,,226.0,2.6
-99.0,25.164889,121.448906,-99.0,-99.0,,,,,,,,,,-99.0,466900,淡水,-99.0,-99.0,2025-07-31T12:20:00+08:00,,,-99,>30,陰,-99.0,-99.0
80.0,24.526972,121.11605,,804.1,5.0,0.0,5.0,0.0,5.0,6.5,12.5,0.0,5.0,5.0,C0D550,雪霸,,18.7,,2025-07-31T12:30:00+08:00,2025-07-31T12:00:00+08:00,,,,325.0,0.7
75.0,24.947603,121.705508,3.6,-99.0,,0.0,0.0,0.0,0.0,0.0,24.0,0.0,0.0,0.0,CAAD90,國五N013K,-99.0,32.0,2025-07-31T12:20:00+08:00,2025-07-31T12:30:00+08:00,,-99,7-10,陰,160.0,1.8
85.0,23.380864,120.167778,,999.0,-99.0,0.0,1.0,0.5,1.0,3.5,8.5,1.0,1.0,1.0,C0M750,布袋,,29.2,,2025-07-31T12:30:00+08:00,2025-07-31T12:00:00+08:00,,,,245.0,2.6
90.0,25.191408,121.783914,,986.9,-99.0,0.0,0.0,0.0,0.0,0.0,8.0,0.0,0.0,0.0,C0B020,基隆嶼,,29.5,,2025-07-31T12:30:00+08:00,2025-07-31T12:00:00+08:00,,,,86.0,5.1
98.0,24.179597,121.495639,,943.8,23.5,0.0,23.5,0.5,23.5,25.5,27.0,4.0,15.5,23.5,C0T820,天祥,,22.6,,2025-07-31T12:30:00+08:00,2025-07-31T12:00:00+08:00,,,,0.0,0.0
73.0,24.797653,121.173239,,980.5,0.0,0.0,0.0,0.0,0.0,0.0,25.5,0.0,0.0,0.0,C0D700,關西,,29.6,,2025-07-31T12:30:00+08:00,2025-07-31T12:00:00+08:00,,,,296.0,2.1
68.0,25.123697,121.862239,,995.7,0.0,0.0,0.0,0.0,0.0,0.0,10.0,0.0,0.0,0.0,C0AJ50,水湳洞,,32.3,,2025-07-31T12:30:00+08:00,2025-07-31T12:00:00+08:00,,,,108.0,2.6
94.0,23.296581,120.385592,,996.7,21.5,0.0,22.0,5.5,24.5,37.5,114.5,8.5,20.0,22.5,C0X050,東河,,26.2,,2025-07-31T12:30:00+08:00,2025-07-31T12:00:00+08:00,,,,108.0,1.6
,22.434551,120.638399,,,,0.0,39.0,0.0,71.0,197.0,277.0,8.0,38.0,40.0,01Q360,南和,,,,2025-07-31T12:30:00+08:00,,,,,,
67.0,24.966128,121.008583,,997.7,0.0,0.0,0.0,0.0,0.0,0.0,32.5,0.0,0.0,0.0,C0C730,中大臨海站,,32.2,,2025-07-31T12:30:00+08:00,2025-07-31T12:00:00+08:00,,,,237.0,3.7
,23.574615,120.746747,,,,0.0,131.0,4.0,373.0,639.0,673.0,18.0,20.0,135.0,O1M640,豐山,,,,2025-07-31T12:30:00+08:00,,,,,,
86.0,23.468114,121.374069,,971.1,6.5,0.0,4.5,0.0,8.5,13.5,14.0,0.0,0.5,6.5,C0Z070,舞鶴,,26.3,,2025-07-31T12:30:00+08:00,2025-07-31T12:00:00+08:00,,,,0.0,0.0
,23.443356,121.327375,,,,0.0,6.5,0.0,12.0,23.0,23.5,0.0,0.0,8.0,C1Z040,立山,,,,2025-07-31T12:30:00+08:00,,,,,,
90.0,23.987857,120.369607,9.2,-99.0,,0.0,2.0,0.0,2.5,12.0,12.5,0.0,0.0,2.0,CAG080,西濱S189K,-99.0,27.3,2025-07-31T12:20:00+08:00,2025-07-31T12:30:00+08:00,,-99,16-20,陰,150.0,5.4
78.0,23.930925,121.595153,,995.5,7.0,0.0,7.0,0.0,7.0,8.0,12.0,0.0,1.0,7.0,C0Z150,吉安光華,,28.1,,2025-07-31T12:30:00+08:00,2025-07-31T12:00:00+08:00,,,,187.0,1.4
,22.964938,120.359823,,,,0.0,3.0,1.0,3.0,9.0,54.0,1.0,2.0,3.0,01N860,崎頂,,,,2025-07-31T12:30:00+08:00,,,,,,
97.0,24.422861,120.871833,6.8,-99.0,,0.0,23.0,0.5,23.0,30.0,-99.0,1.0,18.0,22.5,K2E710,大湖分場,-99.0,24.1,2025-07-31T12:20:00+08:00,2025-07-31T12:30:00+08:00,,-99,-99,陰,150.0,0.9
86.0,23.152831,120.230558,8.1,-99.0,,1.5,4.0,4.0,4.0,39.0,55.5,4.0,4.0,2.5,CAN020,國一S306K,-99.0,28.8,2025-07-31T12:20:00+08:00,2025-07-31T12:30:00+08:00,,-99,7-10,陰有靄,230.0,4.5
75.0,24.800636,121.813892,,998.3,0.0,0.0,0.0,0.0,0.0,0.0,7.5,0.0,0.0,0.0,C0U970,大福,,31.4,,2025-07-31T12:30:00+08:00,2025-07-31T12:00:00+08:00,,,,119.0,2.6
,23.684836,121.482088,,,,0.0,8.0,0.0,10.0,16.0,16.0,0.0,0.0,9.0,01T9L0,東富,,,,2025-07-31T12:30:00+08:00,,,,,,
80.0,24.917736,120.968711,,996.4,0.0,0.0,0.0,0.0,0.0,0.0,24.5,0.0,0.0,0.0,C0D690,外湖,,29.8,,2025-07-31T12:30:00+08:00,2025-07-31T12:00:00+08:00,,,,223.0,10.5
84.0,24.494171,121.536209,,800.4,6.5,0.0,6.5,0.0,6.5,6.5,6.5,1.0,6.0,6.5,C0UB90,太平山莊,,19.4,,2025-07-31T12:30:00+08:00,2025-07-31T12:00:00+08:00,,,,171.0,2.8
,24.36042,120.948417,,,,0.0,67.0,14.0,68.0,114.0,180.0,31.0,62.0,67.0,01E060,象鼻(1),,,,2025-07-31T12:30:00+08:00,,,,,,
88.0,22.730432,120.312516,9.1,999.3,,0.0,11.0,0.0,11.0,12.5,86.0,3.0,4.5,11.0,467441,高雄,0.0,30.3,2025-07-31T12:20:00+08:00,2025-07-31T12:30:00+08:00,,6,>30,陰,250.0,3.6
,24.853611,121.4375,,,,0.0,0.0,0.0,0.0,0.0,27.0,0.0,0.0,0.0,81AI20,有木國小,,,,2025-07-31T12:30:00+08:00,,,,,,
,25.134398,121.476914,,,,0.0,0.0,0.0,0.0,0.0,76.0,0.0,0.0,0.0,A1A9U0,桃源國中,,,,2025-07-31T12:30:00+08:00,,,,,,
76.0,25.165914,121.632969,,958.7,-99.0,0.0,0.0,0.0,0.0,0.0,13.0,0.0,0.0,0.0,C0A860,大坪,,30.3,,2025-07-31T12:30:00+08:00,2025-07-31T12:00:00+08:00,,,,23.0,0.7
,22.479722,120.9125,,,,0.0,18.5,0.0,142.5,219.5,254.5,0.0,9.0,19.0,81S540,拉里吧,,,,2025-07-31T12:30:00+08:00,,,,,,
,25.029194,121.558106,,,,0.0,0.0,0.0,0.0,0.0,48.0,0.0,0.0,0.0,A1AA00,三興國小,,,,2025-07-31T12:30:00+08:00,,,,,,
72.0,24.564569,120.824575,,992.5,-99.0,0.0,10.0,0.0,23.0,23.5,29.0,0.0,9.5,10.0,C0E750,苗栗,,28.5,,2025-07-31T12:30:00+08:00,2025-07-31T12:00:00+08:00,,,,207.0,3.4
85.0,24.510856,121.608044,,806.5,4.0,0.0,4.0,0.0,4.0,4.0,5.0,1.0,4.0,4.0,C0U960,翠峰湖,,20.9,,2025-07-31T12:30:00+08:00,2025-07-31T12:00:00+08:00,,,,206.0,0.7
92.0,25.175675,121.522408,,884.0,0.0,0.0,0.0,0.0,0.0,0.5,65.5,0.0,0.0,0.0,C0AC40,大屯山,,27.6,,2025-07-31T12:30:00+08:00,2025-07-31T12:00:00+08:00,,,,283.0,4.8
100.0,22.825958,120.415519,4.9,-99.0,,0.0,30.5,6.5,32.0,52.5,158.5,15.0,15.5,30.5,CAV280,國三S378K,-99.0,27.8,2025-07-31T12:20:00+08:00,2025-07-31T12:30:00+08:00,,-99,7-10,陰,270.0,2.4
,25.052193,121.582507,,,,0.0,0.0,0.0,0.0,0.0,45.5,0.0,0.0,0.0,A1AB40,玉成,,,,2025-07-31T12:30:00+08:00,,,,,,
100.0,21.931672,120.838942,,988.6,31.0,0.0,32.5,2.5,33.0,53.5,171.0,12.0,32.5,32.5,C0R710,龍磐,,25.7,,2025-07-31T12:30:00+08:00,2025-07-31T12:00:00+08:00,,,,246.0,4.0
,23.784838,120.86372,,,,0.0,161.0,9.5,379.0,614.0,644.5,9.5,9.5,176.5,81H970,永興國小,,,,2025-07-31T12:30:00+08:00,,,,,,
,25.029351,121.832514,,,,0.0,0.0,0.0,0.0,0.0,7.0,0.0,0.0,0.0,O1AH20,上林國小,,,,2025-07-31T12:30:00+08:00,,,,,,
91.0,23.400069,119.322761,,996.1,3.0,0.0,3.0,0.0,3.0,10.5,46.5,0.0,0.0,3.0,C0W130,花嶼,,28.3,,2025-07-31T12:30:00+08:00,2025-07-31T12:00:00+08:00,,,,190.0,5.6
86.0,22.797078,120.294958,,998.6,-99.0,0.0,10.0,0.0,10.0,18.5,75.0,1.0,4.5,10.0,C0V660,岡山,,30.7,,2025-07-31T12:30:00+08:00,2025-07-31T12:00:00+08:00,,,,248.0,3.2
100.0,21.900836,120.855269,,997.5,25.5,0.0,32.0,7.5,32.5,38.0,138.0,19.0,32.0,32.0,C0R620,墾雷,,25.9,,2025-07-31T12:30:00+08:00,2025-07-31T12:00:00+08:00,,,,26.0,5.0
,24.018778,121.004456,,,,0.0,98.0,1.5,195.5,252.0,312.0,9.5,39.5,105.5,C1I400,凌霄,,,,2025-07-31T12:30:00+08:00,,,,,,
,24.157728,121.623597,,,,0.0,11.5,0.5,11.5,11.5,19.5,1.0,9.5,11.5,C1TA00,太魯閣,,,,2025-07-31T12:30:00+08:00,,,,,,
93.0,22.416933,120.519661,,999.4,6.5,0.0,6.5,0.0,16.5,56.5,134.0,0.0,6.5,6.5,C0R920,塭仔,,27.9,,2025-07-31T12:30:00+08:00,2025-07-31T12:00:00+08:00,,,,243.0,3.3
,25.032491,121.611605,,,,0.0,0.0,0.0,0.0,0.0,44.5,0.0,0.0,0.0,A1AC60,九如里,,,,2025-07-31T12:30:00+08:00,,,,,,
,22.653117,120.630973,,,,0.0,73.0,4.5,119.0,273.5,366.5,23.5,35.5,73.0,81R640,佳義國小,,,,2025-07-31T12:30:00+08:00,,,,,,
-99.0,24.841667,121.953133,,-99.0,-99.0,,,,,,,,,,C0U750,龜山島,,-99.0,,,2025-07-31T12:00:00+08:00,,,,-99.0,-99.0
87.0,23.3052,120.14891,8.7,-99.0,,0.0,1.0,0.0,1.5,4.0,4.5,1.0,1.0,1.0,CAN110,西濱S280K,-99.0,29.4,2025-07-31T12:20:00+08:00,2025-07-31T12:30:00+08:00,,-99,11-15,陰,240.0,6.5
,24.066314,120.953395,,,,0.0,177.0,7.0,271.0,337.0,488.0,20.0,108.0,187.0,01H720,清流(1),,,,2025-07-31T12:30:00+08:00,,,,,,
98.0,24.031261,120.688133,8.5,-99.0,,0.0,196.0,3.5,381.0,483.5,483.5,9.5,49.0,210.5,G2F820,農業試驗所,-99.0,24.8,2025-07-31T12:20:00+08:00,2025-07-31T12:30:00+08:00,,-99,-99,陰有雨,130.0,4.1
91.0,22.462467,120.440744,,999.2,-99.0,0.0,15.0,0.0,16.0,55.0,136.0,2.5,12.5,15.0,C0R640,東港,,29.2,,2025-07-31T12:30:00+08:00,2025-07-31T12:00:00+08:00,,,,240.0,2.7
99.0,23.058972,120.336406,4.0,-99.0,,0.5,11.5,5.5,17.5,40.5,64.0,5.5,5.5,11.0,B2N890,畜試所,-99.0,27.1,2025-07-31T12:20:00+08:00,2025-07-31T12:30:00+08:00,,-99,-99,陰有雨,200.0,1.0
84.0,24.251494,120.589683,10.6,-99.0,,0.0,128.5,0.0,134.0,173.0,173.5,5.5,26.5,130.5,CAF960,國三S175K,-99.0,26.3,2025-07-31T12:20:00+08:00,2025-07-31T12:30:00+08:00,,-99,7-10,陰,120.0,6.5
-99.0,23.852589,120.693481,-99.0,-99.0,,38.0,127.0,38.0,236.0,331.5,331.5,38.0,41.5,-99.0,C2H9H0,苗改南投蜂場,-99.0,-99.0,2025-07-31T12:20:00+08:00,2025-07-31T12:30:00+08:00,,-99,-99,陰,-99.0,-99.0
100.0,22.588194,120.664944,,918.3,64.0,0.0,63.5,6.0,151.5,422.5,538.0,17.0,45.0,64.0,C0R600,舊泰武,,23.4,,2025-07-31T12:30:00+08:00,2025-07-31T12:00:00+08:00,,,,178.0,2.7
100.0,24.143442,121.272547,,674.5,50.0,0.5,48.5,1.0,72.0,113.0,177.5,14.0,30.5,51.0,C0H9C0,合歡山頂,,10.3,,2025-07-31T12:30:00+08:00,2025-07-31T12:00:00+08:00,,,,312.0,1.9
-99.0,24.105169,120.492131,,-99.0,-99.0,,,,,,,,,,C0G9B0,和美,,-99.0,,,2025-07-31T12:00:00+08:00,,,,-99.0,-99.0
72.0,25.144756,121.791672,,997.0,0.0,0.0,0.0,0.0,0.0,0.0,10.5,0.0,0.0,0.0,C0B050,八斗子,,31.6,,2025-07-31T12:30:00+08:00,2025-07-31T12:00:00+08:00,,,,90.0,4.5
,25.059541,121.820556,,,,0.0,0.0,0.0,0.0,0.0,19.0,0.0,0.0,0.0,01AF90,三貂嶺,,,,2025-07-31T12:30:00+08:00,,,,,,
96.0,23.468598,120.499369,5.0,-99.0,,0.0,42.0,0.0,63.5,174.5,275.0,21.0,39.0,42.0,CAL070,國三N295K,-99.0,26.5,2025-07-31T12:20:00+08:00,2025-07-31T12:30:00+08:00,,-99,7-10,陰有雷,110.0,1.1
96.0,24.218294,121.689142,,992.1,10.0,0.0,10.0,0.5,10.0,10.0,13.0,1.5,10.0,10.0,C0Z310,清水斷崖,,24.6,,2025-07-31T12:30:00+08:00,2025-07-31T12:00:00+08:00,,,,15.0,1.0
,23.570458,120.520964,,,,0.0,22.0,0.0,56.0,173.0,198.0,11.0,12.0,22.0,01L910,中坑(3),,,,2025-07-31T12:30:00+08:00,,,,,,
94.0,24.266761,121.741031,,996.8,-99.0,,,,,,,,,,C0T9D0,和中,,24.7,,,2025-07-31T12:00:00+08:00,,,,261.0,0.7
92.0,23.674194,120.255722,,998.1,1.5,0.0,1.5,0.0,2.5,27.0,54.5,0.0,0.0,1.5,C0K590,雲林東勢,,29.7,,2025-07-31T12:30:00+08:00,2025-07-31T12:00:00+08:00,,,,206.0,4.3
,25.010105,121.387637,,,,0.0,0.0,0.0,0.0,0.0,52.0,0.0,0.0,0.0,01C570,龍壽社區,,,,2025-07-31T12:30:00+08:00,,,,,,
,24.624996,121.751929,,,,0.0,0.0,0.0,0.0,0.0,1.0,0.0,0.0,0.0,01U120,新寮(1),,,,2025-07-31T12:30:00+08:00,,,,,,
,22.886245,120.664037,,,,3.0,74.5,3.5,138.5,351.0,573.0,14.5,23.0,76.0,81V960,茂林國小,,,,2025-07-31T12:30:00+08:00,,,,,,
,24.494522,121.536435,,,,0.0,5.0,0.0,5.0,6.0,6.0,0.0,5.0,5.0,01U560,太平山(1),,,,2025-07-31T12:30:00+08:00,,,,,,
84.0,22.701083,120.347722,,996.5,1.0,0.0,1.0,0.0,1.5,1.5,49.0,1.0,1.0,1.0,C0V680,仁武,,29.9,,2025-07-31T12:30:00+08:00,2025-07-31T12:00:00+08:00,,,,262.0,5.2
,25.087591,121.613109,,,,0.0,0.0,0.0,0.0,0.0,46.0,0.0,0.0,0.0,A1AD30,安泰里,,,,2025-07-31T12:30:00+08:00,,,,,,
89.0,22.888614,120.483597,,994.2,33.5,0.0,33.0,5.0,40.0,79.5,247.5,13.5,14.5,33.5,C0V740,旗山,,27.4,,2025-07-31T12:30:00+08:00,2025-07-31T12:00:00+08:00,,,,33.0,0.9
,24.681503,121.391485,,,,0.0,0.0,0.0,0.0,0.0,3.5,0.0,0.0,0.0,21C070,巴陵,,,,2025-07-31T12:30:00+08:00,,,,,,
62.0,23.660694,121.424964,,985.4,7.0,0.0,5.5,0.0,8.0,16.0,16.0,0.0,0.0,7.0,C0T960,光復,,31.7,,2025-07-31T12:30:00+08:00,2025-07-31T12:00:00+08:00,,,,10.0,0.3
91.0,23.512333,120.403038,6.8,-99.0,,6.5,13.5,6.5,16.5,45.0,129.5,6.5,7.0,7.0,CAL020,國一S262K,-99.0,28.6,2025-07-31T12:20:00+08:00,2025-07-31T12:30:00+08:00,,-99,7-10,陰,160.0,2.7
60.0,25.11649,121.27551,13.7,-99.0,,0.0,0.0,0.0,0.0,0.0,21.5,0.0,0.0,0.0,CAC050,西濱S023K,-99.0,33.2,2025-07-31T12:20:00+08:00,2025-07-31T12:30:00+08:00,,-99,>30,陰,220.0,7.6
,25.028388,121.663304,,,,0.0,0.0,0.0,0.0,0.5,44.0,0.0,0.0,0.0,A1AD70,茶製場,,,,2025-07-31T12:30:00+08:00,,,,,,
,25.015833,121.804444,,,,0.5,0.5,0.5,0.5,0.5,15.0,0.5,0.5,0.5,81AH70,柑林國小,,,,2025-07-31T12:30:00+08:00,,,,,,
87.0,23.286817,121.411975,,967.5,9.0,0.0,8.0,0.0,12.5,14.5,15.0,0.0,0.0,9.0,C0S830,長濱,,27.7,,2025-07-31T12:30:00+08:00,2025-07-31T12:00:00+08:00,,,,359.0,0.4
89.0,22.7405,120.490503,,995.0,11.5,0.0,11.0,0.5,16.0,53.0,184.0,5.5,7.0,11.5,C0R490,九如,,30.0,,2025-07-31T12:30:00+08:00,2025-07-31T12:00:00+08:00,,,,227.0,1.2
95.0,22.202308,120.705236,,994.6,108.5,0.0,108.5,0.0,129.5,167.5,309.5,4.5,96.0,108.5,C0R741,獅子,,27.5,,2025-07-31T12:30:00+08:00,2025-07-31T12:00:00+08:00,,,,295.0,4.4
93.0,22.779194,120.494589,,993.1,38.5,0.0,37.5,2.5,41.0,71.0,238.0,12.0,12.5,38.5,C0R590,里港,,29.2,,2025-07-31T12:30:00+08:00,2025-07-31T12:00:00+08:00,,,,260.0,1.2
,23.202324,121.25167,,,,0.0,9.0,1.0,20.0,37.0,37.0,1.0,3.0,10.0,01T720,明里,,,,2025-07-31T12:30:00+08:00,,,,,,
,23.403864,120.649071,,,,2.0,109.0,8.0,241.5,440.0,473.0,22.0,34.0,114.0,81M790,麻竹湖步道,,,,2025-07-31T12:30:00+08:00,,,,,,
80.0,25.965197,119.980686,,995.5,0.0,0.0,0.0,0.0,0.0,0.0,5.5,0.0,0.0,0.0,C0W110,東莒,,30.4,,2025-07-31T12:30:00+08:00,2025-07-31T12:00:00+08:00,,,,188.0,5.2
,22.892785,120.404543,,,,0.0,53.0,8.0,54.0,69.0,176.0,22.0,28.0,53.0,01P280,古亭坑,,,,2025-07-31T12:30:00+08:00,,,,,,
98.0,24.066147,120.660919,11.1,-99.0,,0.0,199.5,4.0,376.5,483.0,483.0,9.5,51.0,226.5,CAF050,國三N208K,-99.0,25.0,2025-07-31T12:20:00+08:00,2025-07-31T12:30:00+08:00,,-99,-99,陰有雨,160.0,6.0
83.0,22.534361,120.54,,998.2,10.5,0.0,10.5,0.0,18.5,127.0,213.5,0.0,10.5,10.5,C0R220,潮州,,30.3,,2025-07-31T12:30:00+08:00,2025-07-31T12:00:00+08:00,,,,252.0,3.2
,23.949895,120.854392,,,,3.0,228.5,5.0,335.5,462.0,510.5,24.0,61.5,231.0,81I520,九份二山,,,,2025-07-31T12:30:00+08:00,,,,,,
100.0,23.470489,120.955994,,639.1,-99.0,,,,,,,,,,C0I520,玉山風口,,7.8,,,2025-07-31T12:00:00+08:00,,,,285.0,13.0
94.0,24.03405,120.503869,,996.6,75.0,0.0,74.0,0.0,112.0,152.5,153.0,2.0,32.5,75.0,C0G780,秀水,,28.4,,2025-07-31T12:30:00+08:00,2025-07-31T12:00:00+08:00,,,,143.0,3.9
85.0,22.887139,120.2445,,997.0,0.0,0.0,0.0,0.0,0.0,0.0,74.0,0.0,0.0,0.0,C0V640,湖內,,29.5,,2025-07-31T12:30:00+08:00,2025-07-31T12:00:00+08:00,,,,225.0,6.0
84.0,22.760558,120.267211,,997.7,2.5,0.0,2.5,0.0,2.5,4.5,60.0,0.5,2.0,2.5,C0V610,梓官,,30.0,,2025-07-31T12:30:00+08:00,2025-07-31T12:00:00+08:00,,,,236.0,5.4
79.0,24.527806,120.770972,10.2,-99.0,,0.0,41.0,0.0,54.0,56.5,64.5,0.0,38.5,42.5,B2E890,新竹畜試,-99.0,28.1,2025-07-31T12:20:00+08:00,2025-07-31T12:30:00+08:00,,-99,-99,陰,180.0,4.3
91.0,22.318619,120.857372,,954.7,82.0,0.0,78.0,1.5,160.0,275.5,317.5,15.0,39.0,83.0,C0S990,山豬窟,,25.3,,2025-07-31T12:30:00+08:00,2025-07-31T12:00:00+08:00,,,,248.0,5.0
95.0,22.883208,120.327508,,996.8,-99.0,0.0,20.5,0.0,21.0,22.0,102.0,6.0,6.0,20.5,C0V530,阿蓮,,29.4,,2025-07-31T12:30:00+08:00,2025-07-31T12:00:00+08:00,,,,232.0,3.4
,24.071242,120.820419,,,,0.0,306.0,5.0,450.0,582.5,603.5,22.5,140.5,326.0,C1F9J1,清水林,,,,2025-07-31T12:30:00+08:00,,,,,,
93.0,23.5626,119.468436,,993.3,0.5,0.0,0.5,0.0,0.5,18.0,27.0,0.0,0.0,0.5,C0W120,西嶼,,27.7,,2025-07-31T12:30:00+08:00,2025-07-31T12:00:00+08:00,,,,189.0,9.2
,24.106999,121.199288,,,,0.0,60.0,0.0,97.0,144.0,230.0,11.0,43.0,62.0,01H310,翠峰,,,,2025-07-31T12:30:00+08:00,,,,,,
66.0,25.150211,121.403947,,993.3,0.0,0.0,0.0,0.0,0.0,0.0,69.0,0.0,0.0,0.0,C0AD10,八里,,33.8,,2025-07-31T12:30:00+08:00,2025-07-31T12:00:00+08:00,,,,241.0,2.9
,24.035278,120.724444,,,,5.0,237.5,9.0,390.0,517.5,518.0,23.0,84.0,240.0,81F900,峰谷國小,,,,2025-07-31T12:30:00+08:00,,,,,,
83.0,23.5239,121.390211,,985.3,8.5,0.0,7.0,0.5,12.0,19.5,20.0,0.5,0.5,9.0,C0Z210,瑞穗,,28.2,,2025-07-31T12:30:00+08:00,2025-07-31T12:00:00+08:00,,,,164.0,0.4
,24.634003,121.716908,,,,0.0,0.0,0.0,0.0,0.0,0.5,0.0,0.0,0.0,C1U670,寒溪,,,,2025-07-31T12:30:00+08:00,,,,,,
73.0,24.606489,120.783933,7.2,-99.0,,0.0,4.5,0.0,5.0,5.0,47.0,0.0,1.5,4.5,C2E540,龍溪,-99.0,29.8,2025-07-31T12:20:00+08:00,2025-07-31T12:30:00+08:00,,-99,-99,陰,190.0,2.0
91.0,24.49773,121.568625,,793.0,5.5,0.0,5.5,0.0,5.5,5.5,6.0,1.0,5.5,5.5,C0UB80,翠峰林道6K,,18.0,,2025-07-31T12:30:00+08:00,2025-07-31T12:00:00+08:00,,,,209.0,0.3
92.0,23.633639,120.551889,5.6,989.8,,0.0,37.5,0.5,77.0,147.5,149.5,29.5,30.0,37.5,467290,古坑,0.0,26.9,2025-07-31T12:20:00+08:00,2025-07-31T12:30:00+08:00,,1,>30,陰,170.0,2.5
-99.0,22.370361,120.628306,,-99.0,-99.0,,,,,,,,,,C0R260,春日,,-99.0,,,2025-07-31T12:00:00+08:00,,,,-99.0,-99.0
,24.1605,120.831961,,,,0.0,253.5,3.5,297.5,427.0,540.0,30.5,94.5,270.0,C1F9E1,龍安,,,,2025-07-31T12:30:00+08:00,,,,,,
,23.986803,121.076117,,,,0.0,66.0,0.5,126.0,167.0,222.5,7.0,22.5,68.5,C1I330,楓樹林,,,,2025-07-31T12:30:00+08:00,,,,,,
50.0,25.014278,121.539416,3.5,-99.0,,0.0,0.0,0.0,0.0,0.0,54.5,0.0,0.0,0.0,A0A010,臺灣大學,-99.0,35.6,2025-07-31T12:20:00+08:00,2025-07-31T12:30:00+08:00,,-99,-99,陰,30.0,1.2
76.0,24.648769,120.772436,,997.1,3.0,0.0,2.5,0.0,3.0,3.0,18.0,1.5,1.5,3.0,C0E910,海埔,,29.8,,2025-07-31T12:30:00+08:00,2025-07-31T12:00:00+08:00,,,,188.0,4.9
86.0,22.954453,121.229922,,954.3,15.5,0.0,15.0,0.0,30.5,55.5,57.0,0.0,5.0,15.5,C0S950,七塊厝,,27.6,,2025-07-31T12:30:00+08:00,2025-07-31T12:00:00+08:00,,,,191.0,1.0
76.0,24.734764,121.781922,5.0,-99.0,,0.0,0.0,0.0,0.0,0.0,2.0,0.0,0.0,0.0,CAUB40,國五S041K,-99.0,30.7,2025-07-31T12:20:00+08:00,2025-07-31T12:30:00+08:00,,-99,-99,陰,100.0,2.2
89.0,22.478475,120.943325,,957.7,13.0,0.0,12.5,0.0,144.5,224.0,260.0,1.5,9.0,13.0,C0S770,大溪山,,25.3,,2025-07-31T12:30:00+08:00,2025-07-31T12:00:00+08:00,,,,199.0,0.6
67.0,24.989964,121.656972,4.4,-99.0,,0.0,0.0,0.0,0.0,0.0,40.5,0.0,0.0,0.0,CAAD70,國五S006K,-99.0,33.9,2025-07-31T12:20:00+08:00,2025-07-31T12:30:00+08:00,,-99,7-10,陰,300.0,2.0
,24.970278,121.926111,,,,0.0,0.0,0.0,0.0,0.0,4.5,0.0,0.0,0.0,81U890,大里國小,,,,2025-07-31T12:30:00+08:00,,,,,,
-99.0,22.971003,120.539853,2.2,-99.0,,0.5,97.0,5.5,146.5,212.0,400.0,52.5,53.0,97.0,C2V260,月眉,-99.0,25.6,2025-07-31T12:20:00+08:00,2025-07-31T12:30:00+08:00,,-99,-99,陰有雨,220.0,0.9
91.0,23.679019,120.395561,,997.0,10.5,0.0,9.0,0.0,17.5,45.0,82.5,5.5,5.5,10.5,C0K390,土庫,,27.6,,2025-07-31T12:30:00+08:00,2025-07-31T12:00:00+08:00,,,,173.0,3.0
,23.421147,121.267631,,,,0.0,6.0,0.0,12.5,22.5,30.5,0.0,0.0,7.0,C1Z240,中平林道,,,,2025-07-31T12:30:00+08:00,,,,,,
81.0,23.753836,120.294783,8.1,-99.0,,0.0,0.5,0.0,1.0,15.0,17.5,0.0,0.0,0.5,V2K620,麥寮合作社,-99.0,29.5,2025-07-31T12:20:00+08:00,2025-07-31T12:30:00+08:00,,-99,-99,陰,220.0,4.0
100.0,23.720575,120.541117,,994.0,40.0,0.0,37.0,0.5,54.0,106.0,110.0,14.0,22.5,40.5,C0K400,斗六,,25.4,,2025-07-31T12:30:00+08:00,2025-07-31T12:00:00+08:00,,,,124.0,1.7
,24.766464,121.119178,,,,0.0,0.0,0.0,0.0,0.0,21.0,0.0,0.0,0.0,C1D630,飛鳳山,,,,2025-07-31T12:30:00+08:00,,,,,,
,22.813153,120.367789,,,,0.0,30.5,1.0,30.5,35.0,122.0,5.5,13.0,30.5,C1V390,尖山,,,,2025-07-31T12:30:00+08:00,,,,,,
,23.9246,121.006903,,,,0.0,83.0,0.0,125.0,188.0,234.5,2.5,13.0,88.0,C1I260,北坑,,,,2025-07-31T12:30:00+08:00,,,,,,
93.0,23.434628,120.239019,,998.2,0.5,1.0,1.5,1.0,1.5,1.5,29.0,1.0,1.0,1.5,C0M650,朴子,,28.0,,2025-07-31T12:30:00+08:00,2025-07-31T12:00:00+08:00,,,,220.0,2.8
,23.493119,121.338806,,,,0.0,5.0,0.0,10.5,20.0,22.0,0.0,0.5,7.0,C1Z030,紅葉,,,,2025-07-31T12:30:00+08:00,,,,,,
60.0,25.064433,121.381972,6.7,-99.0,,0.0,0.0,0.0,0.0,0.0,49.0,0.0,0.0,0.0,CAA990,國一N039K,-99.0,33.9,2025-07-31T12:20:00+08:00,2025-07-31T12:30:00+08:00,,-99,>30,陰,300.0,2.5
73.0,24.776203,121.502811,1.7,-99.0,,0.0,0.0,0.0,0.0,0.0,6.0,0.0,0.0,0.0,C2A560,福山,-99.0,29.9,2025-07-31T12:20:00+08:00,2025-07-31T12:30:00+08:00,,-99,-99,陰,220.0,0.5
99.0,23.347467,120.414428,,994.8,27.0,0.0,26.0,0.0,31.5,54.0,132.5,6.5,20.0,27.0,C0X210,白河,,26.6,,2025-07-31T12:30:00+08:00,2025-07-31T12:00:00+08:00,,,,122.0,1.1
,24.829422,121.071412,,,,0.0,0.0,0.0,0.0,0.0,30.0,0.0,0.0,0.0,01D310,新埔(1),,,,2025-07-31T12:30:00+08:00,,,,,,
96.0,24.186117,121.316086,,722.7,37.5,1.0,40.0,3.0,43.0,61.5,81.0,13.5,24.0,40.0,C0T790,大禹嶺,,12.5,,2025-07-31T12:30:00+08:00,2025-07-31T12:00:00+08:00,,,,0.0,0.0
,25.162299,121.54405,,,,0.0,0.0,0.0,0.0,0.0,45.0,0.0,0.0,0.0,01A420,竹子湖,,,,2025-07-31T12:30:00+08:00,,,,,,
,23.222178,120.400432,,,,0.0,11.0,2.0,13.0,70.0,171.0,2.0,9.0,11.0,01O750,王爺宮,,,,2025-07-31T12:30:00+08:00,,,,,,
71.0,22.588475,120.485081,,996.9,1.0,0.0,1.0,0.0,4.5,67.0,139.5,0.0,1.0,1.0,C0R930,萬丹,,30.9,,2025-07-31T12:30:00+08:00,2025-07-31T12:00:00+08:00,,,,259.0,5.5
,22.532409,120.954393,,,,0.0,15.0,0.0,158.0,204.0,227.0,1.0,2.0,15.0,O1S660,賓茂國小,,,,2025-07-31T12:30:00+08:00,,,,,,
,23.905333,120.846983,,,,4.5,156.5,7.0,235.5,472.5,513.5,18.5,19.0,164.0,C1I220,樟湖,,,,2025-07-31T12:30:00+08:00,,,,,,
78.0,22.684645,120.432803,,995.7,3.0,0.0,3.0,0.0,9.0,26.0,134.5,0.0,0.5,3.0,C0V910,大樹,,30.5,,2025-07-31T12:30:00+08:00,2025-07-31T12:00:00+08:00,,,,267.0,4.5
85.0,22.829528,121.077694,4.6,-99.0,,0.0,44.0,0.0,93.5,138.5,147.0,0.0,9.5,46.0,72S200,班鳩分場,-99.0,27.6,2025-07-31T12:20:00+08:00,2025-07-31T12:30:00+08:00,,-99,-99,陰,110.0,0.9
100.0,23.545133,120.675197,6.0,-99.0,,0.0,119.0,7.0,350.5,647.5,680.5,33.5,38.0,124.5,C2M620,瑞里,-99.0,20.2,2025-07-31T12:20:00+08:00,2025-07-31T12:30:00+08:00,,-99,-99,陰有雨,200.0,1.1
91.0,22.902581,121.084058,,972.2,21.0,0.0,20.5,0.5,60.0,109.5,118.0,0.5,7.0,21.0,C0S930,延平,,26.5,,2025-07-31T12:30:00+08:00,2025-07-31T12:00:00+08:00,,,,0.0,0.0
81.0,24.897536,121.792444,,892.5,0.0,0.0,0.0,0.0,0.0,0.0,19.5,0.0,0.0,0.0,C0U950,鶯子嶺,,25.4,,2025-07-31T12:30:00+08:00,2025-07-31T12:00:00+08:00,,,,118.0,3.3
,24.393125,121.347214,,,,0.0,21.0,0.5,21.0,22.5,23.0,5.5,16.5,21.0,C1U920,思源,,,,2025-07-31T12:30:00+08:00,,,,,,
,23.537022,120.607797,,,,0.0,69.0,1.5,152.5,419.5,459.5,59.5,61.0,69.0,C1M480,獨立山,,,,2025-07-31T12:30:00+08:00,,,,,,
54.0,24.978508,121.281819,8.7,-99.0,,0.0,0.0,0.0,0.0,0.0,71.5,0.0,0.0,0.0,V2C260,八德蔬果,-99.0,33.4,2025-07-31T12:20:00+08:00,2025-07-31T12:30:00+08:00,,-99,-99,陰,240.0,3.3
100.0,23.338017,120.683331,,938.4,152.5,10.5,160.0,53.0,424.5,665.5,713.5,70.0,88.5,180.0,C0M860,新美,,22.9,,2025-07-31T12:30:00+08:00,2025-07-31T12:00:00+08:00,,,,160.0,0.8
99.0,23.532742,120.843667,,838.5,138.0,1.5,138.5,9.5,283.0,450.5,477.5,15.0,19.5,147.0,C0H9A0,神木村,,19.0,,2025-07-31T12:30:00+08:00,2025-07-31T12:00:00+08:00,,,,0.0,0.0
,22.926574,120.509127,,,,0.0,112.0,20.0,124.0,172.0,351.0,67.0,78.0,112.0,O1V820,圓富國中,,,,2025-07-31T12:30:00+08:00,,,,,,
,24.635687,121.783933,,,,0.0,0.0,0.0,0.0,0.0,0.0,0.0,0.0,0.0,01U130,冬山,,,,2025-07-31T12:30:00+08:00,,,,,,
,24.719164,121.28372,,,,0.0,0.0,0.0,0.0,0.0,32.0,0.0,0.0,0.0,01D190,鳥嘴山,,,,2025-07-31T12:30:00+08:00,,,,,,
,22.654873,120.466375,,,,0.0,22.0,0.0,32.0,63.0,148.0,0.0,3.0,22.0,00Q070,屏東(5),,,,2025-07-31T12:30:00+08:00,,,,,,
96.0,23.988304,120.508092,9.6,-99.0,,0.0,66.0,0.0,82.5,105.0,105.0,1.5,16.0,67.5,CAG030,國一S207K,-99.0,26.7,2025-07-31T12:20:00+08:00,2025-07-31T12:30:00+08:00,,-99,7-10,陰,140.0,4.4
,23.110591,120.703273,,,,0.0,196.0,14.0,530.0,530.0,642.0,60.0,61.0,210.0,O1V540,高中(2),,,,2025-07-31T12:30:00+08:00,,,,,,
94.0,23.8004,120.467383,,995.8,32.0,0.0,32.0,0.0,35.5,77.0,81.0,1.5,2.0,32.0,C0K420,西螺,,26.7,,2025-07-31T12:30:00+08:00,2025-07-31T12:00:00+08:00,,,,169.0,1.3
,23.819214,121.432069,,,,0.0,8.0,0.0,10.0,17.0,20.0,0.0,0.0,10.0,01T560,西林,,,,2025-07-31T12:30:00+08:00,,,,,,
89.0,22.725647,120.252675,,998.5,5.0,0.0,5.0,0.0,5.0,5.5,53.5,0.0,5.0,5.0,C0V850,蚵仔寮,,29.1,,2025-07-31T12:30:00+08:00,2025-07-31T12:00:00+08:00,,,,215.0,8.1
,23.263333,121.303056,,,,0.0,5.0,0.0,16.5,27.5,30.5,0.0,0.5,5.5,81T910,東里國中,,,,2025-07-31T12:30:00+08:00,,,,,,
,24.180853,120.848378,,,,0.0,193.0,1.0,208.5,301.5,457.0,20.5,76.5,198.5,C1F9G1,慶福山,,,,2025-07-31T12:30:00+08:00,,,,,,
82.0,24.735006,121.025192,,985.3,0.0,0.0,0.0,0.0,0.0,0.0,12.0,0.0,0.0,0.0,C0D580,寶山,,29.0,,2025-07-31T12:30:00+08:00,2025-07-31T12:00:00+08:00,,,,0.0,0.0
72.0,24.889514,121.2636,8.9,-99.0,,0.0,0.0,0.0,0.0,0.0,37.0,0.0,0.0,0.0,CAC030,國三N063K,-99.0,30.8,2025-07-31T12:20:00+08:00,2025-07-31T12:30:00+08:00,,-99,-99,陰,280.0,3.9
88.0,23.380564,119.494075,,993.5,0.0,0.0,0.0,0.0,0.0,2.0,108.0,0.0,0.0,0.0,C0W190,望安,,28.9,,2025-07-31T12:30:00+08:00,2025-07-31T12:00:00+08:00,,,,211.0,6.3
91.0,23.118847,120.360833,,995.7,9.0,2.0,10.0,2.0,18.0,41.0,83.0,2.0,2.0,11.0,C0O860,大內,,29.5,,2025-07-31T12:30:00+08:00,2025-07-31T12:00:00+08:00,,,,234.0,1.1
,23.224869,121.412806,,,,0.0,9.0,0.0,16.0,19.0,19.0,0.0,1.5,10.5,81S910,膽曼,,,,2025-07-31T12:30:00+08:00,,,,,,
,23.628333,120.870556,,,,0.5,116.0,3.0,177.5,267.5,279.0,4.5,5.0,122.5,81H990,羅娜國小,,,,2025-07-31T12:30:00+08:00,,,,,,
90.0,23.076694,120.144861,5.5,-99.0,,0.0,1.0,0.5,1.0,32.5,41.0,0.5,0.5,1.0,C2O950,安南,-99.0,29.5,2025-07-31T12:20:00+08:00,2025-07-31T12:30:00+08:00,,-99,-99,陰,240.0,1.8
87.0,23.0757,120.363253,,993.7,6.0,5.0,12.5,7.0,15.5,41.0,82.0,7.0,7.0,13.0,C0X180,山上,,29.6,,2025-07-31T12:30:00+08:00,2025-07-31T12:00:00+08:00,,,,206.0,1.7
100.0,23.63353,120.55239,4.5,-99.0,,0.0,33.0,0.5,68.5,131.0,133.0,26.5,27.0,33.0,A2K570,古坑(花卉中心),-99.0,26.4,2025-07-31T12:20:00+08:00,2025-07-31T12:30:00+08:00,,-99,-99,陰有雨,160.0,2.0
96.0,23.903319,120.376069,,998.1,5.0,3.5,8.5,3.5,9.5,45.0,69.5,3.5,5.5,8.5,C0G730,二林,,27.8,,2025-07-31T12:30:00+08:00,2025-07-31T12:00:00+08:00,,,,160.0,2.0
,23.539612,120.66493,,,,0.0,65.5,4.5,189.0,468.5,499.0,33.5,34.0,65.5,81M810,瑞里國小,,,,2025-07-31T12:30:00+08:00,,,,,,
,23.279811,120.705319,,,,0.5,222.5,21.5,569.0,925.0,975.5,58.0,76.0,241.5,C1V160,達卡努瓦,,,,2025-07-31T12:30:00+08:00,,,,,,
86.0,23.171639,121.249378,,970.2,7.0,0.0,7.5,0.5,17.0,34.0,34.5,1.0,2.5,7.5,C0T9N0,富里,,25.7,,2025-07-31T12:30:00+08:00,2025-07-31T12:00:00+08:00,,,,103.0,0.9
94.0,23.27125,121.188272,,929.8,7.0,0.5,8.0,2.0,14.5,28.0,29.0,2.0,2.0,8.0,C0Z320,清水林道,,25.1,,2025-07-31T12:30:00+08:00,2025-07-31T12:00:00+08:00,,,,0.0,0.0
,24.631502,121.408182,,,,0.0,0.0,0.0,0.0,0.0,2.5,0.0,0.0,0.0,21C090,嘎拉賀,,,,2025-07-31T12:30:00+08:00,,,,,,
99.0,23.345667,121.213164,,911.4,6.5,0.0,6.0,0.5,11.0,24.0,24.0,0.5,1.0,6.5,C0Z050,佳心,,23.7,,2025-07-31T12:30:00+08:00,2025-07-31T12:00:00+08:00,,,,0.0,0.1
83.0,23.798783,120.217717,11.1,-99.0,,0.0,0.0,0.0,0.0,0.5,1.5,0.0,0.0,0.0,A0K420,麥寮,-99.0,29.9,2025-07-31T12:20:00+08:00,2025-07-31T12:30:00+08:00,,-99,-99,陰,200.0,7.5
70.0,24.885,121.0889,9.4,-99.0,,0.0,0.0,0.0,0.0,0.0,37.5,0.0,0.0,0.0,CAD020,國一N077K,-99.0,30.8,2025-07-31T12:20:00+08:00,2025-07-31T12:30:00+08:00,,-99,-99,陰,270.0,3.9
88.0,22.1043,120.897883,,996.9,44.0,0.0,44.0,0.0,71.5,101.0,188.5,17.5,39.0,44.0,C0R860,鼻頭,,27.6,,2025-07-31T12:30:00+08:00,2025-07-31T12:00:00+08:00,,,,225.0,3.5
74.0,24.686369,121.797944,,996.7,0.0,0.0,0.0,0.0,0.0,0.0,0.5,0.0,0.0,0.0,C0U780,五結,,31.4,,2025-07-31T12:30:00+08:00,2025-07-31T12:00:00+08:00,,,,97.0,1.1
,24.397796,120.986018,,,,0.0,24.0,1.0,25.0,56.0,75.0,6.0,23.0,24.0,01E080,松安,,,,2025-07-31T12:30:00+08:00,,,,,,
92.0,22.13845,120.70215,,999.9,53.5,0.0,53.5,0.0,71.5,94.0,259.5,3.5,53.5,53.5,C0R900,竹坑,,27.9,,2025-07-31T12:30:00+08:00,2025-07-31T12:00:00+08:00,,,,295.0,3.0
,24.664908,121.308185,,,,0.0,0.0,0.0,0.0,0.0,7.0,0.0,0.0,0.0,21D150,玉峰,,,,2025-07-31T12:30:00+08:00,,,,,,
97.0,23.386047,120.477331,,992.8,38.0,2.0,39.0,2.0,46.5,106.5,172.5,11.5,29.0,40.0,C0X300,鹿寮,,25.9,,2025-07-31T12:30:00+08:00,2025-07-31T12:00:00+08:00,,,,40.0,1.1
94.0,23.772797,120.408944,,996.8,12.0,0.0,12.0,0.0,13.5,56.0,87.5,0.0,1.0,12.0,C0K440,二崙,,27.1,,2025-07-31T12:30:00+08:00,2025-07-31T12:00:00+08:00,,,,133.0,1.3
92.0,24.139256,120.5215,-99.0,-99.0,,0.0,98.0,0.0,104.5,144.0,145.0,2.5,28.5,98.5,CAG040,國三N191K,-99.0,26.1,2025-07-31T12:20:00+08:00,2025-07-31T12:30:00+08:00,,-99,-99,陰,130.0,5.2
83.0,23.701544,120.197547,,998.8,0.0,0.0,0.0,0.0,0.0,6.5,12.0,0.0,0.0,0.0,C0K530,臺西,,29.9,,2025-07-31T12:30:00+08:00,2025-07-31T12:00:00+08:00,,,,215.0,5.5
,23.75386,120.639013,,,,0.0,92.0,7.5,156.0,233.0,587.5,23.5,24.5,93.0,81K580,坪頂,,,,2025-07-31T12:30:00+08:00,,,,,,
75.0,24.524506,120.820831,10.0,-99.0,,0.0,25.5,0.0,30.5,32.5,37.0,0.0,25.0,25.5,CAE040,國一S132K,-99.0,28.2,2025-07-31T12:20:00+08:00,2025-07-31T12:30:00+08:00,,-99,7-10,陰,210.0,4.8
73.0,24.675456,121.794583,2.7,-99.0,,0.0,0.0,0.0,0.0,0.0,1.0,0.0,0.0,0.0,CAUB50,國五S047K,-99.0,31.0,2025-07-31T12:20:00+08:00,2025-07-31T12:30:00+08:00,,-99,-99,陰,50.0,1.1
,24.090736,121.032224,,,,0.0,102.0,4.0,170.0,211.0,333.0,11.0,72.0,105.0,00H810,惠蓀(2),,,,2025-07-31T12:30:00+08:00,,,,,,
76.0,24.576533,121.495333,,956.8,0.0,0.0,0.0,0.0,0.0,0.0,0.0,0.0,0.0,0.0,C0UA00,土場,,27.4,,2025-07-31T12:30:00+08:00,2025-07-31T12:00:00+08:00,,,,324.0,1.9
96.0,22.0744,120.716247,,1000.2,54.0,0.0,54.0,0.0,58.0,74.5,323.5,25.5,52.5,54.0,C0R320,車城,,27.4,,2025-07-31T12:30:00+08:00,2025-07-31T12:00:00+08:00,,,,239.0,2.2
98.0,24.018658,120.847072,2.5,-99.0,,0.0,297.5,6.0,420.0,509.0,-99.0,28.0,132.0,307.5,C2H9F0,柑林,-99.0,24.0,2025-07-31T12:20:00+08:00,2025-07-31T12:30:00+08:00,,-99,-99,陰有雨,300.0,0.3
88.0,22.480277,120.531666,7.0,-99.0,,0.0,18.0,0.0,27.5,102.5,182.5,8.0,11.5,18.0,CAQ010,國三N425K,-99.0,29.3,2025-07-31T12:20:00+08:00,2025-07-31T12:30:00+08:00,,-99,-99,陰,250.0,4.0
,24.066172,120.735194,,,,1.5,270.5,5.5,454.0,575.5,576.5,12.5,99.5,295.5,C1F9B1,桐林,,,,2025-07-31T12:30:00+08:00,,,,,,
61.0,25.112694,121.239825,,995.6,0.0,0.0,0.0,0.0,0.0,0.0,25.5,0.0,0.0,0.0,C0C720,竹圍,,32.9,,2025-07-31T12:30:00+08:00,2025-07-31T12:00:00+08:00,,,,229.0,7.3
89.0,23.35893,120.18026,7.9,-99.0,,0.0,1.5,0.5,1.5,3.5,6.0,1.5,1.5,1.5,CAL110,布袋國中,-99.0,29.3,2025-07-31T12:20:00+08:00,2025-07-31T12:30:00+08:00,,-99,-99,陰,210.0,5.4
,23.6906,120.851828,,,,0.0,112.0,13.0,190.0,301.0,323.0,14.0,14.0,119.0,01H780,內茅埔(2),,,,2025-07-31T12:30:00+08:00,,,,,,
73.0,25.007606,122.002058,,988.4,0.0,0.0,0.0,0.0,0.0,0.0,0.5,0.0,0.0,0.0,C0A970,三貂角,,30.2,,2025-07-31T12:30:00+08:00,2025-07-31T12:00:00+08:00,,,,203.0,2.9
,24.161555,121.653037,,,,0.0,7.0,0.0,7.0,7.0,10.5,2.0,7.0,7.0,81T1A0,崇德國小,,,,2025-07-31T12:30:00+08:00,,,,,,
99.0,23.331169,120.508025,,958.3,51.0,5.0,66.0,43.0,85.5,167.5,232.5,54.5,58.5,69.0,C0X240,關子嶺,,24.4,,2025-07-31T12:30:00+08:00,2025-07-31T12:00:00+08:00,,,,164.0,0.8
71.0,24.836391,121.199371,7.5,-99.0,,0.0,0.0,0.0,0.0,0.0,19.5,0.0,0.0,0.0,CAC770,國三N072K,-99.0,29.7,2025-07-31T12:20:00+08:00,2025-07-31T12:30:00+08:00,,-99,7-10,陰,240.0,3.5
,25.030298,121.490307,,,,0.0,0.0,0.0,0.0,0.0,46.5,0.0,0.0,0.0,A1AB20,雙園,,,,2025-07-31T12:30:00+08:00,,,,,,
,24.581505,121.358179,,,,0.0,0.0,0.0,0.0,0.5,1.0,0.0,0.0,0.0,21D350,西丘斯山,,,,2025-07-31T12:30:00+08:00,,,,,,
,24.42585,121.749405,,,,0.0,5.0,0.0,5.0,5.0,5.0,2.0,5.0,5.0,01U450,樟林,,,,2025-07-31T12:30:00+08:00,,,,,,
92.0,23.023541,120.111633,,999.4,0.0,0.0,0.0,0.0,0.0,14.0,57.5,0.0,0.0,0.0,C0N030,四草,,29.0,,2025-07-31T12:30:00+08:00,2025-07-31T12:00:00+08:00,,,,121.0,7.5
,24.298227,120.905896,,,,0.0,141.5,20.0,153.5,228.5,305.0,55.5,122.0,142.0,81E870,白布帆,,,,2025-07-31T12:30:00+08:00,,,,,,
79.0,22.682078,121.060236,,995.5,8.0,0.0,6.0,0.0,37.5,60.0,67.0,0.0,2.5,8.0,C0SB10,美和,,28.7,,2025-07-31T12:30:00+08:00,2025-07-31T12:00:00+08:00,,,,30.0,2.3
69.0,24.882853,121.265547,,975.0,0.0,0.0,0.0,0.0,0.0,0.0,42.5,0.0,0.0,0.0,C0C630,大溪,,30.1,,2025-07-31T12:30:00+08:00,2025-07-31T12:00:00+08:00,,,,253.0,3.4
79.0,23.3215,121.339656,,981.9,7.5,0.0,7.0,0.0,13.0,20.5,22.0,0.0,0.5,7.5,C0Z061,玉里,,28.6,,2025-07-31T12:30:00+08:00,2025-07-31T12:00:00+08:00,,,,0.0,0.1
,23.492153,120.753683,,,,2.0,103.0,10.0,328.0,589.0,629.5,17.0,25.5,117.0,C1M640,十字,,,,2025-07-31T12:30:00+08:00,,,,,,
,22.428117,120.629228,,,,0.0,55.0,0.0,81.5,196.0,276.5,8.0,55.0,55.0,C1R250,力里,,,,2025-07-31T12:30:00+08:00,,,,,,
100.0,22.071122,120.764111,,990.4,52.0,0.0,52.0,0.0,58.5,72.0,289.5,28.0,50.5,52.0,C0R770,保力,,26.4,,2025-07-31T12:30:00+08:00,2025-07-31T12:00:00+08:00,,,,247.0,4.3
,24.2775,121.263333,,,,1.0,34.0,5.0,35.0,50.0,57.5,14.5,26.0,34.0,81F970,松茂部落,,,,2025-07-31T12:30:00+08:00,,,,,,
63.0,25.08,121.6475,-99.0,-99.0,,0.0,0.0,0.0,0.0,0.0,32.0,0.0,0.0,0.0,CAA030,國三S010K,-99.0,35.2,2025-07-31T12:20:00+08:00,2025-07-31T12:30:00+08:00,,-99,-99,陰,-99.0,-99.0
