humidity,lat,lon,peak_gust_speed,pressure,rain,rain_10min,rain_12hr,rain_1hr,rain_24hr,rain_2d,rain_3d,rain_3hr,rain_6hr,rain_now,stationId,stationName,sunshine_duration,temperature,timestamp_now,timestamp_rain,timestamp_weather,uv_index,visibility,weather,wind_dir,wind_speed
92.0,24.853233,121.830797,,999.5,0.0,0.0,0.0,0.0,0.0,0.0,8.0,0.0,0.0,0.0,C0U860,頭城,,27.2,,2025-07-31T23:00:00+08:00,2025-07-31T23:00:00+08:00,,,,0.0,0.1
,24.971779,121.828198,,,,0.0,10.5,0.0,10.5,10.5,27.5,0.0,0.0,10.5,L1A840,太平,,,,2025-07-31T23:00:00+08:00,,,,,,
98.0,22.071122,120.764111,,991.6,58.5,0.0,6.5,0.0,58.5,78.5,296.0,2.5,5.0,58.5,C0R770,保力,,26.8,,2025-07-31T23:00:00+08:00,2025-07-31T23:00:00+08:00,,,,274.0,3.6
,22.854222,120.5454,,,,0.5,38.5,0.5,97.5,170.5,358.5,1.5,7.5,94.0,C1V570,吉東,,,,2025-07-31T23:00:00+08:00,,,,,,
,22.725061,121.03782,,,,0.0,2.0,0.0,38.0,120.5,129.5,0.5,2.0,27.5,81S930,射馬干,,,,2025-07-31T23:00:00+08:00,,,,,,
100.0,22.121825,120.836781,,958.8,63.0,0.0,17.0,0.0,63.0,140.0,255.5,2.5,11.0,63.0,C0R830,高士,,24.2,,2025-07-31T23:00:00+08:00,2025-07-31T23:00:00+08:00,,,,176.0,3.2
,24.560997,120.836,,,,0.0,0.0,0.0,16.5,17.5,20.5,0.0,0.0,9.0,C1E900,國一N128K,,,,2025-07-31T23:00:00+08:00,,,,,,
,25.168595,121.538915,,,,0.0,0.0,0.0,0.0,0.0,57.5,0.0,0.0,0.0,A1A9S0,湖田國小,,,,2025-07-31T23:00:00+08:00,,,,,,
99.0,23.532742,120.843667,,840.5,222.0,1.5,87.0,6.0,247.5,525.5,552.5,13.5,19.0,222.0,C0H9A0,神木村,,17.6,,2025-07-31T23:00:00+08:00,2025-07-31T23:00:00+08:00,,,,0.0,0.0
93.0,22.416211,120.926942,,998.1,33.0,0.0,7.0,0.0,33.5,192.5,230.5,1.5,6.5,33.0,C0S970,加津林,,26.2,,2025-07-31T23:00:00+08:00,2025-07-31T23:00:00+08:00,,,,270.0,0.7
88.0,22.467947,120.582894,,999.3,22.0,0.0,2.5,0.0,22.0,130.5,205.0,0.5,1.5,22.0,C0R550,新埤,,27.7,,2025-07-31T23:00:00+08:00,2025-07-31T23:00:00+08:00,,,,101.0,1.3
97.0,23.310694,120.316681,,998.9,16.5,0.0,4.0,0.0,16.5,23.0,85.0,0.0,4.0,16.5,C0X250,新營,,27.7,,2025-07-31T23:00:00+08:00,2025-07-31T23:00:00+08:00,,,,168.0,1.6
,24.862306,121.551378,,,,0.0,0.0,0.0,0.0,0.0,15.0,0.0,0.0,0.0,01AD90,覽勝橋,,,,2025-07-31T23:00:00+08:00,,,,,,
100.0,23.080106,120.591758,5.0,-99.0,,0.0,80.5,0.5,169.0,315.5,516.0,0.5,46.5,153.5,C2V250,甲仙,-99.0,25.0,2025-07-31T23:00:00+08:00,2025-07-31T23:00:00+08:00,,-99,-99,陰,180.0,0.4
,25.038894,121.556406,,,,0.0,0.0,0.0,0.0,0.0,51.5,0.0,0.0,0.0,A1AA80,市政中心,,,,2025-07-31T23:00:00+08:00,,,,,,
,22.879521,120.481673,,,,0.0,26.0,0.0,49.0,95.0,261.0,1.0,8.0,49.0,O1P470,旗山(4),,,,2025-07-31T23:00:00+08:00,,,,,,
,23.714206,121.373133,,,,0.0,12.0,0.0,20.5,30.0,30.5,0.0,5.5,20.0,C1T940,大觀,,,,2025-07-31T23:00:00+08:00,,,,,,
,24.554803,121.034747,,,,0.0,0.0,0.0,11.0,11.0,18.0,0.0,0.0,11.0,C1E480,鳳美,,,,2025-07-31T23:00:00+08:00,,,,,,
,25.091251,121.838927,,,,0.0,0.0,0.0,0.0,0.0,9.5,0.0,0.0,0.0,81AI30,大粗坑,,,,2025-07-31T23:00:00+08:00,,,,,,
96.0,24.296465,120.643135,6.3,-99.0,,0.0,1.5,0.0,172.0,217.5,220.5,0.5,0.5,155.5,CAF090,國四E5K,-99.0,24.8,2025-07-31T23:00:00+08:00,2025-07-31T23:00:00+08:00,,-99,-99,陰,130.0,1.8
91.0,23.63353,120.55239,7.4,-99.0,,0.0,68.5,0.0,95.5,190.5,192.5,0.0,38.0,92.5,A2K570,古坑(花卉中心),-99.0,27.3,2025-07-31T23:00:00+08:00,2025-07-31T23:00:00+08:00,,-99,-99,陰,190.0,3.1
,22.675384,120.686784,,,,0.0,134.0,1.0,331.0,674.0,800.0,28.0,54.0,308.0,01Q920,新瑪家,,,,2025-07-31T23:00:00+08:00,,,,,,
,22.876332,120.327203,,,,0.0,12.0,0.0,29.0,34.0,132.0,1.0,1.0,29.0,01P500,阿蓮(2),,,,2025-07-31T23:00:00+08:00,,,,,,
70.0,25.037822,121.564597,,991.7,0.0,0.0,0.0,0.0,0.0,0.0,51.0,0.0,0.0,0.0,C0AC70,信義,,30.7,,2025-07-31T23:00:00+08:00,2025-07-31T23:00:00+08:00,,,,240.0,0.3
,24.461667,120.863889,,,,0.0,2.0,1.5,22.0,36.5,58.5,1.5,1.5,21.0,81E710,開礦國小,,,,2025-07-31T23:00:00+08:00,,,,,,
100.0,21.975177,120.843919,,1000.6,33.5,0.0,1.5,0.0,33.5,49.5,206.0,0.0,0.0,33.5,C0R870,興海,,27.9,,2025-07-31T23:00:00+08:00,2025-07-31T23:00:00+08:00,,,,251.0,2.3
,25.094893,121.56991,,,,0.0,0.0,0.0,0.0,0.0,44.5,0.0,0.0,0.0,A1AG80,金面山,,,,2025-07-31T23:00:00+08:00,,,,,,
86.0,24.681836,121.749344,,998.4,-99.0,0.0,0.0,0.0,0.0,0.0,1.5,0.0,0.0,0.0,C0U940,羅東,,28.4,,2025-07-31T23:00:00+08:00,2025-07-31T23:00:00+08:00,,,,253.0,1.2
,25.03399,121.624705,,,,0.0,0.0,0.0,0.0,0.0,41.5,0.0,0.0,0.0,A1AC50,舊莊里,,,,2025-07-31T23:00:00+08:00,,,,,,
,22.811862,120.398164,,,,0.0,12.0,1.0,24.0,37.0,108.0,1.0,2.0,24.0,01P390,金山,,,,2025-07-31T23:00:00+08:00,,,,,,
,24.985827,121.887489,,,,0.0,5.0,0.0,5.0,5.0,10.0,0.0,0.0,5.0,O1AH30,吉林國小,,,,2025-07-31T23:00:00+08:00,,,,,,
,25.168295,121.528315,,,,0.0,0.0,0.0,0.0,0.0,73.5,0.0,0.0,0.0,A1AD20,竹子湖,,,,2025-07-31T23:00:00+08:00,,,,,,
95.0,23.344331,121.302853,,978.9,23.0,0.0,15.5,0.0,24.0,37.0,37.5,0.0,1.5,23.0,C0Z170,卓溪,,23.7,,2025-07-31T23:00:00+08:00,2025-07-31T23:00:00+08:00,,,,239.0,1.0
-99.0,22.370361,120.628306,,-99.0,-99.0,,,,,,,,,,C0R260,春日,,-99.0,,,2025-07-31T23:00:00+08:00,,,,-99.0,-99.0
95.0,23.660694,121.424964,,987.2,11.5,0.0,4.5,0.0,12.5,20.5,20.5,0.0,2.5,11.5,C0T960,光復,,24.2,,2025-07-31T23:00:00+08:00,2025-07-31T23:00:00+08:00,,,,223.0,0.9
74.0,24.668836,120.885811,8.4,-99.0,,0.0,0.0,0.0,0.5,0.5,11.5,0.0,0.0,0.5,CAE020,國一S114K,-99.0,28.5,2025-07-31T23:00:00+08:00,2025-07-31T23:00:00+08:00,,-99,-99,多雲,190.0,2.7
85.0,24.218294,121.689142,,993.2,10.0,0.0,0.5,0.0,10.0,10.0,13.0,0.0,0.0,10.0,C0Z310,清水斷崖,,25.8,,2025-07-31T23:00:00+08:00,2025-07-31T23:00:00+08:00,,,,334.0,0.4
90.0,23.0757,120.363253,,996.0,16.0,0.5,10.0,1.0,16.5,44.0,85.0,1.5,2.0,16.0,C0X180,山上,,27.4,,2025-07-31T23:00:00+08:00,2025-07-31T23:00:00+08:00,,,,0.0,0.1
,24.588003,120.735306,,,,0.0,0.0,0.0,9.0,9.0,15.0,0.0,0.0,9.0,01E310,南勢山,,,,2025-07-31T23:00:00+08:00,,,,,,
,24.265689,121.001142,,,,1.0,18.5,3.0,115.0,165.5,219.0,3.0,5.0,114.5,C1F891,稍來,,,,2025-07-31T23:00:00+08:00,,,,,,
85.0,23.798783,120.217717,8.4,-99.0,,0.0,0.0,0.0,0.0,0.5,1.5,0.0,0.0,0.0,A0K420,麥寮,-99.0,28.6,2025-07-31T23:00:00+08:00,2025-07-31T23:00:00+08:00,,-99,-99,陰,200.0,4.3
,24.279567,121.02549,,,,0.0,14.0,1.0,82.0,121.0,184.0,1.0,2.0,82.0,01F350,雪嶺,,,,2025-07-31T23:00:00+08:00,,,,,,
,24.680903,121.748775,,,,0.0,0.0,0.0,0.0,0.0,1.0,0.0,0.0,0.0,01U190,新北城,,,,2025-07-31T23:00:00+08:00,,,,,,
85.0,25.144756,121.791672,,999.8,0.0,0.0,0.0,0.0,0.0,0.0,10.5,0.0,0.0,0.0,C0B050,八斗子,,28.2,,2025-07-31T23:00:00+08:00,2025-07-31T23:00:00+08:00,,,,133.0,2.1
,24.858889,121.36,,,,0.0,0.0,0.0,0.0,0.0,32.5,0.0,0.0,0.0,81AI00,五寮國小,,,,2025-07-31T23:00:00+08:00,,,,,,
100.0,22.954453,121.229922,,955.8,24.0,1.0,8.5,1.5,25.0,64.0,65.5,2.5,3.5,24.0,C0S950,七塊厝,,23.0,,2025-07-31T23:00:00+08:00,2025-07-31T23:00:00+08:00,,,,217.0,0.5
93.0,23.737456,120.417944,,999.5,9.5,0.0,0.5,0.0,9.5,61.5,78.0,0.0,0.0,9.5,C0K580,高鐵雲林,,27.3,,2025-07-31T23:00:00+08:00,2025-07-31T23:00:00+08:00,,,,179.0,1.8
100.0,23.208717,121.262342,,976.5,24.5,0.0,17.0,0.5,25.5,49.5,50.0,1.5,4.0,24.5,C0Z020,明里,,23.6,,2025-07-31T23:00:00+08:00,2025-07-31T23:00:00+08:00,,,,0.0,0.0
,23.816114,120.5676,,,,0.0,91.5,0.0,146.0,210.0,210.0,6.5,36.5,146.0,C1G691,下水埔,,,,2025-07-31T23:00:00+08:00,,,,,,
80.0,23.845606,121.592664,,997.8,9.0,0.0,0.0,0.0,9.0,11.5,13.0,0.0,0.0,9.0,C0TA30,鹽寮,,26.9,,2025-07-31T23:00:00+08:00,2025-07-31T23:00:00+08:00,,,,227.0,1.9
,25.054444,121.696389,,,,0.0,0.0,0.0,0.0,0.0,31.0,0.0,0.0,0.0,81AJ20,東山,,,,2025-07-31T23:00:00+08:00,,,,,,
,24.333611,120.920278,,,,0.5,28.0,2.0,109.5,138.0,182.5,2.0,4.5,102.0,81F910,達觀國小,,,,2025-07-31T23:00:00+08:00,,,,,,
,23.15025,121.382333,,,,0.0,12.0,0.0,20.0,38.5,40.0,0.0,2.0,19.0,C1S870,南美山,,,,2025-07-31T23:00:00+08:00,,,,,,
,23.247932,120.985899,,,,0.0,37.0,0.0,112.0,230.0,240.0,0.0,3.0,102.0,01S470,向陽(2),,,,2025-07-31T23:00:00+08:00,,,,,,
77.0,24.524506,120.820831,10.5,-99.0,,0.0,0.0,0.0,30.5,32.5,37.0,0.0,0.0,25.5,CAE040,國一S132K,-99.0,27.3,2025-07-31T23:00:00+08:00,2025-07-31T23:00:00+08:00,,-99,7-10,多雲,210.0,2.4
,25.064361,121.383836,,,,0.0,0.0,0.0,0.0,0.0,48.5,0.0,0.0,0.0,C1AI60,國一39K,,,,2025-07-31T23:00:00+08:00,,,,,,
86.0,22.623325,120.275575,,1000.0,2.5,0.0,0.0,0.0,2.5,8.0,91.5,0.0,0.0,2.5,C0V690,鼓山,,28.5,,2025-07-31T23:00:00+08:00,2025-07-31T23:00:00+08:00,,,,221.0,4.5
95.0,23.290728,121.348528,,947.6,29.0,0.0,17.5,0.0,31.0,42.0,42.0,0.0,3.5,29.0,C0Z330,安通山,,22.8,,2025-07-31T23:00:00+08:00,2025-07-31T23:00:00+08:00,,,,252.0,0.7
,24.071242,120.820419,,,,0.0,44.0,0.0,415.0,618.5,639.5,7.5,23.0,362.0,C1F9J1,清水林,,,,2025-07-31T23:00:00+08:00,,,,,,
99.0,24.669039,121.832561,0.0,-99.0,,0.0,0.0,0.0,0.0,0.0,0.0,0.0,0.0,0.0,B2U990,宜蘭畜試,-99.0,27.1,2025-07-31T23:00:00+08:00,2025-07-31T23:00:00+08:00,,-99,-99,多雲,-99.0,-99.0
88.0,23.735269,121.420131,,936.2,19.0,0.0,9.0,0.0,20.0,28.0,28.0,0.0,4.5,19.0,C0T9G0,鳳林山,,24.1,,2025-07-31T23:00:00+08:00,2025-07-31T23:00:00+08:00,,,,0.0,0.2
97.0,22.907694,121.130139,4.2,-99.0,,0.0,7.0,0.0,27.5,92.0,99.0,2.5,4.0,25.5,82S580,臺東茶改,-99.0,24.0,2025-07-31T23:00:00+08:00,2025-07-31T23:00:00+08:00,,-99,-99,陰,50.0,1.4
94.0,24.5362,121.1108,,852.0,5.0,0.0,0.0,0.0,5.0,5.0,8.0,0.0,0.0,5.0,C0D760,大坪苗圃,,19.6,,2025-07-31T23:00:00+08:00,2025-07-31T23:00:00+08:00,,,,239.0,1.1
94.0,23.056758,120.408522,,995.9,-99.0,0.0,10.0,0.0,12.5,51.0,125.5,0.0,6.5,12.5,C0X200,左鎮,,27.8,,2025-07-31T23:00:00+08:00,2025-07-31T23:00:00+08:00,,,,155.0,1.6
,23.561737,120.922408,,,,0.0,38.5,0.5,130.0,225.0,238.0,2.5,8.5,102.0,81HB40,東埔吊橋,,,,2025-07-31T23:00:00+08:00,,,,,,
92.0,23.189481,120.335297,5.0,-99.0,,0.0,4.5,0.0,8.0,41.5,99.5,0.0,0.0,8.0,C2N160,西拉雅風管處,-99.0,27.4,2025-07-31T23:00:00+08:00,2025-07-31T23:00:00+08:00,,-99,-99,陰,140.0,2.6
,24.367306,120.901656,,,,0.0,23.5,1.0,76.0,101.5,165.5,1.0,2.0,70.5,C1E711,馬拉邦山,,,,2025-07-31T23:00:00+08:00,,,,,,
92.0,23.0835,120.251897,6.0,-99.0,,0.0,3.0,0.0,3.0,26.0,57.5,0.0,0.0,3.0,CAN150,國一N315K,-99.0,28.2,2025-07-31T23:00:00+08:00,2025-07-31T23:00:00+08:00,,-99,21-30,陰,190.0,3.7
,25.063288,121.633793,,,,0.0,0.0,0.0,0.0,0.0,36.0,0.0,0.0,0.0,01AG00,社后橋,,,,2025-07-31T23:00:00+08:00,,,,,,
-99.0,24.018658,120.847072,1.7,-99.0,,0.0,55.0,0.0,374.5,525.5,-99.0,2.5,18.0,352.0,C2H9F0,柑林,-99.0,23.3,2025-07-31T23:00:00+08:00,2025-07-31T23:00:00+08:00,,-99,-99,陰,200.0,0.4
88.0,23.313644,121.459994,,994.9,16.0,0.0,6.5,0.0,17.5,18.5,18.5,0.0,1.0,16.0,C0SB80,長濱漁港,,26.2,,2025-07-31T23:00:00+08:00,2025-07-31T23:00:00+08:00,,,,356.0,3.0
,24.631479,121.117585,,,,0.0,0.0,0.0,0.0,0.0,14.0,0.0,0.0,0.0,81D600,五峰國小,,,,2025-07-31T23:00:00+08:00,,,,,,
,23.509597,120.79,,,,1.5,134.0,7.5,259.5,678.0,720.5,20.0,28.0,235.5,F1M710,二萬坪,,,,2025-07-31T23:00:00+08:00,,,,,,
88.0,23.234405,120.096125,,1000.0,0.0,0.0,0.0,0.0,0.0,0.5,2.5,0.0,0.0,0.0,C0N040,蘆竹溝,,28.6,,2025-07-31T23:00:00+08:00,2025-07-31T23:00:00+08:00,,,,220.0,6.7
92.0,24.8284,121.40888,,905.4,0.0,0.0,0.0,0.0,0.0,0.0,17.0,0.0,0.0,0.0,C0C790,東眼山,,22.2,,2025-07-31T23:00:00+08:00,2025-07-31T23:00:00+08:00,,,,92.0,0.6
77.0,24.783583,120.914989,,998.7,0.0,0.0,0.0,0.0,0.0,0.0,29.0,0.0,0.0,0.0,C0D680,香山濕地,,28.6,,2025-07-31T23:00:00+08:00,2025-07-31T23:00:00+08:00,,,,208.0,8.5
82.0,24.686306,121.716583,2.4,-99.0,,0.0,0.0,0.0,0.0,0.0,1.5,0.0,0.0,0.0,72U480,蘭陽分場,-99.0,28.2,2025-07-31T23:00:00+08:00,2025-07-31T23:00:00+08:00,,-99,-99,多雲,260.0,1.0
89.0,24.375492,120.749184,3.1,-99.0,,0.0,1.0,0.0,83.0,114.5,115.0,0.5,0.5,81.5,CAE050,國一S152K,-99.0,24.3,2025-07-31T23:00:00+08:00,2025-07-31T23:00:00+08:00,,-99,>30,陰,170.0,0.8
,23.870853,121.508081,,,,0.0,1.0,0.0,11.5,17.0,18.0,0.0,0.5,11.5,C1Z120,壽豐,,,,2025-07-31T23:00:00+08:00,,,,,,
89.0,23.120802,120.079676,10.3,-99.0,,0.0,2.5,0.0,2.5,8.5,13.5,0.0,0.0,2.5,CAN130,水試所海水繁養殖中心,-99.0,28.6,2025-07-31T23:00:00+08:00,2025-07-31T23:00:00+08:00,,-99,-99,陰,210.0,6.8
85.0,24.345061,120.588025,,997.0,64.0,0.0,0.0,0.0,68.0,108.0,109.0,0.0,0.0,64.0,C0F9K0,大安,,26.7,,2025-07-31T23:00:00+08:00,2025-07-31T23:00:00+08:00,,,,174.0,4.3
100.0,23.82137,120.72293,3.9,-99.0,,0.0,156.5,0.0,338.0,580.5,580.5,42.5,50.0,319.5,CAHA00,消防署訓練中心,-99.0,23.7,2025-07-31T23:00:00+08:00,2025-07-31T23:00:00+08:00,,-99,-99,陰,0.0,0.1
81.0,23.214972,120.135761,,1000.2,0.0,0.0,0.0,0.0,0.0,0.5,2.0,0.0,0.0,0.0,C0X280,將軍,,28.5,,2025-07-31T23:00:00+08:00,2025-07-31T23:00:00+08:00,,,,189.0,5.8
96.0,24.757275,121.184792,1.7,-99.0,,0.0,0.0,0.0,0.0,0.0,20.0,0.0,0.0,0.0,C2D720,關西工作站,-99.0,25.3,2025-07-31T23:00:00+08:00,2025-07-31T23:00:00+08:00,,-99,-99,晴,270.0,0.5
78.0,24.950944,121.030583,10.0,-99.0,,0.0,0.0,0.0,0.0,0.0,44.0,0.0,0.0,0.0,72C440,桃園農改,-99.0,28.7,2025-07-31T23:00:00+08:00,2025-07-31T23:00:00+08:00,,-99,-99,晴,220.0,2.7
,24.663333,121.397222,,,,0.0,0.0,0.0,0.0,0.5,4.0,0.0,0.0,0.0,81C790,華陵,,,,2025-07-31T23:00:00+08:00,,,,,,
99.0,23.587642,121.378225,,967.5,12.0,0.0,5.0,0.0,13.5,25.5,26.0,0.0,1.5,12.0,C0Z080,富源,,23.4,,2025-07-31T23:00:00+08:00,2025-07-31T23:00:00+08:00,,,,193.0,0.3
87.0,25.00235,121.575728,,994.6,0.0,0.0,0.0,0.0,0.0,0.0,42.5,0.0,0.0,0.0,C0AC80,文山,,28.7,,2025-07-31T23:00:00+08:00,2025-07-31T23:00:00+08:00,,,,0.0,0.0
,22.748999,120.728297,,,,0.0,104.0,1.0,248.0,522.0,647.0,19.0,59.0,239.0,O1S690,神山,,,,2025-07-31T23:00:00+08:00,,,,,,
93.0,23.485028,120.473806,4.5,-99.0,,0.0,59.0,0.0,70.0,172.5,267.0,0.0,29.5,70.0,G2L020,嘉義農試,-99.0,26.3,2025-07-31T23:00:00+08:00,2025-07-31T23:00:00+08:00,,-99,-99,陰,170.0,1.8
95.0,24.200172,120.815806,,943.4,296.0,0.0,24.0,0.0,312.5,402.5,612.5,2.5,9.5,296.0,C0F9V0,新社,,23.5,,2025-07-31T23:00:00+08:00,2025-07-31T23:00:00+08:00,,,,177.0,2.9
,22.997838,120.633563,,,,0.0,108.0,1.0,252.0,540.0,701.0,12.0,48.0,245.0,01V040,六龜(4),,,,2025-07-31T23:00:00+08:00,,,,,,
100.0,23.763919,120.788061,1.2,-99.0,,0.0,104.5,0.0,274.0,645.5,661.0,13.0,13.5,229.5,C2H9U0,鳳鵬,-99.0,22.9,2025-07-31T23:00:00+08:00,2025-07-31T23:00:00+08:00,,-99,-99,陰,180.0,0.3
,25.134398,121.476914,,,,0.0,0.0,0.0,0.0,0.0,76.0,0.0,0.0,0.0,A1A9U0,桃源國中,,,,2025-07-31T23:00:00+08:00,,,,,,
100.0,23.14841,120.63325,,956.1,196.0,0.0,93.5,1.5,203.5,520.0,646.0,4.0,40.0,196.0,C0V820,小林,,24.3,,2025-07-31T23:00:00+08:00,2025-07-31T23:00:00+08:00,,,,5.0,0.7
62.0,24.241394,121.712472,,997.2,10.0,0.0,0.5,0.0,10.0,10.0,13.5,0.0,0.0,10.0,C0TA50,和仁,,29.9,,2025-07-31T23:00:00+08:00,2025-07-31T23:00:00+08:00,,,,310.0,2.9
,22.964938,120.359823,,,,0.0,6.0,0.0,8.0,14.0,59.0,4.0,4.0,8.0,01N860,崎頂,,,,2025-07-31T23:00:00+08:00,,,,,,
87.0,23.076694,120.144861,3.7,-99.0,,0.0,0.5,0.0,1.0,32.5,41.0,0.0,0.0,1.0,C2O950,安南,-99.0,28.6,2025-07-31T23:00:00+08:00,2025-07-31T23:00:00+08:00,,-99,-99,陰,250.0,1.1
100.0,22.833111,120.683889,,895.6,295.5,0.0,123.0,0.0,301.0,777.0,1000.0,12.0,81.5,295.5,C0R100,尾寮山,,21.7,,2025-07-31T23:00:00+08:00,2025-07-31T23:00:00+08:00,,,,202.0,1.8
,23.563333,120.868728,,,,3.0,50.0,3.5,194.5,344.5,377.0,7.5,11.5,163.5,C1I340,新興橋,,,,2025-07-31T23:00:00+08:00,,,,,,
,25.021931,121.516401,,,,0.0,0.0,0.0,0.0,0.0,53.0,0.0,0.0,0.0,01A410,中正橋,,,,2025-07-31T23:00:00+08:00,,,,,,
79.0,25.027072,121.153317,,992.3,0.0,0.0,0.0,0.0,0.0,0.0,39.5,0.0,0.0,0.0,C0C590,觀音,,27.9,,2025-07-31T23:00:00+08:00,2025-07-31T23:00:00+08:00,,,,209.0,2.0
88.0,22.783806,120.246361,,1002.5,9.0,0.0,1.5,0.5,9.0,14.0,70.5,0.5,0.5,9.0,C0V650,彌陀,,28.0,,2025-07-31T23:00:00+08:00,2025-07-31T23:00:00+08:00,,,,237.0,2.6
,24.766464,121.119178,,,,0.0,0.0,0.0,0.0,0.0,21.0,0.0,0.0,0.0,C1D630,飛鳳山,,,,2025-07-31T23:00:00+08:00,,,,,,
,25.034164,121.619664,,,,0.0,0.0,0.0,0.0,0.0,39.5,0.0,0.0,0.0,C1AI50,國三N016K,,,,2025-07-31T23:00:00+08:00,,,,,,
93.0,24.423753,118.240186,,994.8,0.0,0.0,0.0,0.0,0.0,2.0,3.0,0.0,0.0,0.0,C0W240,九宮,,27.6,,2025-07-31T23:00:00+08:00,2025-07-31T23:00:00+08:00,,,,210.0,3.7
,23.826281,120.774892,,,,0.0,127.0,0.0,364.0,712.0,712.0,19.0,19.0,339.0,00H710,集集(2),,,,2025-07-31T23:00:00+08:00,,,,,,
,23.291597,120.463822,,,,0.0,68.5,0.0,86.5,149.5,232.0,0.0,4.5,84.0,C1X040,東原,,,,2025-07-31T23:00:00+08:00,,,,,,
,23.525556,121.376111,,,,0.0,7.5,0.0,15.5,25.5,25.5,0.0,2.0,14.5,81T890,瑞北國小,,,,2025-07-31T23:00:00+08:00,,,,,,
92.0,22.024403,120.839892,,995.9,59.5,0.0,23.5,0.0,59.5,90.0,266.0,0.0,16.0,59.5,C0R780,滿州,,27.3,,2025-07-31T23:00:00+08:00,2025-07-31T23:00:00+08:00,,,,242.0,3.8
,22.990682,120.509017,,,,0.0,39.0,0.0,86.0,153.0,337.0,1.0,13.0,84.0,O1V810,溝坪,,,,2025-07-31T23:00:00+08:00,,,,,,
97.0,23.901669,120.509389,,996.2,49.5,0.0,35.5,0.0,49.5,113.5,113.5,1.0,1.5,49.5,C0G820,田尾,,26.8,,2025-07-31T23:00:00+08:00,2025-07-31T23:00:00+08:00,,,,155.0,1.2
84.0,24.082025,121.608944,,995.8,12.0,0.0,0.0,0.0,12.0,12.0,14.0,0.0,0.0,12.0,C0TA20,加灣,,25.2,,2025-07-31T23:00:00+08:00,2025-07-31T23:00:00+08:00,,,,299.0,0.8
,23.577934,120.301903,,,,0.0,0.0,0.0,2.0,11.0,53.0,0.0,0.0,2.0,O1J810,北港(2),,,,2025-07-31T23:00:00+08:00,,,,,,
,24.329422,121.739594,,,,0.0,0.0,0.0,11.0,11.0,11.0,0.0,0.0,11.0,01U230,大濁水,,,,2025-07-31T23:00:00+08:00,,,,,,
97.0,22.693128,120.542622,,996.7,-99.0,0.0,27.0,0.0,53.0,107.5,188.5,0.0,7.0,47.5,C0R480,長治,,28.1,,2025-07-31T23:00:00+08:00,2025-07-31T23:00:00+08:00,,,,167.0,0.8
,23.263333,121.303056,,,,0.0,20.0,0.0,27.0,47.5,50.5,0.5,5.0,25.5,81T910,東里國中,,,,2025-07-31T23:00:00+08:00,,,,,,
93.0,23.881975,120.289544,,999.0,-99.0,1.5,3.0,1.5,3.5,11.5,18.0,1.5,1.5,3.5,C0G970,三豐,,27.6,,2025-07-31T23:00:00+08:00,2025-07-31T23:00:00+08:00,,,,159.0,6.2
88.0,24.449347,121.810219,,999.1,3.0,0.0,0.5,0.0,3.0,3.0,3.0,0.0,0.0,3.0,C0U770,南澳,,26.8,,2025-07-31T23:00:00+08:00,2025-07-31T23:00:00+08:00,,,,326.0,2.8
93.0,23.551742,120.428444,,998.1,26.0,0.0,19.0,0.0,26.0,86.0,161.5,0.0,12.5,26.0,C0M760,民雄,,27.6,,2025-07-31T23:00:00+08:00,2025-07-31T23:00:00+08:00,,,,197.0,2.1
98.0,22.684872,121.005644,,945.2,23.0,0.0,5.0,0.0,34.0,90.0,101.5,1.0,3.5,23.0,C0S700,知本,,23.3,,2025-07-31T23:00:00+08:00,2025-07-31T23:00:00+08:00,,,,177.0,0.8
96.0,23.690928,120.303619,,999.5,2.0,0.0,0.0,0.0,2.0,31.5,57.5,0.0,0.0,2.0,C0K430,褒忠,,27.8,,2025-07-31T23:00:00+08:00,2025-07-31T23:00:00+08:00,,,,69.0,4.0
93.0,23.419719,120.388894,,998.0,19.0,0.0,18.5,0.0,19.0,57.0,144.0,1.0,15.5,19.0,C0M690,水上,,27.4,,2025-07-31T23:00:00+08:00,2025-07-31T23:00:00+08:00,,,,300.0,1.1
100.0,23.884447,120.766406,0.6,-99.0,,0.0,154.5,0.0,309.5,625.0,625.0,27.0,38.5,294.5,C2H950,中寮,-99.0,23.6,2025-07-31T23:00:00+08:00,2025-07-31T23:00:00+08:00,,-99,-99,陰,0.0,0.0
91.0,23.975128,121.613275,6.9,997.7,,0.0,0.5,0.0,8.0,8.5,15.0,0.0,0.5,8.0,466990,花蓮,0.2,25.8,2025-07-31T23:00:00+08:00,2025-07-31T23:00:00+08:00,,0,>30,多雲,240.0,2.2
94.0,23.347467,120.414428,,996.8,32.5,0.0,5.5,0.0,36.5,59.5,138.0,0.0,3.0,32.5,C0X210,白河,,27.3,,2025-07-31T23:00:00+08:00,2025-07-31T23:00:00+08:00,,,,174.0,2.6
82.0,24.951533,121.346294,,991.0,-99.0,0.0,0.0,0.0,0.0,0.0,52.0,0.0,0.0,0.0,C0AD50,鶯歌,,30.6,,2025-07-31T23:00:00+08:00,2025-07-31T23:00:00+08:00,,,,0.0,0.1
,22.766264,121.024368,,,,0.0,11.0,0.0,60.0,202.0,212.0,4.0,7.0,50.0,01S560,南鵝,,,,2025-07-31T23:00:00+08:00,,,,,,
77.0,25.07639,121.4964,3.4,-99.0,,0.0,0.0,0.0,0.0,0.0,55.0,0.0,0.0,0.0,CAA020,國一S026K,-99.0,30.5,2025-07-31T23:00:00+08:00,2025-07-31T23:00:00+08:00,,-99,7-10,晴,350.0,0.9
89.0,25.162078,121.544547,1.4,934.6,,0.0,0.0,0.0,0.0,0.0,62.5,0.0,0.0,0.0,466930,陽明山,1.0,24.0,2025-07-31T23:00:00+08:00,2025-07-31T23:00:00+08:00,,0,-99,晴,50.0,0.5
88.0,23.678725,120.478347,,994.8,28.0,0.0,13.0,0.0,28.5,94.0,112.5,0.0,9.0,28.0,C0K460,斗南,,27.8,,2025-07-31T23:00:00+08:00,2025-07-31T23:00:00+08:00,,,,205.0,4.7
85.0,22.674911,120.284911,,997.8,3.0,0.0,1.5,0.0,3.0,5.0,83.5,0.0,1.0,3.0,C0V810,左營,,28.2,,2025-07-31T23:00:00+08:00,2025-07-31T23:00:00+08:00,,,,244.0,2.3
,23.755254,120.612491,,,,0.0,61.0,1.0,134.0,241.0,241.0,9.0,19.0,132.0,01J930,林內(1),,,,2025-07-31T23:00:00+08:00,,,,,,
95.0,23.746114,121.453411,,987.4,15.0,0.0,4.5,0.0,15.0,21.0,23.0,0.0,3.0,15.0,C0Z160,鳳林,,24.2,,2025-07-31T23:00:00+08:00,2025-07-31T23:00:00+08:00,,,,201.0,1.7
94.0,23.843536,120.293236,8.1,-99.0,,0.0,1.0,0.0,1.0,16.0,26.0,0.0,1.0,1.0,CAG090,西濱N210K,-99.0,27.7,2025-07-31T23:00:00+08:00,2025-07-31T23:00:00+08:00,,-99,11-15,陰,190.0,5.5
,25.072195,121.528909,,,,0.0,0.0,0.0,0.0,0.0,61.5,0.0,0.0,0.0,A1AB50,建國,,,,2025-07-31T23:00:00+08:00,,,,,,
,25.089894,121.55131,,,,0.0,0.0,0.0,0.0,0.0,61.5,0.0,0.0,0.0,A1AD50,劍南路,,,,2025-07-31T23:00:00+08:00,,,,,,
,25.00865,121.638017,,,,0.0,0.0,0.0,0.0,0.0,40.0,0.0,0.0,0.0,C1A750,石碇服務區,,,,2025-07-31T23:00:00+08:00,,,,,,
90.0,26.220358,119.974881,,994.0,0.0,0.0,0.0,0.0,0.0,0.0,0.5,0.0,0.0,0.0,C0W220,北竿,,28.7,,2025-07-31T23:00:00+08:00,2025-07-31T23:00:00+08:00,,,,186.0,6.8
91.0,23.679019,120.395561,,998.8,10.5,0.0,0.0,0.0,10.5,45.0,82.5,0.0,0.0,10.5,C0K390,土庫,,27.8,,2025-07-31T23:00:00+08:00,2025-07-31T23:00:00+08:00,,,,182.0,3.1
91.0,22.646653,120.356122,,1000.7,4.5,0.0,1.0,1.0,5.0,15.5,117.0,1.0,1.0,4.5,C0V440,鳳山,,27.8,,2025-07-31T23:00:00+08:00,2025-07-31T23:00:00+08:00,,,,183.0,0.4
100.0,24.103556,120.751061,2.7,-99.0,,0.0,122.0,0.0,442.0,636.0,636.0,16.5,50.5,385.5,C2F9A0,中竹林,-99.0,23.1,2025-07-31T23:00:00+08:00,2025-07-31T23:00:00+08:00,,-99,-99,陰,340.0,0.6
72.0,24.912375,121.143047,,981.4,0.0,0.0,0.0,0.0,0.0,0.0,39.0,0.0,0.0,0.0,C0C660,楊梅,,28.5,,2025-07-31T23:00:00+08:00,2025-07-31T23:00:00+08:00,,,,191.0,0.9
94.0,25.03306,121.6158,1.8,-99.0,,0.0,0.0,0.0,0.0,0.0,40.0,0.0,0.0,0.0,CAA040,國三S016K,-99.0,26.8,2025-07-31T23:00:00+08:00,2025-07-31T23:00:00+08:00,,-99,-99,晴,190.0,1.1
91.0,23.336427,120.138033,,999.9,1.5,0.0,0.0,0.0,1.5,3.0,3.5,0.0,0.0,1.5,C0M880,好美里,,28.5,,2025-07-31T23:00:00+08:00,2025-07-31T23:00:00+08:00,,,,186.0,4.7
,23.574615,120.746747,,,,0.0,143.0,4.0,337.0,776.0,810.0,19.0,32.0,272.0,O1M640,豐山,,,,2025-07-31T23:00:00+08:00,,,,,,
78.0,24.59594,120.86071,7.4,-99.0,,0.0,0.0,0.0,9.0,9.0,12.0,0.0,0.0,3.0,CAE030,國一S123K,-99.0,27.2,2025-07-31T23:00:00+08:00,2025-07-31T23:00:00+08:00,,-99,-99,多雲,260.0,1.0
,23.691944,121.549444,,,,0.0,0.0,0.0,0.0,0.5,1.5,0.0,0.0,0.0,81T990,高山部落,,,,2025-07-31T23:00:00+08:00,,,,,,
,23.295556,121.266944,,,,0.0,19.0,0.0,26.0,42.0,42.0,0.0,3.0,25.0,01T220,卓麓(4),,,,2025-07-31T23:00:00+08:00,,,,,,
,25.016894,121.554305,,,,0.0,0.0,0.0,0.0,0.0,42.5,0.0,0.0,0.0,A1AG60,福州山,,,,2025-07-31T23:00:00+08:00,,,,,,
,24.489017,120.968036,,,,0.0,0.0,0.0,4.5,10.5,22.5,0.0,0.0,4.5,C1E721,泰安,,,,2025-07-31T23:00:00+08:00,,,,,,
69.0,24.583486,120.885411,,992.5,-99.0,0.0,0.0,0.0,8.5,8.5,10.5,0.0,0.0,5.0,C0E550,明德,,28.7,,2025-07-31T23:00:00+08:00,2025-07-31T23:00:00+08:00,,,,265.0,1.7
,24.838333,121.526111,,,,0.0,8.5,0.0,8.5,8.5,19.0,0.0,0.0,8.5,81AH90,信賢派出所,,,,2025-07-31T23:00:00+08:00,,,,,,
,24.236389,120.88,,,,0.0,20.5,1.5,241.0,309.0,437.0,4.0,8.0,234.0,81F880,中坑國小,,,,2025-07-31T23:00:00+08:00,,,,,,
,24.356087,120.729316,,,,0.0,2.0,0.0,103.5,134.5,137.5,0.0,0.5,101.5,81E880,火炎山,,,,2025-07-31T23:00:00+08:00,,,,,,
100.0,24.093078,120.861578,1.5,-99.0,,0.0,30.5,0.5,340.0,531.0,684.5,4.0,15.0,309.0,C2H9D0,三隻寮,-99.0,21.5,2025-07-31T23:00:00+08:00,2025-07-31T23:00:00+08:00,,-99,-99,陰,290.0,0.8
,25.032491,121.611605,,,,0.0,0.0,0.0,0.0,0.0,44.5,0.0,0.0,0.0,A1AC60,九如里,,,,2025-07-31T23:00:00+08:00,,,,,,
,24.1605,120.831961,,,,0.0,26.5,0.5,301.0,439.5,552.5,3.5,12.0,282.5,C1F9E1,龍安,,,,2025-07-31T23:00:00+08:00,,,,,,
-99.0,24.273503,120.947617,2.6,-99.0,,0.0,57.0,2.0,126.5,205.5,461.5,2.0,2.0,120.0,C2FA00,烏石坑,-99.0,20.3,2025-07-31T23:00:00+08:00,2025-07-31T23:00:00+08:00,,-99,-99,陰,100.0,1.0
80.0,24.87667,121.0467,7.5,-99.0,,0.0,0.0,0.0,0.0,0.5,24.0,0.0,0.0,0.0,CAD030,國一S082K,-99.0,28.2,2025-07-31T23:00:00+08:00,2025-07-31T23:00:00+08:00,,-99,-99,晴,210.0,2.1
,25.010105,121.387637,,,,0.0,0.0,0.0,0.0,0.0,52.0,0.0,0.0,0.0,01C570,龍壽社區,,,,2025-07-31T23:00:00+08:00,,,,,,
99.0,23.875611,120.913583,0.0,-99.0,,0.0,71.5,0.0,255.5,565.5,594.0,2.0,14.5,245.5,82H320,魚池茶改,-99.0,20.3,2025-07-31T23:00:00+08:00,2025-07-31T23:00:00+08:00,,-99,-99,陰,0.0,0.0
90.0,22.709889,120.639944,,990.6,-99.0,,,,,,,,,,C0R150,三地門,,26.5,,,2025-07-31T23:00:00+08:00,,,,64.0,0.4
,23.463619,120.954147,,,,1.0,64.5,2.0,144.0,281.0,322.5,12.5,19.5,135.0,C1V170,排雲,,,,2025-07-31T23:00:00+08:00,,,,,,
82.0,24.939025,121.369728,,995.3,-99.0,0.0,0.0,0.0,0.0,0.0,37.5,0.0,0.0,0.0,C0AC60,三峽,,29.8,,2025-07-31T23:00:00+08:00,2025-07-31T23:00:00+08:00,,,,0.0,0.1
90.0,23.125608,120.203108,,1000.6,1.5,0.0,1.5,0.0,1.5,38.0,46.5,0.0,0.0,1.5,C0X140,西港,,29.3,,2025-07-31T23:00:00+08:00,2025-07-31T23:00:00+08:00,,,,216.0,1.9
95.0,23.634556,120.477333,5.2,-99.0,,0.0,31.0,0.0,53.5,103.0,136.0,0.0,22.5,53.0,72K220,雲林分場,-99.0,26.7,2025-07-31T23:00:00+08:00,2025-07-31T23:00:00+08:00,,-99,-99,陰,190.0,2.1
91.0,23.35893,120.18026,4.9,-99.0,,0.0,0.5,0.0,1.5,3.5,6.0,0.0,0.0,1.5,CAL110,布袋國中,-99.0,28.3,2025-07-31T23:00:00+08:00,2025-07-31T23:00:00+08:00,,-99,-99,陰,130.0,1.4
92.0,24.49773,121.568625,,794.5,5.5,0.0,0.0,0.0,5.5,5.5,6.0,0.0,0.0,5.5,C0UB80,翠峰林道6K,,16.1,,2025-07-31T23:00:00+08:00,2025-07-31T23:00:00+08:00,,,,0.0,0.2
,24.572873,121.49644,,,,0.0,0.0,0.0,0.0,0.0,0.0,0.0,0.0,0.0,01U050,土場(1),,,,2025-07-31T23:00:00+08:00,,,,,,
,24.825,121.288611,,,,0.0,0.0,0.0,0.0,0.0,29.0,0.0,0.0,0.0,81C700,大艽芎古道,,,,2025-07-31T23:00:00+08:00,,,,,,
,23.630394,120.615417,,,,0.0,98.0,0.0,139.0,305.0,305.0,9.0,44.0,133.0,01J960,大埔,,,,2025-07-31T23:00:00+08:00,,,,,,
,24.497089,121.842481,,,,0.0,0.0,0.0,1.0,1.0,1.0,0.0,0.0,1.0,C1U930,粉鳥林,,,,2025-07-31T23:00:00+08:00,,,,,,
95.0,22.202308,120.705236,,996.0,125.5,0.0,17.0,0.5,125.5,184.5,326.5,0.5,13.0,125.5,C0R741,獅子,,27.5,,2025-07-31T23:00:00+08:00,2025-07-31T23:00:00+08:00,,,,296.0,4.2
86.0,24.312558,120.824361,,961.3,-99.0,0.0,136.0,0.5,175.5,242.0,300.0,9.5,19.0,170.5,C0E791,卓蘭,,25.7,,2025-07-31T23:00:00+08:00,2025-07-31T23:00:00+08:00,,,,195.0,2.5
78.0,22.35572,120.90374,8.2,999.4,,0.0,39.5,0.0,105.5,249.5,273.5,3.0,37.0,103.5,467540,大武,0.0,28.4,2025-07-31T23:00:00+08:00,2025-07-31T23:00:00+08:00,,-99,-99,陰,190.0,3.0
73.0,24.967652,121.185165,7.8,-99.0,,0.0,0.0,0.0,0.0,0.0,81.5,0.0,0.0,0.0,C2C410,中央大學,-99.0,28.8,2025-07-31T23:00:00+08:00,2025-07-31T23:00:00+08:00,,-99,-99,晴,220.0,3.4
96.0,23.709219,121.420106,,984.5,17.0,0.0,8.0,0.0,17.5,26.5,26.5,0.0,4.5,17.0,C0Z200,萬榮,,24.4,,2025-07-31T23:00:00+08:00,2025-07-31T23:00:00+08:00,,,,0.0,0.0
100.0,23.119628,121.209469,,969.3,21.0,0.0,14.5,0.0,21.5,47.0,48.0,3.0,4.5,21.0,C0S740,池上,,23.3,,2025-07-31T23:00:00+08:00,2025-07-31T23:00:00+08:00,,,,0.0,0.0
,24.631502,121.408182,,,,0.0,0.5,0.0,0.5,0.5,3.0,0.0,0.0,0.5,21C090,嘎拉賀,,,,2025-07-31T23:00:00+08:00,,,,,,
,24.970278,121.926111,,,,0.0,0.0,0.0,0.0,0.0,4.5,0.0,0.0,0.0,81U890,大里國小,,,,2025-07-31T23:00:00+08:00,,,,,,
92.0,22.514781,120.506914,,999.5,12.5,0.0,5.0,0.0,12.5,86.5,159.0,4.5,4.5,12.5,C0R520,崁頂,,28.3,,2025-07-31T23:00:00+08:00,2025-07-31T23:00:00+08:00,,,,177.0,0.9
100.0,22.520969,120.89185,,948.7,42.0,0.0,21.0,0.0,42.0,289.0,326.0,5.5,10.5,42.0,C0SA00,歷坵,,22.8,,2025-07-31T23:00:00+08:00,2025-07-31T23:00:00+08:00,,,,298.0,1.2
,23.173338,120.595163,,,,0.0,117.0,0.0,281.0,602.0,748.0,1.0,19.0,264.0,01O760,關山,,,,2025-07-31T23:00:00+08:00,,,,,,
78.0,25.006725,121.047492,10.3,997.8,,0.0,0.0,0.0,0.0,0.0,31.5,0.0,0.0,0.0,467050,新屋,9.9,28.9,2025-07-31T23:00:00+08:00,2025-07-31T23:00:00+08:00,,0,>30,晴,220.0,4.7
94.0,22.804194,120.355528,,995.3,-99.0,0.0,7.0,0.0,21.5,30.5,100.5,0.5,4.5,21.5,C0V400,阿公店,,28.4,,2025-07-31T23:00:00+08:00,2025-07-31T23:00:00+08:00,,,,190.0,1.8
72.0,22.567419,120.959667,,908.1,23.5,0.0,11.0,0.0,25.0,144.0,165.5,3.0,6.0,23.5,C0SA20,金崙山,,24.9,,2025-07-31T23:00:00+08:00,2025-07-31T23:00:00+08:00,,,,283.0,2.2
,24.938878,121.355555,,,,0.0,0.0,0.0,0.0,0.0,41.0,0.0,0.0,0.0,01A220,三峽,,,,2025-07-31T23:00:00+08:00,,,,,,
,24.709464,120.898219,,,,0.0,0.0,0.0,0.0,0.0,11.0,0.0,0.0,0.0,01E120,大埔,,,,2025-07-31T23:00:00+08:00,,,,,,
,22.892969,120.540195,,,,0.0,37.0,0.0,88.0,183.0,390.0,1.0,11.0,85.0,01P770,美濃(2),,,,2025-07-31T23:00:00+08:00,,,,,,
,23.132568,121.122873,,,,0.0,12.0,0.0,30.0,59.0,61.0,2.0,4.0,27.0,01S440,新武(3),,,,2025-07-31T23:00:00+08:00,,,,,,
85.0,24.275964,120.547681,7.4,-99.0,,0.0,29.5,0.5,94.5,132.0,132.5,2.0,6.0,87.5,CAF100,西濱N151K,-99.0,27.3,2025-07-31T23:00:00+08:00,2025-07-31T23:00:00+08:00,,-99,>30,陰,170.0,1.8
85.0,24.184536,120.528972,,999.0,118.5,0.0,2.5,0.0,120.0,147.5,149.0,0.5,1.0,118.5,C0F9R0,龍井,,27.4,,2025-07-31T23:00:00+08:00,2025-07-31T23:00:00+08:00,,,,174.0,2.6
91.0,24.256003,120.523381,8.1,-99.0,,0.0,1.5,0.0,141.0,163.0,163.5,0.0,0.0,137.0,C0FA30,梧棲,-99.0,26.4,2025-07-31T23:00:00+08:00,2025-07-31T23:00:00+08:00,,-99,-99,陰,130.0,2.9
,22.112611,120.756597,,,,0.0,4.5,0.0,54.5,95.5,284.5,2.5,3.5,54.5,C1R290,石門山,,,,2025-07-31T23:00:00+08:00,,,,,,
,23.057019,120.646064,,,,0.5,108.5,17.0,239.5,522.5,657.0,18.0,41.0,218.0,C1V590,新發,,,,2025-07-31T23:00:00+08:00,,,,,,
87.0,25.263783,121.565258,2.1,-99.0,,0.0,0.0,0.0,0.0,0.0,12.0,0.0,0.0,0.0,C2A920,富貴角,-99.0,26.6,2025-07-31T23:00:00+08:00,2025-07-31T23:00:00+08:00,,-99,-99,多雲,150.0,1.1
100.0,22.204481,120.750989,,987.3,148.5,0.0,27.5,2.0,148.5,234.0,355.5,2.0,22.0,148.5,C0R800,丹路,,26.6,,2025-07-31T23:00:00+08:00,2025-07-31T23:00:00+08:00,,,,205.0,3.4
,24.853611,121.4375,,,,0.0,4.5,0.0,4.5,4.5,31.5,0.0,0.0,4.5,81AI20,有木國小,,,,2025-07-31T23:00:00+08:00,,,,,,
99.0,24.022122,121.132206,,880.1,66.0,0.0,15.5,1.0,67.0,117.5,168.5,1.0,6.0,66.0,C0I390,仁愛,,19.6,,2025-07-31T23:00:00+08:00,2025-07-31T23:00:00+08:00,,,,104.0,1.2
100.0,22.430439,120.8938,,902.3,24.5,0.0,9.0,0.0,25.5,170.0,203.5,4.0,8.5,24.5,C0S980,勝林山,,21.6,,2025-07-31T23:00:00+08:00,2025-07-31T23:00:00+08:00,,,,273.0,1.6
-99.0,24.8926,121.745736,1.0,-99.0,,0.0,9.5,0.0,9.5,9.5,43.5,0.0,0.0,9.5,C2A540,四堵,-99.0,23.6,2025-07-31T23:00:00+08:00,2025-07-31T23:00:00+08:00,,-99,-99,晴,0.0,0.1
99.0,24.49999,121.08773,,761.1,-99.0,0.0,0.5,0.0,13.5,26.0,42.5,0.0,0.0,13.5,C0D750,樂山林道6k,,14.7,,2025-07-31T23:00:00+08:00,2025-07-31T23:00:00+08:00,,,,65.0,2.0
84.0,25.965197,119.980686,,997.6,0.0,0.0,0.0,0.0,0.0,0.0,5.5,0.0,0.0,0.0,C0W110,東莒,,28.5,,2025-07-31T23:00:00+08:00,2025-07-31T23:00:00+08:00,,,,189.0,7.5
70.0,25.11649,121.27551,8.8,-99.0,,0.0,0.0,0.0,0.0,0.0,21.5,0.0,0.0,0.0,CAC050,西濱S023K,-99.0,30.1,2025-07-31T23:00:00+08:00,2025-07-31T23:00:00+08:00,,-99,>30,晴,200.0,3.6
,24.936401,121.710339,,,,0.0,26.0,0.0,26.0,26.0,48.0,0.0,0.0,26.0,01A450,坪林(4),,,,2025-07-31T23:00:00+08:00,,,,,,
-99.0,24.26867,121.03062,,-99.0,-99.0,,,,,,,,,,C0FA70,大雪山埡口,,-99.0,,,2025-07-31T23:00:00+08:00,,,,-99.0,-99.0
,24.959713,121.53208,,,,0.0,0.0,0.0,0.0,0.0,36.0,0.0,0.0,0.0,81AH40,精忠,,,,2025-07-31T23:00:00+08:00,,,,,,
72.0,24.708978,120.888897,,996.3,0.0,0.0,0.0,0.0,0.0,0.0,10.5,0.0,0.0,0.0,C0E420,竹南,,29.1,,2025-07-31T23:00:00+08:00,2025-07-31T23:00:00+08:00,,,,179.0,1.0
,23.962025,120.845272,,,,0.0,91.5,0.0,337.0,556.5,585.0,3.5,28.5,320.5,C1I230,九份二山,,,,2025-07-31T23:00:00+08:00,,,,,,
,23.77896,120.896691,,,,0.0,76.0,0.0,226.0,523.5,546.5,3.0,8.0,209.0,81H940,人和國小,,,,2025-07-31T23:00:00+08:00,,,,,,
93.0,24.363714,121.444667,,663.7,-99.0,,,,,,,,,,C0F0E0,南湖圈谷A,,8.9,,,2025-07-31T23:00:00+08:00,,,,280.0,3.1
87.0,22.667203,121.475328,,986.1,1.0,0.0,0.0,0.0,3.0,31.0,31.0,0.0,0.0,1.0,C0S730,綠島,,27.9,,2025-07-31T23:00:00+08:00,2025-07-31T23:00:00+08:00,,,,223.0,10.6
99.0,23.493903,120.699253,,862.3,345.5,0.0,214.5,6.5,370.5,899.0,951.0,24.5,54.5,345.5,C0M530,奮起湖,,19.5,,2025-07-31T23:00:00+08:00,2025-07-31T23:00:00+08:00,,,,189.0,1.1
,23.635204,121.530893,,,,0.0,0.0,0.0,3.0,5.5,5.5,0.0,0.0,3.0,81T870,東興部落,,,,2025-07-31T23:00:00+08:00,,,,,,
87.0,24.118546,120.585747,5.3,-99.0,,0.0,22.0,0.0,213.0,305.0,305.0,1.0,3.5,205.0,CAF040,國一S188K,-99.0,25.2,2025-07-31T23:00:00+08:00,2025-07-31T23:00:00+08:00,,-99,-99,陰,130.0,3.2
90.0,23.619744,120.140036,,1000.0,0.0,0.0,0.0,0.0,0.0,6.0,24.5,0.0,0.0,0.0,C0K600,箔子寮,,28.4,,2025-07-31T23:00:00+08:00,2025-07-31T23:00:00+08:00,,,,200.0,7.3
73.0,25.051478,121.446756,,997.1,-99.0,0.0,0.0,0.0,0.0,0.0,45.0,0.0,0.0,0.0,C0ACA0,新莊,,29.6,,2025-07-31T23:00:00+08:00,2025-07-31T23:00:00+08:00,,,,256.0,0.7
,24.700595,121.356813,,,,0.0,0.0,0.0,0.0,0.0,6.5,0.0,0.0,0.0,88C690,蘇樂,,,,2025-07-31T23:00:00+08:00,,,,,,
,23.530321,120.520569,,,,0.0,66.0,0.0,83.0,233.0,287.0,0.0,28.0,83.0,01L490,沙坑,,,,2025-07-31T23:00:00+08:00,,,,,,
100.0,24.026875,121.1205,3.7,-99.0,,0.0,37.5,0.5,70.0,123.0,172.0,1.0,7.0,69.5,C2H9N0,仁愛東眼,-99.0,18.4,2025-07-31T23:00:00+08:00,2025-07-31T23:00:00+08:00,,-99,-99,陰,70.0,2.2
84.0,24.295534,120.695976,7.8,-99.0,,0.0,10.5,0.0,161.0,200.0,201.5,0.5,8.5,154.5,CAF020,國一S162K,-99.0,26.0,2025-07-31T23:00:00+08:00,2025-07-31T23:00:00+08:00,,-99,-99,陰,160.0,2.0
,24.681503,121.391485,,,,0.0,0.0,0.0,0.0,0.0,3.5,0.0,0.0,0.0,21C070,巴陵,,,,2025-07-31T23:00:00+08:00,,,,,,
,24.809322,121.248473,,,,0.0,0.0,0.0,0.0,0.0,17.0,0.0,0.0,0.0,21C050,石門,,,,2025-07-31T23:00:00+08:00,,,,,,
,23.595278,120.596944,,,,0.5,66.0,0.5,99.0,321.5,329.0,6.0,23.0,97.5,88K590,華山,,,,2025-07-31T23:00:00+08:00,,,,,,
90.0,24.063889,120.523056,4.0,-99.0,,0.0,35.0,0.0,134.0,179.0,179.5,3.0,8.5,132.0,CAG010,國一N198K,-99.0,26.7,2025-07-31T23:00:00+08:00,2025-07-31T23:00:00+08:00,,-99,-99,陰,180.0,2.2
,25.059693,121.566707,,,,0.0,0.0,0.0,0.0,0.0,48.0,0.0,0.0,0.0,A1A9Y0,民生國中,,,,2025-07-31T23:00:00+08:00,,,,,,
100.0,24.051142,120.909361,2.0,-99.0,,0.0,38.0,0.5,267.0,443.5,587.0,2.0,19.5,255.0,C2H9G0,百勝,-99.0,22.4,2025-07-31T23:00:00+08:00,2025-07-31T23:00:00+08:00,,-99,-99,陰,0.0,0.1
93.0,23.717231,120.190522,6.0,-99.0,,0.0,0.0,0.0,1.0,2.5,7.5,0.0,0.0,1.0,A2K360,臺西水試,-99.0,28.8,2025-07-31T23:00:00+08:00,2025-07-31T23:00:00+08:00,,-99,-99,陰,200.0,1.9
,24.634003,121.716908,,,,0.0,0.0,0.0,0.0,0.0,0.5,0.0,0.0,0.0,C1U670,寒溪,,,,2025-07-31T23:00:00+08:00,,,,,,
84.0,24.173142,120.722289,,985.4,349.5,0.0,40.5,0.0,355.0,488.5,512.5,16.5,34.5,349.5,C0F970,大坑,,27.7,,2025-07-31T23:00:00+08:00,2025-07-31T23:00:00+08:00,,,,149.0,1.2
,24.157728,121.623597,,,,0.0,0.5,0.0,11.5,11.5,19.5,0.0,0.0,11.5,C1TA00,太魯閣,,,,2025-07-31T23:00:00+08:00,,,,,,
95.0,24.521958,121.833175,,998.1,0.5,0.0,0.0,0.0,0.5,0.5,1.0,0.0,0.0,0.5,C0U760,東澳,,26.0,,2025-07-31T23:00:00+08:00,2025-07-31T23:00:00+08:00,,,,0.0,0.0
94.0,23.572911,120.245956,,1000.3,-99.0,0.0,0.0,0.0,2.0,3.0,12.5,0.0,0.0,2.0,C0K510,水林,,28.2,,2025-07-31T23:00:00+08:00,2025-07-31T23:00:00+08:00,,,,178.0,2.6
,24.613062,121.525585,,,,0.0,0.0,0.0,0.0,0.0,1.0,0.0,0.0,0.0,01U060,梵梵(2),,,,2025-07-31T23:00:00+08:00,,,,,,
,25.029351,121.832514,,,,0.0,13.0,0.0,13.0,13.0,20.0,0.0,0.0,13.0,O1AH20,上林國小,,,,2025-07-31T23:00:00+08:00,,,,,,
98.0,24.422861,120.871833,7.5,-99.0,,0.0,2.5,1.5,25.0,30.0,-99.0,2.0,2.0,2.0,K2E710,大湖分場,-99.0,23.5,2025-07-31T23:00:00+08:00,2025-07-31T23:00:00+08:00,,-99,-99,陰,160.0,0.8
87.0,24.000394,120.431683,,999.7,34.0,0.0,18.5,0.0,34.0,57.0,57.0,0.0,0.0,34.0,C0G800,埔鹽,,27.1,,2025-07-31T23:00:00+08:00,2025-07-31T23:00:00+08:00,,,,182.0,1.9
,22.203384,120.751358,,,,0.0,25.0,2.0,137.0,215.0,330.0,2.0,20.0,137.0,81R650,丹路國小,,,,2025-07-31T23:00:00+08:00,,,,,,
,25.163293,121.568014,,,,0.0,0.0,0.0,0.0,0.5,51.5,0.0,0.0,0.0,A1AD10,擎天崗,,,,2025-07-31T23:00:00+08:00,,,,,,
90.0,23.300997,120.110375,,999.2,-99.0,,,,,,,,,,C0N050,蚵寮,,28.9,,,2025-07-31T23:00:00+08:00,,,,230.0,7.2
,24.968892,121.595301,,,,0.0,0.0,0.0,0.0,0.0,42.5,0.0,0.0,0.0,A1AD60,貓空,,,,2025-07-31T23:00:00+08:00,,,,,,
71.0,25.084275,121.265767,,997.5,-99.0,0.0,0.0,0.0,0.0,0.0,42.0,0.0,0.0,0.0,C0C620,蘆竹,,30.0,,2025-07-31T23:00:00+08:00,2025-07-31T23:00:00+08:00,,,,177.0,1.7
98.0,22.0369,121.55843,25.9,964.7,,0.0,8.0,0.0,14.5,14.5,49.0,0.0,0.0,14.5,467620,蘭嶼,0.0,25.4,2025-07-31T23:00:00+08:00,2025-07-31T23:00:00+08:00,,0,21-30,陰,250.0,17.3
81.0,24.535811,120.795983,10.5,-99.0,,0.0,0.0,0.0,39.0,40.5,46.5,0.0,0.0,29.0,C2E970,八甲,-99.0,26.3,2025-07-31T23:00:00+08:00,2025-07-31T23:00:00+08:00,,-99,-99,多雲,200.0,2.0
96.0,23.428611,120.452416,5.0,-99.0,,0.0,36.0,0.0,67.0,128.5,329.0,0.0,24.5,66.5,CAL080,國三N303K,-99.0,27.3,2025-07-31T23:00:00+08:00,2025-07-31T23:00:00+08:00,,-99,7-10,陰,170.0,2.7
98.0,23.96824,120.32586,6.2,-99.0,,0.0,8.5,0.0,8.5,3.5,-99.0,6.5,8.5,8.5,CAG100,王功漁港,-99.0,26.1,2025-07-31T23:00:00+08:00,2025-07-31T23:00:00+08:00,,-99,-99,陰,140.0,3.5
100.0,22.588194,120.664944,,920.3,145.5,0.0,87.5,4.5,146.0,504.0,619.5,13.5,18.0,145.5,C0R600,舊泰武,,22.8,,2025-07-31T23:00:00+08:00,2025-07-31T23:00:00+08:00,,,,234.0,4.1
84.0,22.826389,120.600806,,992.8,124.0,0.0,50.0,0.0,126.5,242.5,397.0,6.0,29.0,124.0,C0R470,高樹,,27.7,,2025-07-31T23:00:00+08:00,2025-07-31T23:00:00+08:00,,,,126.0,1.0
,23.006248,121.173241,,,,0.0,10.0,1.0,26.0,67.0,72.0,1.0,4.0,25.0,01S860,電光,,,,2025-07-31T23:00:00+08:00,,,,,,
94.0,23.457656,120.460517,,997.5,44.5,0.0,41.5,0.0,44.5,127.0,261.5,0.0,28.5,44.5,C0M730,嘉義市東區,,27.6,,2025-07-31T23:00:00+08:00,2025-07-31T23:00:00+08:00,,,,201.0,2.0
,23.594153,120.944286,,,,0.5,41.0,1.0,101.0,200.0,217.5,4.0,8.5,89.0,C1I450,望鄉山,,,,2025-07-31T23:00:00+08:00,,,,,,
84.0,24.429117,120.617483,,998.9,35.5,0.0,0.0,0.0,37.0,47.0,47.5,0.0,0.0,35.5,C0FA10,松柏,,26.7,,2025-07-31T23:00:00+08:00,2025-07-31T23:00:00+08:00,,,,167.0,6.7
81.0,25.109508,121.469681,,1000.3,0.0,0.0,0.0,0.0,0.0,0.0,64.0,0.0,0.0,0.0,C0A980,社子,,30.2,,2025-07-31T23:00:00+08:00,2025-07-31T23:00:00+08:00,,,,0.0,0.1
100.0,24.143186,121.284231,14.1,-99.0,,0.0,8.0,0.0,57.0,287.5,-99.0,0.0,2.0,55.0,A0Z080,合歡山,-99.0,10.0,2025-07-31T23:00:00+08:00,2025-07-31T23:00:00+08:00,,-99,-99,陰,300.0,4.5
85.0,23.720575,120.541117,,995.6,92.0,0.0,57.0,0.0,93.5,157.5,161.5,0.0,32.0,92.0,C0K400,斗六,,27.8,,2025-07-31T23:00:00+08:00,2025-07-31T23:00:00+08:00,,,,183.0,2.4
89.0,22.961189,120.188378,,1001.6,1.5,0.0,0.0,0.0,1.5,2.5,53.5,0.0,0.0,1.5,C0X110,臺南市南區,,29.2,,2025-07-31T23:00:00+08:00,2025-07-31T23:00:00+08:00,,,,236.0,2.3
,23.584167,120.695634,,,,0.0,155.0,4.0,273.0,713.0,738.0,17.0,49.0,218.0,01J970,草嶺(2),,,,2025-07-31T23:00:00+08:00,,,,,,
,23.535556,120.708889,,,,1.0,161.5,9.0,335.5,892.0,925.5,32.0,46.5,286.5,81M680,太和村,,,,2025-07-31T23:00:00+08:00,,,,,,
,24.191961,121.224339,,,,0.0,7.5,0.0,56.5,90.5,134.0,0.0,3.0,46.5,C1I430,翠華,,,,2025-07-31T23:00:00+08:00,,,,,,
-99.0,24.414939,120.870872,5.2,-99.0,,0.0,3.0,2.0,36.5,46.5,49.5,2.0,2.5,34.0,C2E520,大湖,-99.0,23.3,2025-07-31T23:00:00+08:00,2025-07-31T23:00:00+08:00,,-99,-99,陰,180.0,0.9
79.0,24.675432,120.847389,13.1,-99.0,,0.0,0.0,0.0,0.0,0.0,7.5,0.0,0.0,0.0,CAE060,國三N119K,-99.0,27.8,2025-07-31T23:00:00+08:00,2025-07-31T23:00:00+08:00,,-99,>30,多雲,230.0,4.3
,22.781967,120.426475,,,,4.5,15.5,5.0,36.0,63.5,150.5,5.0,10.0,34.0,C1V830,國三S383K,,,,2025-07-31T23:00:00+08:00,,,,,,
,23.913225,121.052483,,,,0.0,26.0,1.5,99.0,173.0,205.0,3.0,10.5,98.0,C1I030,武界,,,,2025-07-31T23:00:00+08:00,,,,,,
,23.533049,120.602587,,,,0.0,83.0,0.0,160.0,534.0,572.0,0.0,34.0,153.0,01L480,樟腦寮(2),,,,2025-07-31T23:00:00+08:00,,,,,,
97.0,24.003028,120.534389,3.0,-99.0,,0.0,38.0,0.0,142.0,188.0,188.0,2.0,3.0,25.0,72G600,臺中農改,-99.0,25.6,2025-07-31T23:00:00+08:00,2025-07-31T23:00:00+08:00,,-99,-99,陰,130.0,1.6
,23.001003,121.130944,,,,0.0,11.5,0.5,28.0,72.0,81.0,1.0,5.0,27.0,81S900,加拿國小,,,,2025-07-31T23:00:00+08:00,,,,,,
100.0,23.68645,120.603417,,990.0,122.5,0.0,93.5,0.0,126.0,265.0,267.5,10.0,57.0,122.5,C0K560,棋山,,25.1,,2025-07-31T23:00:00+08:00,2025-07-31T23:00:00+08:00,,,,108.0,0.5
99.0,23.389125,120.716647,,860.1,322.5,0.0,178.0,9.0,378.5,859.0,896.0,31.0,66.0,322.5,C0M810,里佳,,19.4,,2025-07-31T23:00:00+08:00,2025-07-31T23:00:00+08:00,,,,129.0,0.7
,23.890575,121.459639,,,,0.0,1.5,0.0,14.0,21.5,21.5,0.0,1.0,14.0,C1Z140,荖溪,,,,2025-07-31T23:00:00+08:00,,,,,,
83.0,24.439714,120.653053,,996.5,37.0,0.0,0.5,0.0,38.0,49.5,50.0,0.5,0.5,37.0,C0E830,苑裡,,26.7,,2025-07-31T23:00:00+08:00,2025-07-31T23:00:00+08:00,,,,174.0,3.7
99.0,23.828206,120.801467,,973.3,359.5,0.0,107.5,0.0,377.5,715.0,718.5,10.5,10.5,359.5,C0I380,集集,,23.5,,2025-07-31T23:00:00+08:00,2025-07-31T23:00:00+08:00,,,,112.0,0.8
87.0,23.8119,121.441458,,980.4,16.5,0.0,6.0,0.0,16.5,24.0,39.0,0.0,4.5,16.5,C0T900,西林,,25.7,,2025-07-31T23:00:00+08:00,2025-07-31T23:00:00+08:00,,,,276.0,0.5
93.0,22.730432,120.312516,6.4,1001.3,,0.5,9.5,3.0,20.5,22.0,95.5,3.0,8.5,20.5,467441,高雄,0.1,27.6,2025-07-31T23:00:00+08:00,2025-07-31T23:00:00+08:00,,0,21-30,陰有雨,260.0,1.3
,23.952956,121.178556,,,,0.0,20.0,0.5,59.5,104.0,124.0,1.5,7.0,59.0,C1I320,奧萬大,,,,2025-07-31T23:00:00+08:00,,,,,,
,24.73339,120.967392,,,,0.0,0.0,0.0,0.0,0.0,10.0,0.0,0.0,0.0,O1D570,新城國小,,,,2025-07-31T23:00:00+08:00,,,,,,
,22.525964,120.676125,,,,0.0,24.0,2.0,93.0,393.0,492.0,2.5,10.0,91.0,88R460,來義,,,,2025-07-31T23:00:00+08:00,,,,,,
93.0,23.630414,120.227125,,1001.7,0.0,0.0,0.0,0.0,0.0,17.0,34.5,0.0,0.0,0.0,C0K280,四湖,,27.9,,2025-07-31T23:00:00+08:00,2025-07-31T23:00:00+08:00,,,,201.0,2.2
,23.493119,121.338806,,,,0.0,13.0,0.0,21.5,33.0,35.0,0.5,2.5,20.0,C1Z030,紅葉,,,,2025-07-31T23:00:00+08:00,,,,,,
94.0,23.400069,119.322761,,998.1,3.0,0.0,0.0,0.0,3.0,10.5,46.5,0.0,0.0,3.0,C0W130,花嶼,,27.3,,2025-07-31T23:00:00+08:00,2025-07-31T23:00:00+08:00,,,,190.0,5.2
,23.858572,120.994889,,,,0.0,38.5,1.0,155.0,331.5,379.5,5.5,10.0,152.5,C1I500,大尖山,,,,2025-07-31T23:00:00+08:00,,,,,,
,22.67206,121.037516,,,,0.0,3.0,0.0,13.5,54.5,62.5,0.5,1.5,11.0,81S560,三和國小,,,,2025-07-31T23:00:00+08:00,,,,,,
96.0,22.972672,121.303986,,994.5,19.5,0.5,8.5,0.5,20.5,53.0,53.5,2.5,5.0,19.5,C0S810,東河,,25.1,,2025-07-31T23:00:00+08:00,2025-07-31T23:00:00+08:00,,,,333.0,1.3
,22.892785,120.404543,,,,0.0,27.0,0.0,66.0,82.0,189.0,0.0,7.0,66.0,01P280,古亭坑,,,,2025-07-31T23:00:00+08:00,,,,,,
92.0,22.752211,121.154586,3.4,998.3,,0.0,0.0,0.0,14.0,75.0,78.5,0.0,0.0,7.0,467660,臺東,0.0,25.7,2025-07-31T23:00:00+08:00,2025-07-31T23:00:00+08:00,,-99,>30,陰,10.0,0.5
,22.849954,121.092326,,,,0.0,13.0,0.0,49.0,122.0,129.5,2.0,9.0,46.5,81S890,初鹿國中,,,,2025-07-31T23:00:00+08:00,,,,,,
78.0,25.048711,121.550428,,997.2,0.0,0.0,0.0,0.0,0.0,0.0,53.0,0.0,0.0,0.0,C0AH70,松山,,30.1,,2025-07-31T23:00:00+08:00,2025-07-31T23:00:00+08:00,,,,253.0,0.9
,23.684836,121.482088,,,,0.0,4.0,0.0,14.0,20.0,20.0,0.0,3.0,13.0,01T9L0,東富,,,,2025-07-31T23:00:00+08:00,,,,,,
,25.028388,121.663304,,,,0.0,0.0,0.0,0.0,0.5,44.0,0.0,0.0,0.0,A1AD70,茶製場,,,,2025-07-31T23:00:00+08:00,,,,,,
93.0,24.505486,121.525656,,802.9,5.0,0.0,0.0,0.0,5.0,5.0,5.0,0.0,0.0,5.0,C0U710,太平山,,17.3,,2025-07-31T23:00:00+08:00,2025-07-31T23:00:00+08:00,,,,0.0,0.2
87.0,23.526167,120.555497,,986.7,94.5,0.0,60.5,0.0,94.5,328.0,400.5,0.0,26.0,94.5,C0M700,竹崎,,26.9,,2025-07-31T23:00:00+08:00,2025-07-31T23:00:00+08:00,,,,144.0,1.4
89.0,23.887894,121.000086,5.4,-99.0,,0.0,39.0,0.5,142.0,289.5,327.0,3.0,10.5,139.5,C2H9R0,卓社,-99.0,20.4,2025-07-31T23:00:00+08:00,2025-07-31T23:00:00+08:00,,-99,-99,陰,110.0,3.6
93.0,23.455167,121.495028,,990.3,12.0,0.0,2.0,0.0,13.0,15.5,15.5,0.0,0.0,12.0,C0T9M0,靜浦,,25.2,,2025-07-31T23:00:00+08:00,2025-07-31T23:00:00+08:00,,,,296.0,1.7
,23.475173,120.620189,,,,0.0,174.0,0.0,225.0,505.0,542.0,11.0,47.0,218.0,01L390,大湖山,,,,2025-07-31T23:00:00+08:00,,,,,,
87.0,24.347817,120.705686,,987.5,70.0,0.0,1.0,0.0,72.5,96.5,97.5,1.0,1.0,70.0,C0F9Q0,外埔,,26.3,,2025-07-31T23:00:00+08:00,2025-07-31T23:00:00+08:00,,,,175.0,1.1
85.0,22.757806,120.30575,,999.7,-99.0,0.0,0.5,0.0,5.5,6.5,83.0,0.5,0.5,5.5,C0V760,橋頭,,28.8,,2025-07-31T23:00:00+08:00,2025-07-31T23:00:00+08:00,,,,214.0,1.3
83.0,24.889514,121.2636,4.5,-99.0,,0.0,0.0,0.0,0.0,0.0,37.0,0.0,0.0,0.0,CAC030,國三N063K,-99.0,27.7,2025-07-31T23:00:00+08:00,2025-07-31T23:00:00+08:00,,-99,-99,晴,160.0,2.0
90.0,23.469889,120.259383,5.3,-99.0,,0.0,1.0,0.0,1.0,4.5,29.5,0.0,0.0,1.0,C2M920,朴子農改,-99.0,28.1,2025-07-31T23:00:00+08:00,2025-07-31T23:00:00+08:00,,-99,-99,陰,180.0,2.6
91.0,23.772797,120.408944,,998.4,12.0,0.0,0.0,0.0,12.0,56.0,87.5,0.0,0.0,12.0,C0K440,二崙,,28.0,,2025-07-31T23:00:00+08:00,2025-07-31T23:00:00+08:00,,,,182.0,4.0
95.0,24.186117,121.316086,,724.3,41.5,0.0,7.0,0.0,41.5,63.0,82.5,0.0,0.5,41.5,C0T790,大禹嶺,,12.3,,2025-07-31T23:00:00+08:00,2025-07-31T23:00:00+08:00,,,,0.0,0.1
93.0,23.58565,120.408111,6.7,-99.0,,0.0,6.5,0.0,24.5,57.0,144.5,0.0,3.5,24.5,G2M350,溪口農場,-99.0,27.7,2025-07-31T23:00:00+08:00,2025-07-31T23:00:00+08:00,,-99,-99,陰,180.0,3.8
93.0,23.3052,120.14891,5.9,-99.0,,1.5,2.0,2.0,3.0,6.0,6.5,2.0,2.0,3.0,CAN110,西濱S280K,-99.0,28.1,2025-07-31T23:00:00+08:00,2025-07-31T23:00:00+08:00,,-99,3-6,陰有雨,170.0,3.5
,23.925069,120.637797,,,,0.0,130.0,0.0,226.0,406.0,406.0,21.5,33.0,226.0,C1H971,六分寮,,,,2025-07-31T23:00:00+08:00,,,,,,
,24.085275,120.484036,,,,0.0,11.0,0.0,61.0,111.0,117.0,1.0,2.0,61.0,01G090,頭汴,,,,2025-07-31T23:00:00+08:00,,,,,,
85.0,23.536267,120.169311,,1001.5,0.5,0.0,0.0,0.0,0.5,1.0,5.0,0.0,0.0,0.5,C0K291,宜梧,,28.7,,2025-07-31T23:00:00+08:00,2025-07-31T23:00:00+08:00,,,,197.0,2.5
88.0,22.888614,120.483597,,996.1,50.0,0.5,23.0,0.5,50.0,96.0,264.0,0.5,7.0,50.0,C0V740,旗山,,27.7,,2025-07-31T23:00:00+08:00,2025-07-31T23:00:00+08:00,,,,172.0,1.5
100.0,24.131764,121.295717,,698.7,51.0,0.0,6.5,0.0,53.0,96.5,148.0,0.0,2.0,51.0,C0I530,小奇萊,,10.2,,2025-07-31T23:00:00+08:00,2025-07-31T23:00:00+08:00,,,,-99.0,-99.0
-99.0,24.368614,121.373189,,-99.0,-99.0,,,,,,,,,,C0UA20,多加屯,,-99.0,,,2025-07-31T23:00:00+08:00,,,,-99.0,-99.0
93.0,22.680555,120.328611,7.9,-99.0,,0.0,4.5,2.0,6.0,12.0,82.5,2.0,2.0,6.0,CAP040,國一N361K,-99.0,27.7,2025-07-31T23:00:00+08:00,2025-07-31T23:00:00+08:00,,-99,7-10,陰,190.0,2.2
92.0,25.036003,121.864242,,995.3,-99.0,0.0,5.5,0.0,5.5,5.5,13.5,0.0,0.0,5.5,C0A890,雙溪,,26.9,,2025-07-31T23:00:00+08:00,2025-07-31T23:00:00+08:00,,,,0.0,0.0
,23.025684,120.337183,,,,0.0,2.0,1.0,4.0,25.0,70.0,1.0,2.0,4.0,01O710,虎頭埤,,,,2025-07-31T23:00:00+08:00,,,,,,
,22.653117,120.630973,,,,0.5,51.5,0.5,112.0,308.5,401.5,3.0,4.5,108.0,81R640,佳義國小,,,,2025-07-31T23:00:00+08:00,,,,,,
93.0,23.455047,120.331439,,999.7,-99.0,0.0,5.0,0.0,8.0,32.5,98.5,0.0,0.0,8.0,C0M680,太保,,27.5,,2025-07-31T23:00:00+08:00,2025-07-31T23:00:00+08:00,,,,179.0,2.0
98.0,24.590269,121.412228,,825.6,0.0,0.0,0.0,0.0,0.0,0.0,0.5,0.0,0.0,0.0,C0UA10,鴛鴦湖,,17.8,,2025-07-31T23:00:00+08:00,2025-07-31T23:00:00+08:00,,,,324.0,0.5
75.0,24.897503,121.214636,,977.7,-99.0,,,,,,,,,,C0C650,平鎮,,28.3,,,2025-07-31T23:00:00+08:00,,,,217.0,1.0
91.0,23.222064,120.40085,,986.7,20.5,0.0,11.0,0.0,21.5,83.5,189.0,0.0,0.0,20.5,C0O840,王爺宮,,26.6,,2025-07-31T23:00:00+08:00,2025-07-31T23:00:00+08:00,,,,148.0,1.7
90.0,24.576533,121.495333,,958.9,0.0,0.0,0.0,0.0,0.0,0.0,0.0,0.0,0.0,0.0,C0UA00,土場,,25.3,,2025-07-31T23:00:00+08:00,2025-07-31T23:00:00+08:00,,,,157.0,0.5
94.0,24.2499,121.1455,,857.9,-99.0,,,,,,,,,,C0FB40,中橫21.6k,,19.7,,,2025-07-31T23:00:00+08:00,,,,0.0,0.1
89.0,24.980444,121.951214,,998.7,0.0,0.0,0.0,0.0,0.0,0.5,2.5,0.0,0.0,0.0,C0UA90,石城,,27.4,,2025-07-31T23:00:00+08:00,2025-07-31T23:00:00+08:00,,,,344.0,0.4
69.0,24.688247,120.912206,,996.8,-99.0,0.0,0.0,0.0,0.0,0.0,9.0,0.0,0.0,0.0,C0E730,頭份,,29.3,,2025-07-31T23:00:00+08:00,2025-07-31T23:00:00+08:00,,,,223.0,1.0
-99.0,24.192719,121.001366,,-99.0,-99.0,,,,,,,,,,C0FB30,八仙山苗圃,,-99.0,,,2025-07-31T23:00:00+08:00,,,,-99.0,-99.0
99.0,22.682903,120.686639,,926.9,189.0,0.0,83.0,1.5,204.0,396.0,476.5,12.0,31.5,189.0,C0R140,瑪家,,22.5,,2025-07-31T23:00:00+08:00,2025-07-31T23:00:00+08:00,,,,299.0,2.0
,22.513226,120.511111,,,,0.0,7.0,0.0,21.0,97.0,171.0,6.0,7.0,21.0,O1R630,崁頂,,,,2025-07-31T23:00:00+08:00,,,,,,
,23.403797,121.459474,,,,0.0,5.0,0.0,16.0,19.0,19.0,0.0,1.0,15.0,01S270,樟原(1),,,,2025-07-31T23:00:00+08:00,,,,,,
77.0,24.549447,120.696803,,999.3,18.5,0.0,0.0,0.0,18.5,20.0,26.5,0.0,0.0,18.5,C0E570,白沙屯,,28.1,,2025-07-31T23:00:00+08:00,2025-07-31T23:00:00+08:00,,,,177.0,4.7
92.0,23.366342,120.362306,,998.8,24.0,0.0,11.5,0.0,24.0,40.0,82.5,1.0,10.5,24.0,C0X260,後壁,,27.5,,2025-07-31T23:00:00+08:00,2025-07-31T23:00:00+08:00,,,,171.0,2.7
95.0,24.432739,121.303808,,-99.0,-99.0,0.0,0.5,0.0,10.0,11.5,13.0,0.0,0.0,10.0,C0F9Y0,桃山,,9.6,,2025-07-31T23:00:00+08:00,2025-07-31T23:00:00+08:00,,,,218.0,2.8
,23.169246,121.041436,,,,0.0,28.0,4.0,73.0,137.0,149.0,10.0,12.0,67.0,01S430,霧鹿,,,,2025-07-31T23:00:00+08:00,,,,,,
86.0,22.99328,120.20492,9.0,999.9,,0.0,0.5,0.5,3.0,6.0,43.0,0.5,0.5,3.0,467410,臺南,0.3,28.4,2025-07-31T23:00:00+08:00,2025-07-31T23:00:00+08:00,,0,21-30,陰,200.0,4.1
,23.841008,120.699575,,,,0.0,157.5,0.0,273.5,491.0,491.0,43.0,56.5,264.5,C1H840,國三N238K,,,,2025-07-31T23:00:00+08:00,,,,,,
88.0,22.906642,120.182608,,1000.8,0.0,0.0,0.0,0.0,0.0,0.0,56.5,0.0,0.0,0.0,C0V630,茄萣,,28.6,,2025-07-31T23:00:00+08:00,2025-07-31T23:00:00+08:00,,,,230.0,2.9
81.0,25.133314,121.740475,2.6,997.1,,0.0,0.0,0.0,0.0,0.0,18.5,0.0,0.0,0.0,466940,基隆,4.7,29.1,2025-07-31T23:00:00+08:00,2025-07-31T23:00:00+08:00,,0,>30,晴,180.0,1.5
96.0,23.728081,120.787347,2.9,-99.0,,0.0,76.5,0.0,197.5,428.0,430.0,10.5,11.5,172.0,C2I090,鳳凰,-99.0,21.3,2025-07-31T23:00:00+08:00,2025-07-31T23:00:00+08:00,,-99,-99,陰,80.0,0.9
,23.430078,121.312632,,,,0.0,16.0,0.0,26.0,38.0,39.0,0.0,2.0,24.0,01T230,立山,,,,2025-07-31T23:00:00+08:00,,,,,,
-99.0,24.267064,121.000793,,-99.0,-99.0,1.0,17.5,3.0,116.5,171.0,227.5,3.0,5.0,116.0,C0FA60,鞍馬山工作站,,-99.0,,2025-07-31T23:00:00+08:00,2025-07-31T23:00:00+08:00,,,,-99.0,-99.0
94.0,23.947633,120.525456,,996.0,77.0,0.0,39.5,0.0,77.0,134.0,134.0,5.5,7.0,77.0,C0G810,埔心,,27.7,,2025-07-31T23:00:00+08:00,2025-07-31T23:00:00+08:00,,,,139.0,1.6
96.0,23.86045,120.557964,2.5,-99.0,,0.0,90.5,0.0,150.5,220.0,220.5,4.5,23.0,150.5,C2G9A0,畜試所彰化,-99.0,25.8,2025-07-31T23:00:00+08:00,2025-07-31T23:00:00+08:00,,-99,-99,陰,170.0,0.8
90.0,24.214641,120.490744,,999.4,85.5,0.0,4.0,0.0,87.0,116.0,116.5,0.5,0.5,85.5,C0FA40,臺中電廠,,26.0,,2025-07-31T23:00:00+08:00,2025-07-31T23:00:00+08:00,,,,176.0,2.2
,23.472849,120.907956,,,,0.0,81.0,2.0,188.0,420.0,473.0,14.0,17.0,176.0,O1I360,楠溪,,,,2025-07-31T23:00:00+08:00,,,,,,
93.0,24.0753,120.430481,5.0,-99.0,,0.0,4.5,0.0,7.5,50.5,50.5,0.0,0.5,7.5,C2G640,鹿港,-99.0,26.4,2025-07-31T23:00:00+08:00,2025-07-31T23:00:00+08:00,,-99,-99,陰,140.0,1.7
92.0,23.75555,120.318925,,1000.9,-99.0,0.0,0.0,0.0,7.0,26.0,36.0,0.0,0.0,7.0,C0K250,崙背,,27.6,,2025-07-31T23:00:00+08:00,2025-07-31T23:00:00+08:00,,,,175.0,2.3
,23.286017,120.390378,,,,0.0,38.0,0.0,51.5,81.5,157.5,0.0,0.0,51.5,C1O940,東山服務區,,,,2025-07-31T23:00:00+08:00,,,,,,
-99.0,25.132153,121.608692,,-99.0,-99.0,0.0,0.0,0.0,0.0,0.0,32.5,0.0,0.0,0.0,C0A870,五指山,,-99.0,,2025-07-31T23:00:00+08:00,2025-07-31T23:00:00+08:00,,,,-99.0,-99.0
98.0,22.99175,120.293525,,1000.6,-99.0,0.0,0.0,0.0,0.0,8.5,38.5,0.0,0.0,0.0,C0O990,媽廟,,27.7,,2025-07-31T23:00:00+08:00,2025-07-31T23:00:00+08:00,,,,158.0,1.5
,23.965694,121.492842,,,,0.0,1.5,0.0,11.5,16.0,20.0,0.0,0.5,11.5,C1Z130,銅門,,,,2025-07-31T23:00:00+08:00,,,,,,
100.0,23.881325,120.90805,4.0,-99.0,,0.0,67.0,0.0,239.5,541.0,563.5,1.5,12.0,227.0,467650,日月潭,0.0,20.3,2025-07-31T23:00:00+08:00,2025-07-31T23:00:00+08:00,,0,21-30,陰,50.0,1.2
92.0,24.9944,119.449556,,991.8,0.0,0.0,0.0,0.0,0.0,0.0,6.0,0.0,0.0,0.0,C0W160,烏坵,,27.9,,2025-07-31T23:00:00+08:00,2025-07-31T23:00:00+08:00,,,,224.0,7.1
100.0,23.5239,121.390211,,987.3,15.5,0.0,7.0,0.0,17.5,26.0,26.5,0.0,1.5,15.5,C0Z210,瑞穗,,24.1,,2025-07-31T23:00:00+08:00,2025-07-31T23:00:00+08:00,,,,0.0,0.2
,23.036624,120.708888,,,,0.0,257.0,19.0,518.0,1132.0,1243.0,53.0,109.0,501.0,O1V510,寶山,,,,2025-07-31T23:00:00+08:00,,,,,,
92.0,22.480277,120.531666,3.2,-99.0,,0.0,4.5,0.0,22.5,107.0,187.0,0.5,0.5,22.5,CAQ010,國三N425K,-99.0,27.3,2025-07-31T23:00:00+08:00,2025-07-31T23:00:00+08:00,,-99,-99,陰,180.0,0.8
92.0,24.092468,120.603256,4.5,-99.0,,0.0,49.0,0.0,334.0,476.5,477.0,4.0,12.5,175.0,CAG060,國三S202K,-99.0,24.8,2025-07-31T23:00:00+08:00,2025-07-31T23:00:00+08:00,,-99,-99,陰,140.0,1.8
91.0,23.57543,120.14121,9.1,-99.0,,0.0,0.0,0.0,0.0,0.0,0.5,0.0,0.0,0.0,CAJ050,海口故事園區,-99.0,28.7,2025-07-31T23:00:00+08:00,2025-07-31T23:00:00+08:00,,-99,-99,陰,200.0,5.0
,24.221361,120.841069,,,,0.0,23.0,0.0,264.0,330.0,485.0,2.0,8.5,252.5,C1F911,新伯公,,,,2025-07-31T23:00:00+08:00,,,,,,
,24.115092,120.811125,,,,0.0,41.0,0.0,330.0,486.0,518.0,4.0,22.0,283.0,01F680,頭汴坑,,,,2025-07-31T23:00:00+08:00,,,,,,
89.0,22.730306,120.346639,,1001.4,19.5,0.0,4.5,0.0,19.5,22.0,111.0,0.5,4.0,19.5,C0V770,大社,,28.8,,2025-07-31T23:00:00+08:00,2025-07-31T23:00:00+08:00,,,,246.0,1.3
,25.147998,121.483915,,,,0.0,0.0,0.0,0.0,0.0,78.0,0.0,0.0,0.0,A1AG30,稻香里,,,,2025-07-31T23:00:00+08:00,,,,,,
88.0,23.081672,120.062894,9.9,-99.0,,0.0,0.0,0.0,0.0,27.5,47.0,0.0,0.0,0.0,72N240,七股研究中心,-99.0,28.5,2025-07-31T23:00:00+08:00,2025-07-31T23:00:00+08:00,,-99,-99,陰,210.0,5.6
,24.280586,121.026642,,,,0.0,13.5,0.5,77.0,113.0,173.0,0.5,2.0,76.5,C1F941,雪嶺,,,,2025-07-31T23:00:00+08:00,,,,,,
97.0,23.922303,120.320025,5.0,-99.0,,0.5,2.0,1.5,2.0,15.5,22.0,1.5,1.5,2.0,C2G870,芳苑,-99.0,27.3,2025-07-31T23:00:00+08:00,2025-07-31T23:00:00+08:00,,-99,-99,陰有雨,160.0,2.0
99.0,23.27125,121.188272,,930.9,25.5,0.0,19.5,0.0,26.0,45.5,46.5,1.5,4.5,25.5,C0Z320,清水林道,,21.4,,2025-07-31T23:00:00+08:00,2025-07-31T23:00:00+08:00,,,,253.0,1.0
99.0,23.689722,120.851117,1.4,-99.0,,0.0,67.5,0.0,192.0,347.5,369.5,4.5,8.5,170.5,U2HA40,臺大內茅埔,-99.0,21.9,2025-07-31T23:00:00+08:00,2025-07-31T23:00:00+08:00,,-99,-99,陰,0.0,0.0
,24.161555,121.653037,,,,0.0,0.0,0.0,7.0,7.0,10.5,0.0,0.0,7.0,81T1A0,崇德國小,,,,2025-07-31T23:00:00+08:00,,,,,,
85.0,23.380864,120.167778,,1001.0,-99.0,0.0,1.0,0.0,1.0,3.5,8.5,0.0,0.0,1.0,C0M750,布袋,,28.7,,2025-07-31T23:00:00+08:00,2025-07-31T23:00:00+08:00,,,,209.0,3.3
,24.631499,121.474881,,,,0.0,0.0,0.0,0.0,0.0,0.0,0.0,0.0,0.0,21U110,池端,,,,2025-07-31T23:00:00+08:00,,,,,,
-99.0,24.107155,120.554482,-99.0,-99.0,,,,,,,,,,-99.0,CAG050,國三N196K,-99.0,-99.0,2025-07-31T23:00:00+08:00,,,-99,-99,陰,-99.0,-99.0
,24.7798,121.497357,,,,0.0,0.0,0.0,0.0,0.0,5.0,0.0,0.0,0.0,01A430,福山(3),,,,2025-07-31T23:00:00+08:00,,,,,,
,25.110338,121.803301,,,,0.0,0.0,0.0,0.0,0.0,12.0,0.0,0.0,0.0,01A380,瑞芳(2),,,,2025-07-31T23:00:00+08:00,,,,,,
94.0,24.272481,120.658314,,979.9,166.0,0.0,7.5,0.0,172.0,209.0,216.0,2.0,7.0,166.0,C0F9I0,神岡,,24.4,,2025-07-31T23:00:00+08:00,2025-07-31T23:00:00+08:00,,,,189.0,2.1
,25.087591,121.613109,,,,0.0,0.0,0.0,0.0,0.0,46.0,0.0,0.0,0.0,A1AD30,安泰里,,,,2025-07-31T23:00:00+08:00,,,,,,
,22.770111,120.645222,,,,0.0,53.0,0.0,107.0,249.5,465.5,0.0,15.0,104.5,C1R110,口社,,,,2025-07-31T23:00:00+08:00,,,,,,
,23.483056,121.511389,,,,0.0,1.5,0.0,11.0,14.5,14.5,0.5,0.5,11.0,81T880,石梯坪,,,,2025-07-31T23:00:00+08:00,,,,,,
-99.0,10.370203,114.364286,-99.0,-99.0,,,,,,,,,,-99.0,469020,南沙島,-99.0,-99.0,2025-07-31T23:00:00+08:00,,,-99,-99,-99,-99.0,-99.0
,24.829422,121.071412,,,,0.0,0.0,0.0,0.0,0.0,30.0,0.0,0.0,0.0,01D310,新埔(1),,,,2025-07-31T23:00:00+08:00,,,,,,
,24.719092,121.283872,,,,0.0,0.0,0.0,0.0,0.0,30.0,0.0,0.0,0.0,C1D400,鳥嘴山,,,,2025-07-31T23:00:00+08:00,,,,,,
,24.664908,121.308185,,,,0.0,0.0,0.0,0.0,0.0,7.0,0.0,0.0,0.0,21D150,玉峰,,,,2025-07-31T23:00:00+08:00,,,,,,
88.0,22.854997,120.259439,,998.2,-99.0,0.0,13.5,0.0,21.5,23.5,94.5,0.0,0.0,21.5,C0V750,路竹,,29.3,,2025-07-31T23:00:00+08:00,2025-07-31T23:00:00+08:00,,,,221.0,2.5
99.0,24.29515,121.03651,,713.5,84.0,0.0,15.0,0.0,84.5,114.0,160.0,0.0,1.0,84.0,C0FA90,小雪山林道,,12.3,,2025-07-31T23:00:00+08:00,2025-07-31T23:00:00+08:00,,,,148.0,4.1
,23.619266,120.927817,,,,0.0,45.0,0.0,127.0,239.0,261.0,3.0,7.0,114.0,01H390,望鄉,,,,2025-07-31T23:00:00+08:00,,,,,,
92.0,22.648275,120.619247,3.1,-99.0,,0.0,43.5,0.0,79.5,251.0,348.5,2.0,3.5,76.5,C2R970,屏科大,-99.0,26.6,2025-07-31T23:00:00+08:00,2025-07-31T23:00:00+08:00,,-99,-99,陰,150.0,1.1
70.0,24.928708,121.283289,,983.1,-99.0,0.0,0.0,0.0,0.0,0.0,58.0,0.0,0.0,0.0,C0C490,八德,,29.1,,2025-07-31T23:00:00+08:00,2025-07-31T23:00:00+08:00,,,,229.0,0.6
,24.892584,121.745694,,,,0.0,9.0,0.0,9.0,9.0,43.5,0.0,0.0,9.0,L1A800,碧湖,,,,2025-07-31T23:00:00+08:00,,,,,,
,23.381471,120.530602,,,,0.0,58.0,0.0,86.5,192.0,236.0,0.0,16.0,85.0,81M690,沄水國小,,,,2025-07-31T23:00:00+08:00,,,,,,
98.0,24.154094,121.164517,2.0,-99.0,,0.5,12.5,1.0,84.5,154.0,199.0,1.0,8.5,65.0,C2H9M0,發祥,-99.0,19.1,2025-07-31T23:00:00+08:00,2025-07-31T23:00:00+08:00,,-99,-99,陰有雨,350.0,0.3
92.0,23.604119,120.403556,,998.4,18.0,0.0,3.0,0.0,18.0,35.5,115.5,0.0,2.0,18.0,C0M660,溪口,,27.7,,2025-07-31T23:00:00+08:00,2025-07-31T23:00:00+08:00,,,,188.0,3.2
,24.528034,120.913109,,,,0.0,0.0,0.0,13.0,15.0,29.0,0.0,0.0,13.0,01E370,和興,,,,2025-07-31T23:00:00+08:00,,,,,,
100.0,23.324361,120.582017,1.6,-99.0,,0.0,202.0,1.0,275.5,575.0,640.0,7.5,59.0,267.0,C2M410,馬頭山,-99.0,24.2,2025-07-31T23:00:00+08:00,2025-07-31T23:00:00+08:00,,-99,-99,陰,330.0,0.4
,24.925692,121.446624,,,,0.0,0.0,0.0,0.0,0.0,44.5,0.0,0.0,0.0,81AI10,建安國小,,,,2025-07-31T23:00:00+08:00,,,,,,
97.0,23.340258,120.379661,3.4,-99.0,,0.0,4.0,0.0,26.5,38.5,106.5,0.0,4.0,26.5,A2N290,蘭花園區,-99.0,27.1,2025-07-31T23:00:00+08:00,2025-07-31T23:00:00+08:00,,-99,-99,陰,170.0,1.9
86.0,22.572152,120.311191,,1000.6,3.5,0.0,0.5,0.0,3.5,38.0,95.0,0.0,0.0,3.5,C0V890,前鎮,,28.7,,2025-07-31T23:00:00+08:00,2025-07-31T23:00:00+08:00,,,,0.0,0.0
92.0,23.930925,121.595153,,996.6,7.5,0.0,0.5,0.0,7.5,8.5,12.5,0.0,0.5,7.5,C0Z150,吉安光華,,24.8,,2025-07-31T23:00:00+08:00,2025-07-31T23:00:00+08:00,,,,210.0,2.4
78.0,22.479997,120.466058,4.5,-99.0,,0.0,4.0,0.0,31.5,74.0,138.5,2.0,2.0,31.5,12Q970,東港工作站,-99.0,28.2,2025-07-31T23:00:00+08:00,2025-07-31T23:00:00+08:00,,-99,-99,陰,250.0,1.6
,24.270832,121.741801,,,,0.0,0.5,0.0,10.0,10.0,10.5,0.0,0.0,10.0,88T830,和中,,,,2025-07-31T23:00:00+08:00,,,,,,
98.0,23.895703,120.94135,,930.9,175.0,0.0,53.5,0.5,183.0,414.5,441.0,2.5,15.0,175.0,C0I370,魚池,,21.8,,2025-07-31T23:00:00+08:00,2025-07-31T23:00:00+08:00,,,,0.0,0.0
83.0,23.73835,121.540108,,962.6,13.0,0.0,3.0,0.0,13.0,18.5,23.5,0.0,2.5,13.0,C0Z270,蕃薯寮,,24.9,,2025-07-31T23:00:00+08:00,2025-07-31T23:00:00+08:00,,,,197.0,1.2
85.0,24.974944,121.402008,,995.5,0.0,0.0,0.0,0.0,0.0,0.0,62.0,0.0,0.0,0.0,C0A520,山佳,,30.1,,2025-07-31T23:00:00+08:00,2025-07-31T23:00:00+08:00,,,,188.0,0.8
82.0,25.129142,121.577086,,952.9,0.0,0.0,0.0,0.0,0.0,0.0,68.5,0.0,0.0,0.0,C0AH40,平等,,25.7,,2025-07-31T23:00:00+08:00,2025-07-31T23:00:00+08:00,,,,330.0,0.9
100.0,22.454275,120.666219,,939.5,48.5,0.0,5.5,0.0,49.0,284.5,374.5,0.5,5.0,48.5,C0R820,白鷺,,23.3,,2025-07-31T23:00:00+08:00,2025-07-31T23:00:00+08:00,,,,316.0,0.9
,24.066172,120.735194,,,,0.0,84.0,0.0,414.0,648.0,649.0,20.0,53.0,368.0,C1F9B1,桐林,,,,2025-07-31T23:00:00+08:00,,,,,,
,23.265549,120.824866,,,,0.0,197.0,4.0,480.0,949.0,995.0,19.0,45.0,426.0,01V060,梅山(2),,,,2025-07-31T23:00:00+08:00,,,,,,
94.0,24.753033,121.641303,,945.7,0.0,0.0,0.0,0.0,0.0,0.0,5.0,0.0,0.0,0.0,C0U520,雙連埤,,23.6,,2025-07-31T23:00:00+08:00,2025-07-31T23:00:00+08:00,,,,234.0,0.9
,25.048418,121.773797,,,,0.0,4.0,0.0,4.0,4.0,17.0,0.0,0.0,4.0,NUP460,平溪旅遊,,,,2025-07-31T23:00:00+08:00,,,,,,
,23.784838,120.86372,,,,0.0,82.5,0.0,273.5,687.0,717.5,3.5,5.5,249.5,81H970,永興國小,,,,2025-07-31T23:00:00+08:00,,,,,,
,23.550319,120.505833,,,,0.0,51.5,0.0,69.5,221.5,258.0,0.0,15.0,69.5,C1M870,國三N285K,,,,2025-07-31T23:00:00+08:00,,,,,,
79.0,25.223628,121.643967,,994.8,-99.0,0.0,0.0,0.0,0.0,0.0,5.5,0.0,0.0,0.0,C0A940,金山,,27.9,,2025-07-31T23:00:00+08:00,2025-07-31T23:00:00+08:00,,,,0.0,0.0
,24.292326,120.910107,,,,0.0,23.0,2.0,140.0,212.0,299.0,2.0,3.0,131.0,O1F390,雙崎(2),,,,2025-07-31T23:00:00+08:00,,,,,,
100.0,23.59555,120.693461,8.3,-99.0,,0.0,126.5,3.0,236.0,580.0,591.5,15.0,45.0,195.5,C2K240,草嶺,-99.0,20.1,2025-07-31T23:00:00+08:00,2025-07-31T23:00:00+08:00,,-99,-99,陰,110.0,4.2
99.0,22.991703,120.645722,3.4,-99.0,,0.0,110.5,2.5,289.5,606.5,769.5,13.5,50.0,280.5,E2P980,六龜林試,-99.0,24.2,2025-07-31T23:00:00+08:00,2025-07-31T23:00:00+08:00,,-99,-99,陰,40.0,0.6
,22.87794,121.226881,,,,0.0,3.0,0.5,12.5,47.0,49.0,1.0,2.0,12.5,C1SA70,都蘭,,,,2025-07-31T23:00:00+08:00,,,,,,
84.0,24.372178,120.583125,,999.3,39.0,0.0,0.0,0.0,47.5,77.0,80.0,0.0,0.0,39.0,C0FA20,溫寮,,27.1,,2025-07-31T23:00:00+08:00,2025-07-31T23:00:00+08:00,,,,144.0,5.5
89.0,23.41613,120.162872,7.9,-99.0,,0.0,0.0,0.0,0.5,0.5,29.5,0.0,0.0,0.5,CAL100,西濱S267K,-99.0,28.7,2025-07-31T23:00:00+08:00,2025-07-31T23:00:00+08:00,,-99,21-30,陰,180.0,5.4
,23.961922,120.991131,,,,0.0,27.0,0.5,118.0,210.0,270.0,3.0,8.5,109.5,C1I250,鯉潭,,,,2025-07-31T23:00:00+08:00,,,,,,
97.0,23.562643,120.665688,7.4,-99.0,,0.0,136.0,1.0,227.5,669.0,694.5,13.0,48.0,200.0,C2M960,外寮,-99.0,21.0,2025-07-31T23:00:00+08:00,2025-07-31T23:00:00+08:00,,-99,-99,陰,160.0,4.0
93.0,25.017842,121.942083,2.4,-99.0,,0.0,0.5,0.0,0.5,0.5,12.0,0.0,0.0,0.5,C2A880,福隆,-99.0,25.8,2025-07-31T23:00:00+08:00,2025-07-31T23:00:00+08:00,,-99,-99,多雲,180.0,0.6
-99.0,23.219681,120.497328,1.2,-99.0,,0.0,55.0,0.0,88.0,215.5,321.5,0.0,14.0,81.0,C2O810,曾文,-99.0,25.9,2025-07-31T23:00:00+08:00,2025-07-31T23:00:00+08:00,,-99,-99,陰,350.0,0.3
97.0,25.002719,121.742892,1.2,-99.0,,0.0,0.5,0.0,0.5,0.5,29.5,0.0,0.0,0.5,C2A650,火燒寮,-99.0,23.8,2025-07-31T23:00:00+08:00,2025-07-31T23:00:00+08:00,,-99,-99,晴,0.0,0.2
,23.374926,120.562406,,,,1.0,88.0,1.5,114.5,262.0,316.0,5.0,34.5,113.0,81M820,澐水溫泉,,,,2025-07-31T23:00:00+08:00,,,,,,
,23.986803,121.076117,,,,0.0,17.0,0.0,85.5,183.0,238.5,1.0,6.5,84.5,C1I330,楓樹林,,,,2025-07-31T23:00:00+08:00,,,,,,
91.0,25.055192,121.925264,,997.0,0.5,0.0,0.5,0.0,0.5,0.5,2.0,0.0,0.0,0.5,C0AJ90,澳底,,26.6,,2025-07-31T23:00:00+08:00,2025-07-31T23:00:00+08:00,,,,286.0,2.9
100.0,24.129842,120.858925,4.9,-99.0,,0.0,56.0,0.5,289.0,433.5,559.5,4.0,14.5,264.5,C2FB60,頭櫃山,-99.0,19.7,2025-07-31T23:00:00+08:00,2025-07-31T23:00:00+08:00,,-99,-99,陰,120.0,2.6
,24.469909,120.968785,,,,0.0,0.0,0.0,8.0,21.0,34.0,0.0,0.0,8.0,01E030,橫龍山,,,,2025-07-31T23:00:00+08:00,,,,,,
89.0,22.963017,120.327797,,996.6,-99.0,0.0,0.0,0.0,1.5,10.5,59.5,0.0,0.0,1.5,C0X170,關廟,,28.0,,2025-07-31T23:00:00+08:00,2025-07-31T23:00:00+08:00,,,,191.0,0.9
,22.383056,120.910278,,,,0.0,30.5,0.0,75.5,195.5,202.5,1.5,30.0,75.0,88S950,大鳥,,,,2025-07-31T23:00:00+08:00,,,,,,
,24.182576,121.203514,,,,0.0,9.0,0.0,74.0,123.0,187.0,0.0,4.0,54.0,01H210,翠巒,,,,2025-07-31T23:00:00+08:00,,,,,,
96.0,23.3215,121.339656,,983.9,22.5,0.0,15.0,0.0,25.0,35.5,37.0,0.0,2.0,22.5,C0Z061,玉里,,23.6,,2025-07-31T23:00:00+08:00,2025-07-31T23:00:00+08:00,,,,98.0,0.6
76.0,24.870056,121.221389,,973.8,-99.0,,,,,,,,,,C0C670,龍潭,,26.4,,,2025-07-31T23:00:00+08:00,,,,223.0,1.6
98.0,22.463447,120.533892,,1002.1,23.5,0.0,0.5,0.0,23.5,111.0,188.5,0.0,0.0,23.5,C0R850,林邊,,27.0,,2025-07-31T23:00:00+08:00,2025-07-31T23:00:00+08:00,,,,90.0,0.3
99.0,24.42595,121.01347,,802.1,-99.0,0.0,7.5,0.0,23.5,36.0,49.5,0.0,0.0,23.5,C0E940,雪見,,17.1,,2025-07-31T23:00:00+08:00,2025-07-31T23:00:00+08:00,,,,-99.0,-99.0
,22.642801,120.952564,,,,0.0,14.0,0.0,33.0,130.0,151.0,4.0,9.0,27.0,O1S680,金針山,,,,2025-07-31T23:00:00+08:00,,,,,,
89.0,25.283128,121.519058,,998.2,0.0,0.0,0.0,0.0,0.0,0.0,15.0,0.0,0.0,0.0,C0AI20,白沙灣,,28.1,,2025-07-31T23:00:00+08:00,2025-07-31T23:00:00+08:00,,,,186.0,1.8
,23.134911,120.716711,,,,4.5,153.5,6.0,418.0,1129.0,1219.0,11.5,44.5,381.0,C1V231,高中,,,,2025-07-31T23:00:00+08:00,,,,,,
,22.368323,120.663618,,,,0.0,27.0,0.0,96.0,248.0,363.0,1.0,19.0,96.0,01R040,士文,,,,2025-07-31T23:00:00+08:00,,,,,,
,23.539612,120.66493,,,,0.0,140.5,4.5,213.5,603.5,634.0,24.5,47.5,200.5,81M810,瑞里國小,,,,2025-07-31T23:00:00+08:00,,,,,,
91.0,22.332244,120.362236,,995.4,-99.0,0.0,0.0,0.0,8.0,29.5,217.0,0.0,0.0,8.0,C0R270,琉球嶼,,28.5,,2025-07-31T23:00:00+08:00,2025-07-31T23:00:00+08:00,,,,279.0,2.8
86.0,23.809928,121.539828,,946.0,12.0,0.0,2.0,0.0,12.0,17.5,21.5,0.0,1.5,12.0,C0T9A0,月眉山,,24.0,,2025-07-31T23:00:00+08:00,2025-07-31T23:00:00+08:00,,,,0.0,0.2
99.0,24.23192,120.9786,,797.6,145.5,0.5,18.0,2.5,148.5,216.0,299.0,3.0,6.0,145.5,C0FB20,雪山橋,,16.2,,2025-07-31T23:00:00+08:00,2025-07-31T23:00:00+08:00,,,,-99.0,-99.0
74.0,25.014278,121.539416,1.7,-99.0,,0.0,0.0,0.0,0.0,0.0,54.5,0.0,0.0,0.0,A0A010,臺灣大學,-99.0,29.0,2025-07-31T23:00:00+08:00,2025-07-31T23:00:00+08:00,,-99,-99,晴,280.0,0.4
,24.646103,121.151106,,,,0.0,0.0,0.0,0.0,0.0,13.5,0.0,0.0,0.0,81D660,花園派出所,,,,2025-07-31T23:00:00+08:00,,,,,,
76.0,24.648563,120.831834,11.6,996.6,,0.0,0.0,0.0,0.5,0.5,10.0,0.0,0.0,0.5,467280,後龍,2.2,27.8,2025-07-31T23:00:00+08:00,2025-07-31T23:00:00+08:00,,0,>30,多雲,210.0,4.3
87.0,24.800636,121.813892,,1000.1,0.0,0.0,0.0,0.0,0.0,0.0,7.5,0.0,0.0,0.0,C0U970,大福,,27.3,,2025-07-31T23:00:00+08:00,2025-07-31T23:00:00+08:00,,,,0.0,0.0
92.0,22.130036,120.792639,,975.9,62.5,0.0,12.5,0.0,63.5,116.5,245.5,2.0,10.5,62.5,C0R341,牡丹,,26.3,,2025-07-31T23:00:00+08:00,2025-07-31T23:00:00+08:00,,,,215.0,5.7
,22.379592,120.858181,,,,0.0,34.0,0.0,138.0,389.0,430.0,1.0,30.0,138.0,01S360,紹家,,,,2025-07-31T23:00:00+08:00,,,,,,
90.0,23.8068,120.367939,3.9,-99.0,,0.0,1.5,0.0,4.0,32.0,66.5,0.0,0.0,4.0,V2K610,大庄合作社,-99.0,28.0,2025-07-31T23:00:00+08:00,2025-07-31T23:00:00+08:00,,-99,-99,陰,180.0,1.7
80.0,25.064433,121.381972,2.7,-99.0,,0.0,0.0,0.0,0.0,0.0,49.0,0.0,0.0,0.0,CAA990,國一N039K,-99.0,27.8,2025-07-31T23:00:00+08:00,2025-07-31T23:00:00+08:00,,-99,>30,晴,200.0,0.4
90.0,22.802525,120.216369,,1001.4,7.5,0.0,7.0,0.0,7.5,7.5,69.5,0.0,0.0,7.5,C0V870,文安,,28.7,,2025-07-31T23:00:00+08:00,2025-07-31T23:00:00+08:00,,,,209.0,5.6
100.0,23.89525,121.549833,,996.2,10.5,0.0,1.0,0.0,10.5,14.0,26.0,0.0,0.0,10.5,C0Z100,東華,,24.5,,2025-07-31T23:00:00+08:00,2025-07-31T23:00:00+08:00,,,,0.0,0.0
95.0,22.605614,120.395717,,999.0,-99.0,0.0,6.0,0.0,14.5,51.5,121.0,1.0,1.0,14.5,C0V730,大寮,,28.3,,2025-07-31T23:00:00+08:00,2025-07-31T23:00:00+08:00,,,,235.0,2.0
93.0,24.699317,121.427133,2.5,-99.0,,0.0,0.0,0.0,0.0,0.0,4.5,0.0,0.0,0.0,CAC040,拉拉山,-99.0,18.8,2025-07-31T23:00:00+08:00,2025-07-31T23:00:00+08:00,,-99,-99,多雲,350.0,0.4
100.0,23.338017,120.683331,,940.4,374.5,0.0,253.5,0.5,387.5,860.0,908.0,18.0,86.0,374.5,C0M860,新美,,22.4,,2025-07-31T23:00:00+08:00,2025-07-31T23:00:00+08:00,,,,0.0,0.0
,23.979817,121.132261,,,,0.0,18.0,0.5,75.5,130.5,168.0,1.0,7.5,75.0,C1I020,萬大,,,,2025-07-31T23:00:00+08:00,,,,,,
,23.972525,120.678996,,,,0.0,116.0,0.0,243.0,433.0,433.0,23.0,38.0,237.0,01H630,草屯(4),,,,2025-07-31T23:00:00+08:00,,,,,,
,24.942842,121.638556,,,,0.0,32.5,0.0,32.5,32.5,57.0,0.0,0.0,32.5,C1A760,坪林交控,,,,2025-07-31T23:00:00+08:00,,,,,,
93.0,22.905944,120.688056,,956.8,165.0,0.0,94.0,0.0,169.0,502.0,727.5,16.5,45.0,165.0,C0V790,萬山,,25.6,,2025-07-31T23:00:00+08:00,2025-07-31T23:00:00+08:00,,,,336.0,0.9
,23.240357,120.696723,,,,0.0,260.0,4.0,573.0,1151.0,1195.0,32.0,95.0,494.0,O1V520,民權,,,,2025-07-31T23:00:00+08:00,,,,,,
,24.742156,120.906944,,,,0.0,0.0,0.0,0.0,0.0,12.0,0.0,0.0,0.0,O1D580,內湖國小,,,,2025-07-31T23:00:00+08:00,,,,,,
86.0,22.993161,120.152181,,1001.0,0.0,0.0,0.0,0.0,0.0,3.0,45.5,0.0,0.0,0.0,C0X190,安平,,28.7,,2025-07-31T23:00:00+08:00,2025-07-31T23:00:00+08:00,,,,218.0,2.3
93.0,23.897647,120.5862,,996.4,130.5,0.0,91.5,0.0,130.5,217.5,218.5,10.5,26.0,130.5,C0G860,社頭,,27.0,,2025-07-31T23:00:00+08:00,2025-07-31T23:00:00+08:00,,,,143.0,1.5
98.0,22.702394,121.082761,,999.7,13.0,0.0,1.5,0.0,19.0,67.0,73.0,0.5,0.5,13.0,C0SA60,知本水試所,,25.1,,2025-07-31T23:00:00+08:00,2025-07-31T23:00:00+08:00,,,,69.0,0.4
89.0,24.955778,121.631222,2.6,-99.0,,0.0,0.0,0.0,0.0,0.0,50.0,0.0,0.0,0.0,82A750,文山茶改,-99.0,25.6,2025-07-31T23:00:00+08:00,2025-07-31T23:00:00+08:00,,-99,-99,晴,180.0,1.2
,23.107777,120.738611,,,,0.5,148.0,0.5,357.5,946.0,1029.0,14.0,45.0,294.5,81V930,竹林,,,,2025-07-31T23:00:00+08:00,,,,,,
,22.654873,120.466375,,,,0.0,3.0,1.0,25.0,66.0,151.0,1.0,1.0,25.0,00Q070,屏東(5),,,,2025-07-31T23:00:00+08:00,,,,,,
94.0,23.596314,119.67275,,999.8,0.0,0.0,0.0,0.0,0.0,11.0,12.0,0.0,0.0,0.0,C0W200,湖西,,26.8,,2025-07-31T23:00:00+08:00,2025-07-31T23:00:00+08:00,,,,199.0,5.0
,25.017093,121.574405,,,,0.0,0.0,0.0,0.0,0.0,36.5,0.0,0.0,0.0,A1AC70,挹翠山莊,,,,2025-07-31T23:00:00+08:00,,,,,,
87.0,24.451272,120.930192,,910.8,19.5,0.0,0.5,0.5,20.0,32.5,40.0,0.5,0.5,19.5,C0E610,馬都安,,22.5,,2025-07-31T23:00:00+08:00,2025-07-31T23:00:00+08:00,,,,0.0,0.0
90.0,22.205403,120.887614,,977.0,188.5,0.0,26.5,0.5,191.5,371.0,432.5,2.5,25.5,188.5,C0R720,旭海,,25.8,,2025-07-31T23:00:00+08:00,2025-07-31T23:00:00+08:00,,,,260.0,6.7
,23.740881,121.42608,,,,0.0,7.5,0.0,17.5,25.5,27.0,0.0,4.5,17.5,81T9J0,鳳義坑,,,,2025-07-31T23:00:00+08:00,,,,,,
,23.668178,120.887417,,,,0.0,52.5,0.0,145.5,264.0,279.5,3.5,13.5,130.5,C1I290,豐丘,,,,2025-07-31T23:00:00+08:00,,,,,,
97.0,24.137006,120.637969,,993.6,324.5,0.0,45.0,0.0,336.0,453.0,456.0,9.5,20.0,324.5,C0F9U0,南屯,,24.6,,2025-07-31T23:00:00+08:00,2025-07-31T23:00:00+08:00,,,,171.0,0.8
88.0,24.941803,121.902956,,998.5,0.0,0.0,0.0,0.0,0.0,0.5,8.0,0.0,0.0,0.0,C0UA80,大溪漁港,,28.4,,2025-07-31T23:00:00+08:00,2025-07-31T23:00:00+08:00,,,,250.0,0.5
100.0,23.460833,120.375833,6.2,-99.0,,0.0,16.5,0.0,16.5,55.5,139.0,1.0,4.0,16.5,CAL030,國一N268K,-99.0,27.5,2025-07-31T23:00:00+08:00,2025-07-31T23:00:00+08:00,,-99,-99,陰,170.0,4.2
90.0,22.478205,120.415136,,1002.0,26.5,0.0,3.5,0.0,26.5,70.5,149.5,0.0,0.5,26.5,C0V900,汕尾,,27.8,,2025-07-31T23:00:00+08:00,2025-07-31T23:00:00+08:00,,,,248.0,3.1
,23.360891,119.500614,,,,0.0,0.0,0.0,0.0,2.0,140.0,0.0,0.0,0.0,01W010,望安,,,,2025-07-31T23:00:00+08:00,,,,,,
98.0,24.030322,120.549461,,997.4,218.5,0.0,64.5,0.0,262.0,366.5,366.5,3.5,7.5,218.5,C0G910,花壇,,28.1,,2025-07-31T23:00:00+08:00,2025-07-31T23:00:00+08:00,,,,132.0,2.7
90.0,23.975222,121.563889,2.6,-99.0,,0.0,1.0,0.0,10.5,11.5,17.0,0.0,0.5,10.5,72T250,花蓮農改,-99.0,24.7,2025-07-31T23:00:00+08:00,2025-07-31T23:00:00+08:00,,-99,-99,多雲,290.0,0.4
,22.935472,120.309406,,,,0.0,7.0,0.0,13.5,14.5,108.0,0.0,0.0,13.5,C1N001,沙崙,,,,2025-07-31T23:00:00+08:00,,,,,,
73.0,25.184592,121.408617,,997.4,0.0,0.0,0.0,0.0,0.0,0.0,60.0,0.0,0.0,0.0,C0AJ30,淡水觀海,,29.8,,2025-07-31T23:00:00+08:00,2025-07-31T23:00:00+08:00,,,,188.0,2.0
,24.40135,120.837533,,,,0.0,5.0,2.5,43.0,54.0,60.0,4.0,4.0,41.0,C1E691,南湖,,,,2025-07-31T23:00:00+08:00,,,,,,
99.0,23.918333,120.885278,0.5,-99.0,,0.0,80.5,0.0,247.5,486.0,526.0,2.0,19.0,237.5,E2H360,蓮華池,-99.0,21.6,2025-07-31T23:00:00+08:00,2025-07-31T23:00:00+08:00,,-99,-99,陰,0.0,0.0
86.0,22.598,120.99775,6.9,-99.0,,0.0,4.0,0.0,10.5,55.5,63.0,1.5,3.0,9.5,E2S960,太麻里(2),-99.0,25.9,2025-07-31T23:00:00+08:00,2025-07-31T23:00:00+08:00,,-99,-99,陰,250.0,1.9
98.0,22.264347,120.823972,,945.6,190.5,0.0,53.0,0.5,201.0,391.0,486.0,6.0,26.5,190.5,C0SA90,達仁林場,,24.4,,2025-07-31T23:00:00+08:00,2025-07-31T23:00:00+08:00,,,,318.0,1.3
100.0,22.168389,120.841225,,942.3,138.5,0.0,47.5,0.5,147.0,290.0,393.0,5.0,25.5,138.5,C0R840,牡丹池山,,23.4,,2025-07-31T23:00:00+08:00,2025-07-31T23:00:00+08:00,,,,281.0,8.0
100.0,23.508208,120.813242,5.0,-99.0,,0.0,135.0,8.5,285.5,735.0,788.5,19.0,23.0,266.0,467530,阿里山,0.0,14.3,2025-07-31T23:00:00+08:00,2025-07-31T23:00:00+08:00,,0,3-6,陰有靄,10.0,0.7
,22.708369,120.649251,,,,0.0,72.0,0.0,152.0,253.0,342.0,7.0,33.0,141.0,01Q930,三地門,,,,2025-07-31T23:00:00+08:00,,,,,,
91.0,22.7405,120.490503,,997.0,25.0,0.0,14.0,0.0,25.0,66.5,197.5,1.0,1.5,25.0,C0R490,九如,,27.9,,2025-07-31T23:00:00+08:00,2025-07-31T23:00:00+08:00,,,,152.0,1.4
,24.609167,121.686944,,,,0.0,0.0,0.0,0.0,0.0,0.5,0.0,0.0,0.0,88U940,寒溪,,,,2025-07-31T23:00:00+08:00,,,,,,
89.0,22.887139,120.2445,,999.2,6.0,0.0,6.0,0.5,6.0,6.0,80.0,0.5,0.5,6.0,C0V640,湖內,,27.8,,2025-07-31T23:00:00+08:00,2025-07-31T23:00:00+08:00,,,,202.0,2.2
82.0,24.76056,120.9911,4.4,-99.0,,0.0,0.0,0.0,0.0,0.0,15.0,0.0,0.0,0.0,CAD060,國一S098K,-99.0,28.2,2025-07-31T23:00:00+08:00,2025-07-31T23:00:00+08:00,,-99,-99,晴,190.0,1.8
,24.939858,121.470989,,,,0.0,0.0,0.0,0.0,0.0,48.0,0.0,0.0,0.0,81AH80,五城加油站,,,,2025-07-31T23:00:00+08:00,,,,,,
76.0,24.413925,121.783247,,938.1,-99.0,0.0,0.0,0.0,5.5,5.5,5.5,0.0,0.0,5.5,C0UA60,樟樹山,,25.9,,2025-07-31T23:00:00+08:00,2025-07-31T23:00:00+08:00,,,,30.0,1.3
100.0,23.859914,120.637572,2.1,-99.0,,0.0,192.0,0.0,297.5,426.0,426.0,26.5,58.5,297.0,C2H9T0,名間竹圍,-99.0,23.4,2025-07-31T23:00:00+08:00,2025-07-31T23:00:00+08:00,,-99,-99,陰,160.0,0.9
85.0,22.508275,120.359141,,1000.6,2.0,0.0,0.0,0.0,2.0,45.0,110.0,0.0,0.0,2.0,C0V840,鳳鼻頭,,28.3,,2025-07-31T23:00:00+08:00,2025-07-31T23:00:00+08:00,,,,237.0,4.1
,24.425484,120.727759,,,,0.0,0.0,0.0,41.0,58.0,61.0,0.0,0.0,36.0,01E330,大坪頂,,,,2025-07-31T23:00:00+08:00,,,,,,
,23.424513,120.641716,,,,0.0,207.0,3.0,292.0,611.0,646.0,31.0,82.0,288.0,01L360,小公田(2),,,,2025-07-31T23:00:00+08:00,,,,,,
,25.059541,121.820556,,,,0.0,3.0,0.0,3.0,3.0,22.0,0.0,0.0,3.0,01AF90,三貂嶺,,,,2025-07-31T23:00:00+08:00,,,,,,
,23.406728,120.654417,,,,0.5,157.0,2.5,270.0,611.0,644.5,24.5,59.5,261.0,C1M390,龍美,,,,2025-07-31T23:00:00+08:00,,,,,,
100.0,22.660269,120.494027,2.6,-99.0,,1.0,11.5,1.0,31.5,79.0,165.5,1.5,9.5,30.0,C2R170,屏東,-99.0,26.1,2025-07-31T23:00:00+08:00,2025-07-31T23:00:00+08:00,,-99,-99,陰有雨,120.0,0.8
,23.958697,120.917931,,,,0.0,47.5,0.0,227.5,363.5,398.0,3.0,19.0,210.5,C1I240,外大坪,,,,2025-07-31T23:00:00+08:00,,,,,,
94.0,23.812553,120.849792,,968.9,299.5,0.0,83.0,0.0,315.5,722.5,745.0,4.5,5.0,299.5,C0I360,水里,,23.7,,2025-07-31T23:00:00+08:00,2025-07-31T23:00:00+08:00,,,,127.0,1.5
,23.905333,120.846983,,,,0.0,102.0,0.0,271.0,565.0,606.0,8.0,20.0,256.5,C1I220,樟湖,,,,2025-07-31T23:00:00+08:00,,,,,,
91.0,22.049094,121.512142,,999.9,16.5,0.0,8.5,0.0,16.5,17.5,56.5,0.0,0.0,16.5,C0S900,蘭嶼高中,,28.5,,2025-07-31T23:00:00+08:00,2025-07-31T23:00:00+08:00,,,,278.0,5.3
93.0,23.553261,120.345719,,999.5,11.0,0.0,1.0,0.0,11.0,30.0,98.0,0.0,0.0,11.0,C0M790,新港,,27.5,,2025-07-31T23:00:00+08:00,2025-07-31T23:00:00+08:00,,,,210.0,1.0
93.0,23.369892,120.248047,,1000.2,1.0,0.0,0.0,0.0,1.0,5.0,25.0,0.0,0.0,1.0,C0M520,東後寮,,28.0,,2025-07-31T23:00:00+08:00,2025-07-31T23:00:00+08:00,,,,192.0,1.9
-99.0,23.538372,120.702961,13.6,-99.0,,0.5,122.5,5.5,300.5,780.0,816.0,21.5,40.5,269.5,C2M950,太和,-99.0,19.5,2025-07-31T23:00:00+08:00,2025-07-31T23:00:00+08:00,,-99,-99,陰有雨,190.0,1.8
99.0,23.866003,120.452806,,998.1,-99.0,0.0,5.5,0.0,18.5,75.0,76.0,0.0,0.5,18.5,C0G830,埤頭,,27.0,,2025-07-31T23:00:00+08:00,2025-07-31T23:00:00+08:00,,,,155.0,1.8
85.0,24.817539,121.765608,,998.2,0.0,0.0,0.0,0.0,0.0,0.0,4.0,0.0,0.0,0.0,C0U600,礁溪,,27.3,,2025-07-31T23:00:00+08:00,2025-07-31T23:00:00+08:00,,,,327.0,0.6
83.0,24.841667,121.953133,,955.8,0.0,0.0,0.0,0.0,0.0,0.0,7.5,0.0,0.0,0.0,C0U750,龜山島,,26.2,,2025-07-31T23:00:00+08:00,2025-07-31T23:00:00+08:00,,,,288.0,1.7
91.0,23.574056,120.291786,,999.1,1.5,0.0,0.0,0.0,1.5,7.5,43.0,0.0,0.0,1.5,C0K410,北港,,27.9,,2025-07-31T23:00:00+08:00,2025-07-31T23:00:00+08:00,,,,186.0,3.8
,22.457746,120.922713,,,,0.0,1.0,0.0,12.0,210.5,243.0,0.5,1.0,10.5,81S880,愛國埔分校,,,,2025-07-31T23:00:00+08:00,,,,,,
100.0,23.953536,120.833183,1.3,-99.0,,0.0,92.0,0.0,323.0,550.0,572.0,5.0,27.5,305.5,C2H9S0,龍南,-99.0,20.3,2025-07-31T23:00:00+08:00,2025-07-31T23:00:00+08:00,,-99,-99,陰,10.0,0.3
90.0,24.332372,120.717144,9.1,-99.0,,0.0,0.5,0.0,103.5,140.5,141.0,0.0,0.5,101.5,CAF950,國一N158K,-99.0,26.5,2025-07-31T23:00:00+08:00,2025-07-31T23:00:00+08:00,,-99,7-10,陰,130.0,4.0
96.0,24.03405,120.503869,,997.9,132.5,0.0,57.5,0.0,153.5,210.0,210.5,3.0,5.5,132.5,C0G780,秀水,,27.8,,2025-07-31T23:00:00+08:00,2025-07-31T23:00:00+08:00,,,,137.0,2.3
,23.183511,120.484083,,,,0.0,57.0,0.0,74.0,143.0,264.5,0.0,21.5,64.5,C1O921,楠西,,,,2025-07-31T23:00:00+08:00,,,,,,
,22.975659,120.467014,,,,0.0,21.0,0.0,49.0,84.0,215.0,0.0,4.0,47.0,01P190,木柵,,,,2025-07-31T23:00:00+08:00,,,,,,
,22.926574,120.509127,,,,0.0,46.0,0.0,132.0,190.0,369.0,0.0,13.0,130.0,O1V820,圓富國中,,,,2025-07-31T23:00:00+08:00,,,,,,
97.0,24.776203,121.502811,0.9,-99.0,,0.0,0.0,0.0,0.0,0.0,6.0,0.0,0.0,0.0,C2A560,福山,-99.0,23.4,2025-07-31T23:00:00+08:00,2025-07-31T23:00:00+08:00,,-99,-99,多雲,0.0,0.0
,23.972934,121.605986,,,,0.0,0.0,0.0,9.0,9.0,15.0,0.0,0.0,9.0,O1T840,花蓮,,,,2025-07-31T23:00:00+08:00,,,,,,
,24.641389,121.278611,,,,0.0,0.0,0.0,0.0,0.0,8.5,0.0,0.0,0.0,81D670,田埔分校,,,,2025-07-31T23:00:00+08:00,,,,,,
91.0,24.848222,121.597992,,960.6,12.0,0.0,12.0,0.0,12.0,12.0,27.5,0.0,0.0,12.0,C0A570,桶後,,23.7,,2025-07-31T23:00:00+08:00,2025-07-31T23:00:00+08:00,,,,89.0,0.5
99.0,22.305064,120.642986,,1000.1,43.0,0.0,18.5,0.0,43.0,93.0,184.0,0.0,14.0,43.0,C0R810,內獅,,27.0,,2025-07-31T23:00:00+08:00,2025-07-31T23:00:00+08:00,,,,0.0,0.0
,24.573125,121.10352,,,,0.0,0.0,0.0,7.0,8.0,14.0,0.0,0.0,7.0,01D110,清泉,,,,2025-07-31T23:00:00+08:00,,,,,,
,23.979067,120.867742,,,,0.0,69.5,0.0,309.0,523.5,573.0,2.0,23.5,294.5,C1I550,國六W023K,,,,2025-07-31T23:00:00+08:00,,,,,,
97.0,22.767777,120.444444,1.8,-99.0,,0.5,11.5,1.5,35.5,69.5,184.0,1.5,4.5,35.0,CAP060,國三S385K,-99.0,25.5,2025-07-31T23:00:00+08:00,2025-07-31T23:00:00+08:00,,-99,3-6,陰有雨,170.0,0.3
87.0,24.193628,120.570311,9.0,-99.0,,0.0,5.0,0.0,140.5,161.5,171.0,2.5,3.0,136.5,CAF980,國三N183K,-99.0,25.0,2025-07-31T23:00:00+08:00,2025-07-31T23:00:00+08:00,,-99,7-10,陰,130.0,5.0
100.0,23.470489,120.955994,,640.6,-99.0,,,,,,,,,,C0I520,玉山風口,,7.6,,,2025-07-31T23:00:00+08:00,,,,271.0,8.2
89.0,23.103439,120.086694,10.0,-99.0,,0.0,0.0,0.0,0.0,18.0,22.0,0.0,0.0,0.0,CAN120,西濱N304K,-99.0,28.4,2025-07-31T23:00:00+08:00,2025-07-31T23:00:00+08:00,,-99,21-30,陰,220.0,6.9
84.0,24.489681,120.790853,,983.3,-99.0,0.0,0.0,0.0,27.0,33.5,42.5,0.0,0.0,22.5,C0E780,銅鑼,,26.3,,2025-07-31T23:00:00+08:00,2025-07-31T23:00:00+08:00,,,,221.0,1.3
100.0,23.911108,120.846556,2.7,-99.0,,0.0,107.0,0.0,248.5,525.5,557.5,7.0,17.5,236.5,C2H9E0,國姓南港,-99.0,19.6,2025-07-31T23:00:00+08:00,2025-07-31T23:00:00+08:00,,-99,-99,陰,120.0,1.5
,23.590386,120.744799,,,,0.0,134.0,5.0,290.0,685.0,714.5,21.0,29.0,229.0,81M020,豐山,,,,2025-07-31T23:00:00+08:00,,,,,,
,23.585344,120.180517,,,,0.0,0.0,0.0,0.0,4.5,8.0,0.0,0.0,0.0,C1K540,口湖,,,,2025-07-31T23:00:00+08:00,,,,,,
-99.0,24.39792,120.98599,,-99.0,-99.0,,,,,,,,,,C0E950,松安,,-99.0,,,2025-07-31T23:00:00+08:00,,,,-99.0,-99.0
,25.031696,121.521906,,,,0.0,0.0,0.0,0.0,0.0,53.0,0.0,0.0,0.0,A1A9Z0,中正國中,,,,2025-07-31T23:00:00+08:00,,,,,,
83.0,23.880628,121.581981,,954.8,10.5,0.0,0.5,0.0,10.5,12.5,19.5,0.0,0.5,10.5,C0T9E0,大坑,,24.4,,2025-07-31T23:00:00+08:00,2025-07-31T23:00:00+08:00,,,,233.0,0.5
,24.526914,120.830806,,,,0.0,0.0,0.0,29.5,33.0,37.5,0.0,0.0,25.5,C1E770,公館,,,,2025-07-31T23:00:00+08:00,,,,,,
,24.531772,121.451236,,,,0.0,0.0,0.0,2.0,2.0,2.0,0.0,0.0,2.0,01U070,留茂安,,,,2025-07-31T23:00:00+08:00,,,,,,
,23.469067,120.701672,,,,0.0,207.5,5.0,306.0,697.5,737.5,31.5,52.5,296.0,81M660,阿里山國小,,,,2025-07-31T23:00:00+08:00,,,,,,
,23.793361,120.949378,,,,0.0,50.5,0.5,164.0,430.5,439.5,2.0,7.5,159.0,C1I150,青雲,,,,2025-07-31T23:00:00+08:00,,,,,,
100.0,23.86008,120.6375,2.4,-99.0,,0.0,190.0,0.0,294.5,424.0,424.0,26.0,58.0,294.5,CAH030,茶改場竹圍站,-99.0,23.5,2025-07-31T23:00:00+08:00,2025-07-31T23:00:00+08:00,,-99,-99,陰,160.0,1.0
79.0,24.831989,120.914439,,998.3,0.0,0.0,0.0,0.0,0.0,0.0,28.5,0.0,0.0,0.0,C0D670,海天一線,,28.4,,2025-07-31T23:00:00+08:00,2025-07-31T23:00:00+08:00,,,,198.0,6.1
86.0,24.675456,121.794583,2.2,-99.0,,0.0,0.0,0.0,0.0,0.0,1.0,0.0,0.0,0.0,CAUB50,國五S047K,-99.0,28.2,2025-07-31T23:00:00+08:00,2025-07-31T23:00:00+08:00,,-99,-99,多雲,250.0,1.1
,23.087497,120.575997,,,,0.0,90.0,1.0,184.5,347.5,549.0,1.0,38.5,168.0,F1V860,甲仙,,,,2025-07-31T23:00:00+08:00,,,,,,
98.0,22.857861,120.516667,4.7,-99.0,,0.0,32.5,0.0,65.0,123.5,296.5,0.5,2.5,62.5,72V140,旗南農改,-99.0,26.1,2025-07-31T23:00:00+08:00,2025-07-31T23:00:00+08:00,,-99,-99,陰,130.0,1.6
89.0,23.22881,120.29962,4.7,-99.0,,0.0,6.0,0.0,9.5,28.0,50.5,1.0,2.0,9.5,CAN140,六官養殖協會,-99.0,27.8,2025-07-31T23:00:00+08:00,2025-07-31T23:00:00+08:00,,-99,-99,陰,150.0,2.9
100.0,24.109231,121.326456,,680.6,39.5,0.0,5.5,0.0,40.0,58.5,90.0,0.0,1.5,39.5,C0I540,奇萊稜線,,9.5,,2025-07-31T23:00:00+08:00,2025-07-31T23:00:00+08:00,,,,261.0,4.0
,25.175833,121.689444,,,,0.0,0.0,0.0,0.0,0.0,16.5,0.0,0.0,0.0,81AH50,萬里國小,,,,2025-07-31T23:00:00+08:00,,,,,,
,25.079005,121.696626,,,,0.0,0.0,0.0,0.0,0.0,26.0,0.0,0.0,0.0,01B030,五堵,,,,2025-07-31T23:00:00+08:00,,,,,,
,24.981493,121.580302,,,,0.0,0.0,0.0,0.0,0.0,28.5,0.0,0.0,0.0,A1AC40,指南里,,,,2025-07-31T23:00:00+08:00,,,,,,
93.0,24.143358,120.443536,,998.1,36.5,0.0,5.0,0.0,37.0,73.0,74.0,5.0,5.0,36.5,C0G900,線西,,25.7,,2025-07-31T23:00:00+08:00,2025-07-31T23:00:00+08:00,,,,179.0,1.6
,24.437089,121.379327,,,,0.0,1.0,0.0,12.0,12.0,17.0,0.0,0.0,12.0,01U080,南山,,,,2025-07-31T23:00:00+08:00,,,,,,
,24.635269,120.820796,,,,0.0,0.0,0.0,1.0,1.0,9.0,0.0,0.0,1.0,01E390,大潭,,,,2025-07-31T23:00:00+08:00,,,,,,
89.0,22.003897,120.746339,6.6,999.9,,0.0,19.0,0.0,55.0,73.5,340.0,0.0,17.0,55.0,467590,恆春,0.0,28.1,2025-07-31T23:00:00+08:00,2025-07-31T23:00:00+08:00,,0,21-30,陰,270.0,1.9
,24.393125,121.347214,,,,0.0,4.5,0.0,24.0,25.5,26.0,0.0,0.0,24.0,C1U920,思源,,,,2025-07-31T23:00:00+08:00,,,,,,
,24.600282,121.529309,,,,0.0,0.0,0.0,0.0,0.5,0.5,0.0,0.0,0.0,81U870,樂水分校,,,,2025-07-31T23:00:00+08:00,,,,,,
,24.935556,121.886944,,,,0.0,0.0,0.0,0.0,2.0,13.5,0.0,0.0,0.0,81U900,大溪國小,,,,2025-07-31T23:00:00+08:00,,,,,,
95.0,22.845555,120.295,6.7,-99.0,,0.5,12.5,0.5,19.0,27.0,103.5,1.5,2.0,19.0,CAP010,國一S342K,-99.0,27.5,2025-07-31T23:00:00+08:00,2025-07-31T23:00:00+08:00,,-99,-99,陰有雨,180.0,3.7
96.0,21.931672,120.838942,,989.8,33.0,0.0,4.0,0.0,33.0,54.0,171.5,0.0,0.0,33.0,C0R710,龍磐,,26.9,,2025-07-31T23:00:00+08:00,2025-07-31T23:00:00+08:00,,,,268.0,5.2
97.0,24.864781,121.773961,,938.5,-99.0,0.0,0.0,0.0,0.0,0.0,23.0,0.0,0.0,0.0,C0U980,坪林石牌,,23.2,,2025-07-31T23:00:00+08:00,2025-07-31T23:00:00+08:00,,,,320.0,2.0
,23.661789,120.807647,,,,0.0,79.5,1.0,196.5,394.0,414.5,6.0,12.5,172.5,C1I101,溪頭,,,,2025-07-31T23:00:00+08:00,,,,,,
,23.421147,121.267631,,,,0.0,19.5,0.0,29.0,42.0,50.0,0.5,2.0,26.5,C1Z240,中平林道,,,,2025-07-31T23:00:00+08:00,,,,,,
78.0,24.527806,120.770972,10.3,-99.0,,0.0,0.0,0.0,54.0,56.5,64.5,0.0,0.0,42.5,B2E890,新竹畜試,-99.0,27.7,2025-07-31T23:00:00+08:00,2025-07-31T23:00:00+08:00,,-99,-99,多雲,190.0,3.7
79.0,22.478475,120.943325,,958.5,15.5,0.0,2.5,0.0,15.5,226.5,262.5,0.5,1.5,15.5,C0S770,大溪山,,26.0,,2025-07-31T23:00:00+08:00,2025-07-31T23:00:00+08:00,,,,37.0,0.8
,23.710574,120.917657,,,,0.0,56.0,0.0,182.0,331.0,364.0,2.0,6.0,173.0,01H470,西巒,,,,2025-07-31T23:00:00+08:00,,,,,,
94.0,22.765833,120.328888,6.9,-99.0,,0.5,2.5,0.5,10.5,12.5,77.0,1.0,1.5,10.5,CAP030,國一N351K,-99.0,27.3,2025-07-31T23:00:00+08:00,2025-07-31T23:00:00+08:00,,-99,-99,陰有雨,240.0,3.4
,23.010004,121.148008,,,,0.5,11.0,0.5,26.0,67.5,75.0,1.5,4.5,25.0,81S570,月眉國小,,,,2025-07-31T23:00:00+08:00,,,,,,
75.0,24.966128,121.008583,,999.8,0.0,0.0,0.0,0.0,0.0,0.0,32.5,0.0,0.0,0.0,C0C730,中大臨海站,,28.5,,2025-07-31T23:00:00+08:00,2025-07-31T23:00:00+08:00,,,,215.0,2.1
,23.667997,120.876961,,,,0.0,56.0,0.0,155.0,278.5,300.0,4.0,16.5,136.5,81I560,豐丘,,,,2025-07-31T23:00:00+08:00,,,,,,
,24.705412,121.183143,,,,0.0,0.0,0.0,0.0,0.0,24.0,0.0,0.0,0.0,81D650,內灣國小,,,,2025-07-31T23:00:00+08:00,,,,,,
100.0,24.143442,121.272547,,675.8,-99.0,0.0,8.0,0.0,58.5,118.5,183.0,0.0,2.0,56.5,C0H9C0,合歡山頂,,9.7,,2025-07-31T23:00:00+08:00,2025-07-31T23:00:00+08:00,,,,342.0,1.6
,23.492153,120.753683,,,,0.0,140.5,6.0,263.5,718.5,759.0,16.5,24.5,246.5,C1M640,十字,,,,2025-07-31T23:00:00+08:00,,,,,,
84.0,23.047062,121.343223,,997.0,14.0,0.0,9.5,0.5,14.5,32.0,32.5,1.0,4.0,14.0,C0SB50,叭嗡嗡,,26.2,,2025-07-31T23:00:00+08:00,2025-07-31T23:00:00+08:00,,,,328.0,1.8
86.0,23.386047,120.477331,,994.7,77.5,0.0,43.5,0.0,77.5,144.0,210.0,0.0,12.0,77.5,C0X300,鹿寮,,27.4,,2025-07-31T23:00:00+08:00,2025-07-31T23:00:00+08:00,,,,202.0,1.5
79.0,24.84444,121.0214,5.7,-99.0,,0.0,0.0,0.0,0.0,0.0,33.5,0.0,0.0,0.0,CAD040,國一S088K,-99.0,29.3,2025-07-31T23:00:00+08:00,2025-07-31T23:00:00+08:00,,-99,>30,晴,180.0,1.8
,23.6906,120.851828,,,,0.0,70.0,0.0,197.0,357.0,379.0,5.0,9.0,175.0,01H780,內茅埔(2),,,,2025-07-31T23:00:00+08:00,,,,,,
97.0,24.081389,120.556667,5.9,-99.0,,0.0,37.5,0.0,208.5,287.5,288.0,1.0,5.0,194.5,A0G720,彰師大,-99.0,25.4,2025-07-31T23:00:00+08:00,2025-07-31T23:00:00+08:00,,-99,-99,陰,90.0,1.7
,24.632808,121.160575,,,,0.0,0.0,0.0,0.5,0.5,14.5,0.0,0.0,0.5,C1D420,太閣南,,,,2025-07-31T23:00:00+08:00,,,,,,
97.0,24.510856,121.608044,,808.0,4.0,0.0,0.0,0.0,4.0,4.0,5.0,0.0,0.0,4.0,C0U960,翠峰湖,,16.2,,2025-07-31T23:00:00+08:00,2025-07-31T23:00:00+08:00,,,,13.0,0.3
,23.199503,121.027,,,,0.0,23.5,0.5,71.5,134.5,148.0,5.0,6.5,66.5,C1S670,摩天,,,,2025-07-31T23:00:00+08:00,,,,,,
91.0,24.448431,118.451786,9.1,-99.0,,0.0,0.0,0.0,0.0,0.0,0.0,0.0,0.0,0.0,C2W030,金門(東),-99.0,28.1,2025-07-31T23:00:00+08:00,2025-07-31T23:00:00+08:00,,-99,-99,陰,200.0,3.7
77.0,24.637056,120.864778,,998.1,1.0,0.0,0.0,0.0,5.0,5.0,11.0,0.0,0.0,1.0,C0E740,造橋,,27.7,,2025-07-31T23:00:00+08:00,2025-07-31T23:00:00+08:00,,,,227.0,1.4
94.0,24.248517,120.903319,,897.9,193.5,0.0,13.0,0.5,201.5,266.5,349.0,2.5,4.0,193.5,C0F0C0,中坑,,20.4,,2025-07-31T23:00:00+08:00,2025-07-31T23:00:00+08:00,,,,183.0,2.3
,24.989295,121.543203,,,,0.0,0.0,0.0,0.0,0.0,43.0,0.0,0.0,0.0,A1AG70,仙跡岩,,,,2025-07-31T23:00:00+08:00,,,,,,
96.0,23.848253,120.386764,,1000.2,5.5,0.0,0.5,0.5,5.5,34.5,44.5,0.5,0.5,5.5,C0G940,竹塘,,27.0,,2025-07-31T23:00:00+08:00,2025-07-31T23:00:00+08:00,,,,0.0,0.0
,24.106999,121.199288,,,,0.0,14.0,0.0,83.0,157.0,243.0,0.0,9.0,75.0,01H310,翠峰,,,,2025-07-31T23:00:00+08:00,,,,,,
,24.056661,120.911322,,,,0.0,38.0,1.0,288.0,463.5,617.0,2.5,21.0,273.5,81H960,北港國小,,,,2025-07-31T23:00:00+08:00,,,,,,
98.0,23.928228,121.091411,,836.5,79.0,0.0,23.0,0.5,79.5,134.5,161.0,1.5,7.0,79.0,C0I490,萬大林道,,17.4,,2025-07-31T23:00:00+08:00,2025-07-31T23:00:00+08:00,,,,79.0,1.6
,23.084972,120.788475,,,,0.5,243.0,30.0,532.0,1280.5,1394.0,55.0,124.0,507.0,C1V580,溪南(特),,,,2025-07-31T23:00:00+08:00,,,,,,
77.0,24.767147,121.057881,,984.9,0.0,0.0,0.0,0.0,0.0,0.0,14.5,0.0,0.0,0.0,C0D560,竹東,,27.9,,2025-07-31T23:00:00+08:00,2025-07-31T23:00:00+08:00,,,,183.0,0.9
,23.274033,120.911764,,,,1.0,99.0,3.0,261.0,519.5,558.0,9.0,22.5,242.0,C1V190,南天池,,,,2025-07-31T23:00:00+08:00,,,,,,
85.0,24.251494,120.589683,9.1,-99.0,,0.0,4.5,0.0,136.5,176.0,176.5,2.0,2.5,133.5,CAF960,國三S175K,-99.0,25.7,2025-07-31T23:00:00+08:00,2025-07-31T23:00:00+08:00,,-99,7-10,陰,130.0,3.2
90.0,23.646064,120.431525,,997.8,16.0,0.0,3.0,0.0,16.0,62.5,90.5,0.0,0.5,16.0,C0K450,大埤,,27.5,,2025-07-31T23:00:00+08:00,2025-07-31T23:00:00+08:00,,,,186.0,2.8
,25.029194,121.558106,,,,0.0,0.0,0.0,0.0,0.0,48.0,0.0,0.0,0.0,A1AA00,三興國小,,,,2025-07-31T23:00:00+08:00,,,,,,
,24.463414,120.680019,,,,0.0,0.0,0.0,33.0,41.0,41.5,0.0,0.0,30.5,C1E890,國三N149K,,,,2025-07-31T23:00:00+08:00,,,,,,
79.0,24.897536,121.792444,,894.0,3.0,0.0,3.0,0.0,3.0,3.0,22.5,0.0,0.0,3.0,C0U950,鶯子嶺,,21.9,,2025-07-31T23:00:00+08:00,2025-07-31T23:00:00+08:00,,,,183.0,1.7
84.0,24.819144,121.782378,2.7,-99.0,,0.0,0.0,0.0,0.0,0.0,5.5,0.0,0.0,0.0,CAUB30,國五S031K,-99.0,28.2,2025-07-31T23:00:00+08:00,2025-07-31T23:00:00+08:00,,-99,-99,晴,350.0,1.2
97.0,24.678347,121.208558,,942.4,0.0,0.0,0.0,0.0,0.0,0.0,17.0,0.0,0.0,0.0,C0D360,梅花,,24.3,,2025-07-31T23:00:00+08:00,2025-07-31T23:00:00+08:00,,,,0.0,0.0
90.0,25.273672,121.6012,,984.2,0.0,0.0,0.0,0.0,0.0,0.0,7.5,0.0,0.0,0.0,C0AJ40,石門,,26.3,,2025-07-31T23:00:00+08:00,2025-07-31T23:00:00+08:00,,,,186.0,0.6
,24.597043,121.00036,,,,0.0,0.0,0.0,2.0,2.0,27.0,0.0,0.0,2.0,01E170,南庄(1),,,,2025-07-31T23:00:00+08:00,,,,,,
,22.838676,121.139022,,,,0.0,7.0,0.0,49.0,99.0,105.0,0.0,5.0,44.0,O1S650,利吉國小,,,,2025-07-31T23:00:00+08:00,,,,,,
,24.637836,121.573656,,,,0.0,0.0,0.0,0.0,0.0,0.0,0.0,0.0,0.0,C1U501,牛鬥,,,,2025-07-31T23:00:00+08:00,,,,,,
99.0,24.352825,121.308286,2.9,-99.0,,0.0,7.5,0.0,32.0,36.0,39.5,0.0,0.0,32.0,A0F010,武陵,-99.0,17.4,2025-07-31T23:00:00+08:00,2025-07-31T23:00:00+08:00,,-99,-99,陰,100.0,1.6
91.0,22.545064,120.392592,,996.2,6.0,0.0,5.0,0.0,6.0,85.5,145.5,0.0,0.0,6.0,C0V450,鳳森,,27.6,,2025-07-31T23:00:00+08:00,2025-07-31T23:00:00+08:00,,,,212.0,1.8
89.0,24.179494,120.641275,,989.1,260.5,0.0,22.5,0.0,273.0,343.5,349.5,2.0,9.5,260.5,C0F9T0,西屯,,25.5,,2025-07-31T23:00:00+08:00,2025-07-31T23:00:00+08:00,,,,166.0,1.1
94.0,23.748675,120.609642,,991.3,202.0,0.0,120.0,0.0,206.5,318.0,318.5,14.0,53.5,202.0,C0K470,林內,,25.1,,2025-07-31T23:00:00+08:00,2025-07-31T23:00:00+08:00,,,,115.0,2.2
76.0,24.60725,120.826094,,998.0,-99.0,0.0,0.0,0.0,10.5,11.0,15.5,0.0,0.0,3.5,C0E870,高鐵苗栗,,27.9,,2025-07-31T23:00:00+08:00,2025-07-31T23:00:00+08:00,,,,208.0,1.3
,24.614906,121.637272,,,,0.0,0.0,0.0,0.0,0.0,1.0,0.0,0.0,0.0,01U790,清水,,,,2025-07-31T23:00:00+08:00,,,,,,
95.0,24.28025,121.02627,,741.0,80.0,0.5,14.5,1.0,80.5,117.5,179.0,1.0,3.0,80.0,C0FA80,小雪山天池,,12.9,,2025-07-31T23:00:00+08:00,2025-07-31T23:00:00+08:00,,,,102.0,2.3
,22.76625,120.64444,,,,0.0,46.0,0.0,91.0,213.0,391.0,0.0,18.0,89.0,01Q610,古夏,,,,2025-07-31T23:00:00+08:00,,,,,,
88.0,23.150194,121.070025,,916.3,51.5,0.0,17.5,1.0,57.0,108.0,118.0,4.0,8.5,51.5,C0S660,下馬,,22.5,,2025-07-31T23:00:00+08:00,2025-07-31T23:00:00+08:00,,,,266.0,1.7
92.0,22.646611,120.356083,5.5,-99.0,,0.0,0.5,0.5,3.5,13.0,86.0,0.5,0.5,3.5,G2P820,鳳山農試,-99.0,27.7,2025-07-31T23:00:00+08:00,2025-07-31T23:00:00+08:00,,-99,-99,陰,160.0,0.6
,24.178889,120.978333,,,,0.5,14.5,1.5,143.5,222.0,276.5,2.0,5.0,131.5,88F920,松鶴,,,,2025-07-31T23:00:00+08:00,,,,,,
,23.122139,121.262389,,,,0.0,16.5,0.0,23.0,54.0,54.0,5.0,6.5,22.5,C1S850,豐南,,,,2025-07-31T23:00:00+08:00,,,,,,
,22.667011,120.590911,,,,0.0,23.0,1.0,61.5,161.5,229.0,6.0,8.0,58.0,C1R630,龍泉,,,,2025-07-31T23:00:00+08:00,,,,,,
,23.9246,121.006903,,,,0.0,26.5,1.0,116.0,214.5,261.0,3.0,12.0,114.5,C1I260,北坑,,,,2025-07-31T23:00:00+08:00,,,,,,
91.0,24.505781,121.113921,,785.6,9.0,0.0,0.0,0.0,9.0,16.0,30.5,0.0,0.0,9.0,C0E960,觀霧分站,,16.5,,2025-07-31T23:00:00+08:00,2025-07-31T23:00:00+08:00,,,,150.0,1.3
91.0,22.336306,120.621722,,1000.4,67.0,0.0,26.0,0.0,67.0,128.0,226.0,0.0,21.0,67.0,C0R940,加祿堂,,27.3,,2025-07-31T23:00:00+08:00,2025-07-31T23:00:00+08:00,,,,63.0,0.8
,23.814841,121.403464,,,,0.0,8.0,0.0,18.0,26.0,27.0,0.0,6.0,18.0,01T670,新東礦,,,,2025-07-31T23:00:00+08:00,,,,,,
95.0,25.08,121.6475,-99.0,-99.0,,0.0,0.0,0.0,0.0,0.0,32.0,0.0,0.0,0.0,CAA030,國三S010K,-99.0,27.6,2025-07-31T23:00:00+08:00,2025-07-31T23:00:00+08:00,,-99,-99,晴,-99.0,-99.0
90.0,24.797653,121.173239,,982.4,0.0,0.0,0.0,0.0,0.0,0.0,25.5,0.0,0.0,0.0,C0D700,關西,,26.2,,2025-07-31T23:00:00+08:00,2025-07-31T23:00:00+08:00,,,,292.0,0.9
100.0,22.076989,120.802439,,940.9,71.5,0.0,14.0,0.0,71.5,110.5,305.0,3.5,10.0,71.5,C0R750,四林格山,,24.2,,2025-07-31T23:00:00+08:00,2025-07-31T23:00:00+08:00,,,,279.0,3.4
,23.769503,121.498653,,,,0.0,4.0,0.0,16.0,23.0,27.5,0.0,3.0,16.0,C1T920,中興,,,,2025-07-31T23:00:00+08:00,,,,,,
89.0,22.761616,120.233925,,1001.7,4.5,0.0,0.5,0.0,4.5,5.5,56.0,0.0,0.0,4.5,C0V860,南寮,,28.5,,2025-07-31T23:00:00+08:00,2025-07-31T23:00:00+08:00,,,,220.0,5.4
,23.278428,121.271983,,,,0.0,21.0,0.0,32.0,50.0,53.0,0.0,4.0,30.0,O1T810,卓清國小,,,,2025-07-31T23:00:00+08:00,,,,,,
98.0,23.267772,120.125481,,1001.2,9.5,0.0,1.0,1.0,9.5,10.0,12.5,1.0,1.0,9.5,C0X290,北門,,28.1,,2025-07-31T23:00:00+08:00,2025-07-31T23:00:00+08:00,,,,206.0,4.8
76.0,24.648769,120.772436,,999.2,3.0,0.0,0.0,0.0,3.0,3.0,18.0,0.0,0.0,3.0,C0E910,海埔,,28.2,,2025-07-31T23:00:00+08:00,2025-07-31T23:00:00+08:00,,,,190.0,3.0
75.0,24.732444,120.976153,6.0,-99.0,,0.0,0.0,0.0,0.0,0.0,10.5,0.0,0.0,0.0,C2D730,寶山農場,-99.0,28.1,2025-07-31T23:00:00+08:00,2025-07-31T23:00:00+08:00,,-99,-99,晴,180.0,1.0
99.0,23.453994,120.749517,,898.9,258.0,0.0,138.5,4.5,266.0,727.5,763.5,17.0,31.0,258.0,C0M820,達邦,,20.1,,2025-07-31T23:00:00+08:00,2025-07-31T23:00:00+08:00,,,,144.0,0.4
-99.0,22.9677,120.685703,-99.0,-99.0,,,,,,,,,,-99.0,E2P990,扇平林試,-99.0,-99.0,2025-07-31T23:00:00+08:00,,,-99,-99,陰,-99.0,-99.0
91.0,24.457703,118.328989,,995.7,0.5,0.0,0.0,0.0,0.5,0.5,0.5,0.0,0.0,0.5,C0W150,金寧,,27.9,,2025-07-31T23:00:00+08:00,2025-07-31T23:00:00+08:00,,,,227.0,6.3
92.0,22.968258,120.257689,,999.2,-99.0,0.0,0.0,0.0,0.0,5.0,65.0,0.0,0.0,0.0,C0X160,仁德,,28.3,,2025-07-31T23:00:00+08:00,2025-07-31T23:00:00+08:00,,,,189.0,3.2
100.0,23.963211,121.088264,1.8,-99.0,,0.0,26.5,0.5,83.5,138.0,172.0,2.5,7.0,83.0,C2H9P0,伊拿谷,-99.0,20.7,2025-07-31T23:00:00+08:00,2025-07-31T23:00:00+08:00,,-99,-99,陰,50.0,1.0
87.0,24.183258,121.641899,,882.5,17.5,0.0,0.5,0.0,17.5,17.5,23.5,0.0,0.0,17.5,C0TA80,立霧山,,21.1,,2025-07-31T23:00:00+08:00,2025-07-31T23:00:00+08:00,,,,144.0,0.8
,24.397796,120.986018,,,,0.0,9.0,0.0,30.0,61.0,80.0,0.0,0.0,29.0,01E080,松安,,,,2025-07-31T23:00:00+08:00,,,,,,
97.0,24.989964,121.656972,2.1,-99.0,,0.0,0.0,0.0,0.0,0.0,40.5,0.0,0.0,0.0,CAAD70,國五S006K,-99.0,25.2,2025-07-31T23:00:00+08:00,2025-07-31T23:00:00+08:00,,-99,7-10,晴,120.0,0.4
,24.115569,121.605006,,,,0.0,0.0,0.0,13.0,13.0,18.0,0.0,0.0,13.0,C1Z110,三棧,,,,2025-07-31T23:00:00+08:00,,,,,,
92.0,24.139256,120.5215,8.4,-99.0,,0.0,15.5,0.0,119.0,159.5,160.5,3.0,4.5,114.0,CAG040,國三N191K,-99.0,25.3,2025-07-31T23:00:00+08:00,2025-07-31T23:00:00+08:00,,-99,-99,陰,140.0,5.3
87.0,25.2698,121.488597,,998.2,0.0,0.0,0.0,0.0,0.0,0.0,10.0,0.0,0.0,0.0,C0AJ70,田寮,,28.3,,2025-07-31T23:00:00+08:00,2025-07-31T23:00:00+08:00,,,,155.0,1.2
,24.383194,121.778556,,,,0.0,0.0,0.0,7.5,7.5,7.5,0.0,0.0,7.5,C1U850,觀音海岸,,,,2025-07-31T23:00:00+08:00,,,,,,
90.0,24.612194,121.157167,3.6,-99.0,,0.0,0.0,0.0,2.5,2.5,19.0,0.0,0.0,2.5,72D080,五峰站,-99.0,22.9,2025-07-31T23:00:00+08:00,2025-07-31T23:00:00+08:00,,-99,-99,晴,170.0,1.2
83.0,22.538122,120.966875,,974.4,26.5,0.0,14.0,0.0,26.5,154.0,173.5,2.0,8.5,26.5,C0S790,金崙,,26.5,,2025-07-31T23:00:00+08:00,2025-07-31T23:00:00+08:00,,,,244.0,1.6
,24.548212,121.224879,,,,0.0,0.0,0.0,2.0,2.0,3.0,0.0,0.0,2.0,21D160,白石,,,,2025-07-31T23:00:00+08:00,,,,,,
,22.809417,121.050528,,,,0.0,25.5,0.0,92.5,223.0,233.0,1.0,18.0,84.0,C1S860,利嘉,,,,2025-07-31T23:00:00+08:00,,,,,,
81.0,24.4472,120.6428,13.0,-99.0,,0.0,0.0,0.0,38.5,47.5,48.0,0.0,0.0,36.0,CAE110,西濱S129K,-99.0,27.4,2025-07-31T23:00:00+08:00,2025-07-31T23:00:00+08:00,,-99,21-30,陰,160.0,6.7
88.0,24.93917,121.3239,2.6,-99.0,,0.0,0.0,0.0,0.0,0.0,59.0,0.0,0.0,0.0,CAA080,國三S054K,-99.0,27.5,2025-07-31T23:00:00+08:00,2025-07-31T23:00:00+08:00,,-99,>30,晴,220.0,0.6
89.0,23.585386,120.555581,,983.8,79.5,0.0,54.0,0.0,80.0,281.0,289.0,0.0,22.0,79.5,C0M770,梅山,,27.3,,2025-07-31T23:00:00+08:00,2025-07-31T23:00:00+08:00,,,,175.0,2.8
100.0,23.935639,121.508944,,984.6,11.0,0.0,1.0,0.0,11.0,15.5,40.5,0.0,0.0,11.0,C0T870,鯉魚潭,,23.0,,2025-07-31T23:00:00+08:00,2025-07-31T23:00:00+08:00,,,,0.0,0.0
89.0,23.102614,120.227839,,1000.9,-99.0,0.0,3.0,0.0,4.0,38.0,53.5,0.0,0.0,3.5,C0X150,安定,,28.8,,2025-07-31T23:00:00+08:00,2025-07-31T23:00:00+08:00,,,,219.0,1.8
71.0,24.978508,121.281819,3.5,-99.0,,0.0,0.0,0.0,0.0,0.0,71.5,0.0,0.0,0.0,V2C260,八德蔬果,-99.0,28.5,2025-07-31T23:00:00+08:00,2025-07-31T23:00:00+08:00,,-99,-99,晴,110.0,0.7
87.0,22.82315,120.236856,,1000.8,13.5,0.0,12.5,0.0,13.5,15.0,78.5,0.0,0.0,13.5,C0V620,永安,,28.2,,2025-07-31T23:00:00+08:00,2025-07-31T23:00:00+08:00,,,,219.0,2.2
96.0,24.542003,121.513453,,904.7,1.5,0.0,0.0,0.0,1.5,1.5,1.5,0.0,0.0,1.5,C0UB70,太平山中間站,,24.2,,2025-07-31T23:00:00+08:00,2025-07-31T23:00:00+08:00,,,,271.0,0.9
-99.0,25.079422,121.57545,,997.4,-99.0,0.0,0.0,0.0,0.0,0.0,46.5,0.0,0.0,0.0,C0A9F0,內湖,,30.5,,2025-07-31T23:00:00+08:00,2025-07-31T23:00:00+08:00,,,,0.0,0.0
80.0,24.944503,121.386972,3.1,-99.0,,0.0,0.0,0.0,0.0,0.0,48.0,0.0,0.0,0.0,72AI40,桃改臺北,-99.0,27.8,2025-07-31T23:00:00+08:00,2025-07-31T23:00:00+08:00,,-99,-99,晴,200.0,0.9
92.0,22.416933,120.519661,,1001.1,7.0,0.0,0.5,0.0,7.0,57.0,134.5,0.0,0.0,7.0,C0R920,塭仔,,27.6,,2025-07-31T23:00:00+08:00,2025-07-31T23:00:00+08:00,,,,241.0,3.1
96.0,22.588475,120.485081,,999.2,22.5,0.0,21.5,0.0,22.5,88.5,161.0,0.5,0.5,22.5,C0R930,萬丹,,28.0,,2025-07-31T23:00:00+08:00,2025-07-31T23:00:00+08:00,,,,127.0,2.2
,23.133056,121.246667,,,,0.0,8.0,0.5,9.5,25.5,25.5,2.0,2.0,9.5,81T760,富南部落,,,,2025-07-31T23:00:00+08:00,,,,,,
94.0,24.247522,121.243669,7.8,-99.0,,0.0,21.5,0.0,40.5,74.5,85.0,0.0,1.0,40.5,C2F860,梨山,-99.0,15.4,2025-07-31T23:00:00+08:00,2025-07-31T23:00:00+08:00,,-99,-99,陰,200.0,2.0
,23.754486,120.883956,,,,0.0,62.0,0.0,217.0,500.5,534.0,4.0,7.0,185.5,C1I310,西巒,,,,2025-07-31T23:00:00+08:00,,,,,,
,22.855418,120.617155,,,,0.0,84.0,0.0,162.0,319.0,490.0,12.0,45.0,155.0,O1R450,新豐(1),,,,2025-07-31T23:00:00+08:00,,,,,,
-99.0,22.913661,121.257469,,-99.0,-99.0,,,,,,,,,,C0SB40,興隆,,-99.0,,,2025-07-31T23:00:00+08:00,,,,-99.0,-99.0
91.0,24.105169,120.492131,,998.6,68.0,0.0,12.5,0.0,68.0,120.5,123.5,1.5,2.5,68.0,C0G9B0,和美,,25.7,,2025-07-31T23:00:00+08:00,2025-07-31T23:00:00+08:00,,,,115.0,1.7
,22.888028,120.737917,,,,0.0,180.5,1.5,428.5,1016.5,1245.0,32.0,122.5,411.5,C1V780,多納林道,,,,2025-07-31T23:00:00+08:00,,,,,,
,22.305,120.644722,,,,0.0,18.5,0.5,38.5,86.0,175.5,0.5,14.0,38.5,81R660,內獅國小,,,,2025-07-31T23:00:00+08:00,,,,,,
90.0,24.041289,120.437669,,999.2,-99.0,0.0,5.5,0.0,14.5,42.5,42.5,0.0,0.5,14.5,C0G770,福興,,26.8,,2025-07-31T23:00:00+08:00,2025-07-31T23:00:00+08:00,,,,160.0,2.2
92.0,22.13845,120.70215,,1001.3,75.5,0.0,22.0,0.0,75.5,116.0,281.5,1.5,20.5,75.5,C0R900,竹坑,,27.8,,2025-07-31T23:00:00+08:00,2025-07-31T23:00:00+08:00,,,,309.0,1.7
85.0,23.152831,120.230558,5.8,-99.0,,0.0,4.5,0.0,4.5,39.5,56.0,0.0,0.0,4.5,CAN020,國一S306K,-99.0,28.1,2025-07-31T23:00:00+08:00,2025-07-31T23:00:00+08:00,,-99,7-10,陰,190.0,3.1
,25.029293,121.582905,,,,0.0,0.0,0.0,0.0,0.0,52.0,0.0,0.0,0.0,A1AG40,四獸山,,,,2025-07-31T23:00:00+08:00,,,,,,
90.0,24.526972,121.11605,,805.5,5.0,0.0,0.0,0.0,5.0,6.5,12.5,0.0,0.0,5.0,C0D550,雪霸,,17.2,,2025-07-31T23:00:00+08:00,2025-07-31T23:00:00+08:00,,,,167.0,1.2
87.0,24.6905,121.017189,,989.5,0.0,0.0,0.0,0.0,0.0,0.0,7.0,0.0,0.0,0.0,C0D430,峨眉,,27.0,,2025-07-31T23:00:00+08:00,2025-07-31T23:00:00+08:00,,,,0.0,0.0
,23.639517,120.786444,,,,0.0,82.0,2.5,222.0,487.5,498.5,10.5,14.5,178.5,C1I470,杉林溪,,,,2025-07-31T23:00:00+08:00,,,,,,
95.0,23.471325,120.485903,2.5,-99.0,,0.0,54.0,0.0,78.0,192.0,295.5,0.0,29.0,78.0,C2M910,嘉義大學,-99.0,26.2,2025-07-31T23:00:00+08:00,2025-07-31T23:00:00+08:00,,-99,-99,陰,130.0,0.4
,22.898621,121.086481,,,,0.0,11.0,1.0,39.0,121.0,129.0,4.0,8.0,35.0,O1S120,鹿鳴橋,,,,2025-07-31T23:00:00+08:00,,,,,,
,24.109397,121.205211,,,,0.5,13.5,0.5,79.5,150.0,228.0,0.5,8.5,73.0,C1H000,翠峰,,,,2025-07-31T23:00:00+08:00,,,,,,
,25.162299,121.54405,,,,0.0,0.0,0.0,0.0,0.0,45.0,0.0,0.0,0.0,01A420,竹子湖,,,,2025-07-31T23:00:00+08:00,,,,,,
,23.07211,120.536955,,,,0.0,44.0,0.0,96.0,156.0,337.0,0.5,19.0,87.5,88O950,羌黃坑,,,,2025-07-31T23:00:00+08:00,,,,,,
95.0,22.485911,120.502736,,1001.0,-99.0,0.0,5.5,0.0,36.0,98.5,182.0,3.5,3.5,36.0,C0R580,南州,,28.3,,2025-07-31T23:00:00+08:00,2025-07-31T23:00:00+08:00,,,,219.0,1.0
100.0,23.478744,120.702264,9.6,-99.0,,0.0,207.5,3.5,339.0,816.5,878.5,26.0,48.0,317.5,C2M930,石卓,-99.0,18.9,2025-07-31T23:00:00+08:00,2025-07-31T23:00:00+08:00,,-99,-99,陰,150.0,3.1
85.0,25.240002,121.448102,,998.8,0.0,0.0,0.0,0.0,0.0,0.0,24.0,0.0,0.0,0.0,C0AJ60,六塊厝,,28.3,,2025-07-31T23:00:00+08:00,2025-07-31T23:00:00+08:00,,,,176.0,1.6
80.0,25.150211,121.403947,,995.8,0.0,0.0,0.0,0.0,0.0,0.0,69.0,0.0,0.0,0.0,C0AD10,八里,,30.9,,2025-07-31T23:00:00+08:00,2025-07-31T23:00:00+08:00,,,,229.0,1.5
,24.035278,120.724444,,,,0.0,84.0,0.5,340.0,586.0,586.5,19.0,47.5,308.5,81F900,峰谷國小,,,,2025-07-31T23:00:00+08:00,,,,,,
99.0,22.738578,120.446797,,999.7,-99.0,0.0,5.5,1.5,18.5,42.5,155.5,1.5,2.5,18.5,C0V350,溪埔,,26.7,,2025-07-31T23:00:00+08:00,2025-07-31T23:00:00+08:00,,,,0.0,0.0
84.0,24.276061,120.777644,,965.2,202.5,0.0,31.0,0.0,213.0,277.0,306.5,11.0,18.0,202.5,C0F0B0,石岡,,26.4,,2025-07-31T23:00:00+08:00,2025-07-31T23:00:00+08:00,,,,195.0,1.3
87.0,24.836391,121.199371,2.6,-99.0,,0.0,0.0,0.0,0.0,0.0,19.5,0.0,0.0,0.0,CAC770,國三N072K,-99.0,26.0,2025-07-31T23:00:00+08:00,2025-07-31T23:00:00+08:00,,-99,7-10,晴,260.0,0.6
,23.528204,120.856691,,,,2.0,75.0,2.0,203.0,442.5,466.5,7.0,16.5,172.0,81I530,神木,,,,2025-07-31T23:00:00+08:00,,,,,,
80.0,23.589978,120.180394,7.2,-99.0,,0.0,0.0,0.0,0.0,3.5,4.5,0.0,0.0,0.0,12J990,口湖工作站,-99.0,28.5,2025-07-31T23:00:00+08:00,2025-07-31T23:00:00+08:00,,-99,-99,陰,200.0,3.3
77.0,25.0111,121.448716,,996.6,0.0,0.0,0.0,0.0,0.0,0.0,37.0,0.0,0.0,0.0,C0AJ80,板橋,,29.5,,2025-07-31T23:00:00+08:00,2025-07-31T23:00:00+08:00,,,,192.0,1.6
82.0,24.735006,121.025192,,987.1,-99.0,0.0,0.0,0.0,0.0,0.0,12.0,0.0,0.0,0.0,C0D580,寶山,,26.9,,2025-07-31T23:00:00+08:00,2025-07-31T23:00:00+08:00,,,,0.0,0.0
,25.133897,121.498913,,,,0.0,0.0,0.0,0.0,0.0,80.5,0.0,0.0,0.0,A1A9V0,北投國小,,,,2025-07-31T23:00:00+08:00,,,,,,
,23.224869,121.412806,,,,0.0,12.5,0.0,24.5,31.5,31.5,0.0,2.5,23.0,81S910,膽曼,,,,2025-07-31T23:00:00+08:00,,,,,,
88.0,22.877755,120.212747,,1001.5,7.0,0.0,7.0,0.0,7.0,7.0,60.0,0.0,0.0,7.0,C0V880,興達,,28.7,,2025-07-31T23:00:00+08:00,2025-07-31T23:00:00+08:00,,,,225.0,3.0
100.0,24.015678,120.6213,,989.3,193.0,0.0,78.0,0.0,222.0,413.5,413.5,16.0,23.0,193.0,C0G620,芬園,,24.1,,2025-07-31T23:00:00+08:00,2025-07-31T23:00:00+08:00,,,,0.0,0.0
78.0,25.028458,121.386561,,974.0,0.0,0.0,0.0,0.0,0.0,0.0,43.5,0.0,0.0,0.0,C0C680,龜山,,27.9,,2025-07-31T23:00:00+08:00,2025-07-31T23:00:00+08:00,,,,283.0,0.5
95.0,22.367722,120.590647,,1001.3,31.5,0.0,1.5,0.0,31.5,88.5,176.0,0.0,0.0,31.5,C0R660,枋寮,,28.1,,2025-07-31T23:00:00+08:00,2025-07-31T23:00:00+08:00,,,,242.0,0.7
100.0,23.0395,121.175017,,976.7,25.0,0.0,14.5,0.0,25.5,69.0,73.5,1.0,8.5,25.0,C0S890,關山,,23.7,,2025-07-31T23:00:00+08:00,2025-07-31T23:00:00+08:00,,,,0.0,0.2
96.0,22.081197,121.503117,,977.6,19.5,0.0,12.0,0.0,19.5,20.5,65.0,0.5,1.0,19.5,C0S910,蘭嶼燈塔,,26.6,,2025-07-31T23:00:00+08:00,2025-07-31T23:00:00+08:00,,,,262.0,9.0
,24.1263,120.994672,,,,0.5,16.0,1.5,173.0,277.0,386.0,2.5,9.0,166.0,C1H9B1,阿眉,,,,2025-07-31T23:00:00+08:00,,,,,,
,23.587551,120.40001,,,,0.0,6.0,0.0,24.0,51.0,137.0,0.0,3.0,24.0,01M010,溪口(3),,,,2025-07-31T23:00:00+08:00,,,,,,
91.0,25.113169,121.801147,1.0,-99.0,,0.0,0.0,0.0,0.0,0.0,13.0,0.0,0.0,0.0,C2A660,瑞芳,-99.0,26.3,2025-07-31T23:00:00+08:00,2025-07-31T23:00:00+08:00,,-99,-99,晴,0.0,0.1
93.0,24.64733,121.4293,,875.2,0.0,0.0,0.0,0.0,0.0,0.0,1.5,0.0,0.0,0.0,C0C800,四稜,,21.0,,2025-07-31T23:00:00+08:00,2025-07-31T23:00:00+08:00,,,,0.0,0.2
,24.203483,121.018644,,,,0.5,14.5,3.0,117.5,178.0,237.0,3.0,6.5,112.5,C1F871,上谷關,,,,2025-07-31T23:00:00+08:00,,,,,,
86.0,23.583897,121.514806,,983.4,7.5,0.0,0.5,0.0,8.0,13.0,13.5,0.0,0.5,7.5,C0T9I0,豐濱,,25.3,,2025-07-31T23:00:00+08:00,2025-07-31T23:00:00+08:00,,,,206.0,1.7
97.0,24.405478,120.749819,9.0,-99.0,,0.0,0.0,0.0,53.5,85.5,89.5,0.0,0.0,47.0,C2E880,三義,-99.0,23.2,2025-07-31T23:00:00+08:00,2025-07-31T23:00:00+08:00,,-99,-99,陰,160.0,4.2
-99.0,24.921836,121.544725,,-99.0,-99.0,0.0,0.0,0.0,0.0,0.0,31.0,0.0,0.0,0.0,C0AI10,屈尺,,-99.0,,2025-07-31T23:00:00+08:00,2025-07-31T23:00:00+08:00,,,,-99.0,-99.0
93.0,23.649797,120.315011,,999.8,2.5,0.0,0.0,0.0,2.5,40.0,70.0,0.0,0.0,2.5,C0K500,元長,,27.9,,2025-07-31T23:00:00+08:00,2025-07-31T23:00:00+08:00,,,,185.0,2.9
-99.0,23.545133,120.675197,-99.0,-99.0,,,,,,,,,,-99.0,C2M620,瑞里,-99.0,-99.0,2025-07-31T23:00:00+08:00,,,-99,-99,陰,-99.0,-99.0
77.0,25.11575,121.492,1.9,-99.0,,0.0,0.0,0.0,0.0,0.0,25.5,0.0,0.0,0.0,G2AI50,台農院關渡站,-99.0,28.2,2025-07-31T23:00:00+08:00,2025-07-31T23:00:00+08:00,,-99,-99,晴,330.0,0.7
91.0,24.488292,118.408778,,998.1,0.0,0.0,0.0,0.0,0.0,0.0,0.0,0.0,0.0,0.0,C0W140,金沙,,28.1,,2025-07-31T23:00:00+08:00,2025-07-31T23:00:00+08:00,,,,204.0,3.7
94.0,24.031261,120.688133,5.5,-99.0,,0.0,82.5,0.0,318.0,557.0,557.0,20.5,43.0,284.0,G2F820,農業試驗所,-99.0,25.0,2025-07-31T23:00:00+08:00,2025-07-31T23:00:00+08:00,,-99,-99,陰,190.0,3.5
,22.560122,120.488328,,,,0.0,6.0,0.0,9.0,128.0,203.0,0.0,1.0,9.0,O1R620,新庄國小,,,,2025-07-31T23:00:00+08:00,,,,,,
,23.591131,120.888861,,,,0.5,48.5,0.5,151.5,252.5,272.5,3.5,7.0,127.5,C1I070,和社,,,,2025-07-31T23:00:00+08:00,,,,,,
94.0,23.74633,120.467926,8.6,-99.0,,0.0,6.0,0.0,22.0,60.5,67.0,0.0,0.0,22.0,CAJ020,國一N234K,-99.0,27.8,2025-07-31T23:00:00+08:00,2025-07-31T23:00:00+08:00,,-99,-99,陰,190.0,6.0
95.0,23.628342,119.513206,7.8,-99.0,,0.0,0.0,0.0,0.0,25.5,26.0,0.0,0.0,0.0,C2W230,畜試所澎湖,-99.0,27.0,2025-07-31T23:00:00+08:00,2025-07-31T23:00:00+08:00,,-99,-99,陰,190.0,3.0
,24.018778,121.004456,,,,0.5,24.5,1.0,133.0,275.0,335.0,1.0,12.5,128.5,C1I400,凌霄,,,,2025-07-31T23:00:00+08:00,,,,,,
,22.82325,121.009389,,,,0.0,30.5,0.0,103.5,291.5,307.0,2.5,21.0,95.5,C1SA50,利嘉林道,,,,2025-07-31T23:00:00+08:00,,,,,,
,24.2775,121.263333,,,,0.0,11.0,0.0,37.0,53.0,60.5,0.0,0.5,37.0,81F970,松茂部落,,,,2025-07-31T23:00:00+08:00,,,,,,
99.0,22.898792,120.51907,-99.0,-99.0,,0.0,31.0,0.0,65.0,136.5,314.0,1.0,11.5,65.0,C2V310,美濃,-99.0,26.1,2025-07-31T23:00:00+08:00,2025-07-31T23:00:00+08:00,,-99,-99,陰,20.0,0.5
100.0,24.947603,121.705508,1.3,-99.0,,0.0,30.0,0.0,30.0,30.0,54.0,0.0,0.0,30.0,CAAD90,國五N013K,-99.0,23.8,2025-07-31T23:00:00+08:00,2025-07-31T23:00:00+08:00,,-99,7-10,晴,360.0,0.3
,22.598647,120.960944,,,,0.0,13.0,0.0,24.5,95.5,107.0,4.5,8.0,24.0,81S920,金峰鄉公所,,,,2025-07-31T23:00:00+08:00,,,,,,
100.0,23.9996,120.938739,1.7,-99.0,,0.0,34.5,0.5,204.5,372.0,462.0,2.5,13.5,192.5,C2H9J0,中台,-99.0,22.0,2025-07-31T23:00:00+08:00,2025-07-31T23:00:00+08:00,,-99,-99,陰,260.0,0.6
79.0,24.555361,121.802628,,913.6,0.0,0.0,0.0,0.0,0.0,0.5,0.5,0.0,0.0,0.0,C0UA50,西帽山,,24.2,,2025-07-31T23:00:00+08:00,2025-07-31T23:00:00+08:00,,,,0.0,0.1
,25.084692,121.591709,,,,0.0,0.0,0.0,0.0,0.0,46.5,0.0,0.0,0.0,A1AA40,碧湖國小,,,,2025-07-31T23:00:00+08:00,,,,,,
94.0,24.107058,120.624103,,996.6,297.5,0.0,58.0,0.0,336.5,473.5,473.5,7.5,18.0,297.5,C0F9S0,烏日,,24.7,,2025-07-31T23:00:00+08:00,2025-07-31T23:00:00+08:00,,,,167.0,1.9
,24.644447,121.090961,,,,0.0,0.0,0.0,0.0,0.0,27.5,0.0,0.0,0.0,C1D640,外坪五指,,,,2025-07-31T23:00:00+08:00,,,,,,
89.0,24.74435,121.722472,,997.6,0.0,0.0,0.0,0.0,0.0,0.0,2.0,0.0,0.0,0.0,C0U990,員山,,28.0,,2025-07-31T23:00:00+08:00,2025-07-31T23:00:00+08:00,,,,311.0,1.4
,23.337816,120.683124,,,,0.0,258.0,4.5,414.5,927.0,974.0,22.0,87.5,388.5,81M670,新美國小,,,,2025-07-31T23:00:00+08:00,,,,,,
73.0,25.115597,121.513167,,997.1,-99.0,0.0,0.0,0.0,0.0,0.0,84.0,0.0,0.0,0.0,C0AI40,石牌,,30.4,,2025-07-31T23:00:00+08:00,2025-07-31T23:00:00+08:00,,,,0.0,0.1
67.0,24.992425,121.323172,,989.5,0.0,0.0,0.0,0.0,0.0,0.0,53.5,0.0,0.0,0.0,C0C480,桃園,,30.2,,2025-07-31T23:00:00+08:00,2025-07-31T23:00:00+08:00,,,,0.0,0.0
,24.890886,121.745559,,,,0.0,9.0,0.0,9.0,9.0,44.0,0.0,0.0,9.0,01A190,碧湖,,,,2025-07-31T23:00:00+08:00,,,,,,
78.0,24.440218,120.681656,9.4,-99.0,,0.0,0.0,0.0,33.0,45.0,46.5,0.0,0.0,29.5,CAE070,國三N151K,-99.0,27.0,2025-07-31T23:00:00+08:00,2025-07-31T23:00:00+08:00,,-99,-99,陰,190.0,3.0
,22.245154,120.835687,,,,0.0,38.0,1.0,190.0,320.0,423.0,3.0,23.0,181.0,01R000,壽卡,,,,2025-07-31T23:00:00+08:00,,,,,,
88.0,22.609022,120.985328,,942.0,17.0,0.0,9.0,0.0,17.0,70.0,80.5,2.5,4.0,17.0,C0S690,太麻里,,24.4,,2025-07-31T23:00:00+08:00,2025-07-31T23:00:00+08:00,,,,243.0,1.4
87.0,23.48718,120.95943,8.9,-99.0,,0.5,65.5,1.0,154.0,280.0,309.5,8.5,11.0,144.0,467550,玉山,0.0,7.5,2025-07-31T23:00:00+08:00,2025-07-31T23:00:00+08:00,,0,-99,陰有雨,240.0,5.4
95.0,22.959547,120.369317,,988.8,-99.0,0.0,11.0,0.0,13.0,19.5,65.5,5.0,7.5,13.0,C0O960,崎頂,,27.9,,2025-07-31T23:00:00+08:00,2025-07-31T23:00:00+08:00,,,,153.0,1.2
94.0,23.434628,120.239019,,1000.3,1.5,0.0,1.0,0.0,1.5,1.5,29.0,0.0,0.0,1.5,C0M650,朴子,,27.3,,2025-07-31T23:00:00+08:00,2025-07-31T23:00:00+08:00,,,,187.0,3.7
87.0,24.89583,121.1342,8.0,-99.0,,0.0,0.0,0.0,0.0,0.0,43.0,0.0,0.0,0.0,CAC010,國一S072K,-99.0,27.5,2025-07-31T23:00:00+08:00,2025-07-31T23:00:00+08:00,,-99,7-10,晴,170.0,1.5
85.0,24.633725,121.793697,,997.9,0.0,0.0,0.0,0.0,0.0,0.0,0.0,0.0,0.0,0.0,C0U910,冬山,,28.4,,2025-07-31T23:00:00+08:00,2025-07-31T23:00:00+08:00,,,,286.0,0.6
83.0,24.596944,121.857089,,996.4,0.0,0.0,0.0,0.0,0.0,0.0,0.0,0.0,0.0,0.0,C0UB10,蘇澳,,27.3,,2025-07-31T23:00:00+08:00,2025-07-31T23:00:00+08:00,,,,235.0,2.1
94.0,23.852481,120.320922,,999.5,2.0,0.0,2.0,0.0,2.0,24.0,38.5,0.0,1.5,2.0,C0G740,大城,,27.6,,2025-07-31T23:00:00+08:00,2025-07-31T23:00:00+08:00,,,,163.0,3.3
,23.325933,121.439636,,,,0.0,7.0,0.0,19.0,21.0,21.0,0.0,0.0,18.0,01S260,忠勇,,,,2025-07-31T23:00:00+08:00,,,,,,
96.0,24.215281,120.62445,,982.6,184.5,0.0,5.5,0.0,188.5,215.5,231.5,0.5,2.0,184.5,C0F9X0,大雅,,24.5,,2025-07-31T23:00:00+08:00,2025-07-31T23:00:00+08:00,,,,203.0,2.6
,24.934158,121.593283,,,,0.0,0.0,0.0,0.0,0.0,46.5,0.0,0.0,0.0,C1A9N0,四十份,,,,2025-07-31T23:00:00+08:00,,,,,,
,23.443356,121.327375,,,,0.0,15.5,0.0,26.0,38.5,39.0,0.0,2.0,23.5,C1Z040,立山,,,,2025-07-31T23:00:00+08:00,,,,,,
90.0,22.279725,120.889208,,999.7,122.5,0.0,26.5,0.0,124.0,255.0,299.0,1.5,18.0,122.5,C0S840,南田,,26.4,,2025-07-31T23:00:00+08:00,2025-07-31T23:00:00+08:00,,,,217.0,1.1
99.0,23.345667,121.213164,,912.5,27.0,0.0,21.0,0.5,27.5,44.5,44.5,1.0,2.5,27.0,C0Z050,佳心,,21.0,,2025-07-31T23:00:00+08:00,2025-07-31T23:00:00+08:00,,,,0.0,0.2
,23.406364,120.603339,,,,2.0,175.5,5.5,236.0,515.0,556.0,23.0,78.0,232.0,C1M600,頭凍,,,,2025-07-31T23:00:00+08:00,,,,,,
,24.984393,121.577502,,,,0.0,0.0,0.0,0.0,0.0,35.5,0.0,0.0,0.0,A1AB00,北政國中,,,,2025-07-31T23:00:00+08:00,,,,,,
89.0,24.849664,121.150789,,975.3,0.0,0.0,0.0,0.0,0.0,0.0,24.0,0.0,0.0,0.0,C0D480,打鐵坑,,24.7,,2025-07-31T23:00:00+08:00,2025-07-31T23:00:00+08:00,,,,0.0,0.0
81.0,24.973208,121.445169,,995.5,-99.0,0.0,0.0,0.0,0.0,0.0,52.5,0.0,0.0,0.0,C0AD40,土城,,28.5,,2025-07-31T23:00:00+08:00,2025-07-31T23:00:00+08:00,,,,0.0,0.2
100.0,23.568632,120.624165,8.2,-99.0,,0.0,130.5,0.0,194.0,554.5,571.5,5.5,49.5,185.5,C2M970,碧湖,-99.0,21.4,2025-07-31T23:00:00+08:00,2025-07-31T23:00:00+08:00,,-99,-99,陰,190.0,4.0
80.0,23.995322,121.638331,,997.4,6.0,0.0,0.0,0.0,6.0,6.0,8.5,0.0,0.0,6.0,C0TA10,花蓮漁港,,26.4,,2025-07-31T23:00:00+08:00,2025-07-31T23:00:00+08:00,,,,214.0,4.2
96.0,24.266761,121.741031,,998.0,-99.0,,,,,,,,,,C0T9D0,和中,,24.1,,,2025-07-31T23:00:00+08:00,,,,0.0,0.1
99.0,23.058972,120.336406,1.8,-99.0,,0.0,10.5,3.0,16.5,45.5,69.0,3.0,4.0,16.5,B2N890,畜試所,-99.0,26.2,2025-07-31T23:00:00+08:00,2025-07-31T23:00:00+08:00,,-99,-99,陰,150.0,0.7
,24.719164,121.28372,,,,0.0,0.0,0.0,0.0,0.0,32.0,0.0,0.0,0.0,01D190,鳥嘴山,,,,2025-07-31T23:00:00+08:00,,,,,,
92.0,23.106694,120.327528,4.2,-99.0,,0.5,8.5,0.5,13.5,35.5,59.5,0.5,1.5,13.0,CAN090,國三S342K,-99.0,26.8,2025-07-31T23:00:00+08:00,2025-07-31T23:00:00+08:00,,-99,3-6,陰有雨,140.0,1.7
92.0,23.118847,120.360833,,998.0,17.0,0.0,8.0,0.5,19.5,47.0,89.0,0.5,1.5,17.0,C0O860,大內,,27.2,,2025-07-31T23:00:00+08:00,2025-07-31T23:00:00+08:00,,,,132.0,1.8
-99.0,25.094819,121.717128,,995.9,-99.0,0.0,0.0,0.0,0.0,0.0,20.5,0.0,0.0,0.0,C0B010,七堵,,-99.0,,2025-07-31T23:00:00+08:00,2025-07-31T23:00:00+08:00,,,,95.0,0.8
-99.0,25.086594,121.472331,,-99.0,-99.0,,,,,,,,,,C0AD30,蘆洲,,-99.0,,,2025-07-31T23:00:00+08:00,,,,-99.0,-99.0
,23.602442,121.520492,,,,0.0,0.0,0.0,6.0,10.0,14.0,0.0,0.0,6.0,01T730,豐濱,,,,2025-07-31T23:00:00+08:00,,,,,,
94.0,22.829528,121.077694,3.6,-99.0,,0.0,16.0,0.0,68.5,154.5,163.0,1.0,12.0,62.0,72S200,班鳩分場,-99.0,24.0,2025-07-31T23:00:00+08:00,2025-07-31T23:00:00+08:00,,-99,-99,陰,250.0,1.1
91.0,23.495925,120.432906,6.1,998.9,,0.0,34.0,0.0,34.5,86.0,172.5,0.0,6.5,34.5,467480,嘉義,0.2,27.9,2025-07-31T23:00:00+08:00,2025-07-31T23:00:00+08:00,,0,21-30,陰,200.0,2.4
77.0,25.006066,121.097072,,991.7,0.0,0.0,0.0,0.0,0.0,0.0,57.5,0.0,0.0,0.0,C0C750,新興坑尾,,28.5,,2025-07-31T23:00:00+08:00,2025-07-31T23:00:00+08:00,,,,196.0,2.8
74.0,25.112694,121.239825,,998.1,0.0,0.0,0.0,0.0,0.0,0.0,25.5,0.0,0.0,0.0,C0C720,竹圍,,29.8,,2025-07-31T23:00:00+08:00,2025-07-31T23:00:00+08:00,,,,230.0,3.9
68.0,24.985917,121.239833,4.2,-99.0,,0.0,0.0,0.0,0.0,0.0,80.0,0.0,0.0,0.0,A2C560,農工中心,-99.0,29.6,2025-07-31T23:00:00+08:00,2025-07-31T23:00:00+08:00,,-99,-99,晴,170.0,0.8
87.0,24.763975,121.756528,3.2,999.5,,0.0,0.0,0.0,0.0,0.0,3.0,0.0,0.0,0.0,467080,宜蘭,5.5,28.0,2025-07-31T23:00:00+08:00,2025-07-31T23:00:00+08:00,,0,>30,晴,320.0,1.7
79.0,24.93775,121.266389,4.7,-99.0,,,,,,,,,,-99.0,V2C250,八德合作社,-99.0,28.5,2025-07-31T23:00:00+08:00,,,-99,-99,晴,150.0,1.6
91.0,23.851597,120.499083,,996.2,46.5,0.0,35.5,0.0,46.5,123.0,123.5,0.5,1.0,46.5,C0G720,溪州,,26.1,,2025-07-31T23:00:00+08:00,2025-07-31T23:00:00+08:00,,,,148.0,2.1
80.0,25.066881,121.658778,,994.6,-99.0,0.0,0.0,0.0,0.0,0.0,34.0,0.0,0.0,0.0,C0AH00,汐止,,29.0,,2025-07-31T23:00:00+08:00,2025-07-31T23:00:00+08:00,,,,348.0,0.3
-99.0,23.600606,120.458397,,-99.0,-99.0,,,,,,,,,,C0M670,大林,,-99.0,,,2025-07-31T23:00:00+08:00,,,,-99.0,-99.0
88.0,23.464644,120.554144,,977.7,132.5,0.0,102.5,0.0,132.5,319.5,376.0,0.0,27.5,132.5,C0M720,番路,,26.0,,2025-07-31T23:00:00+08:00,2025-07-31T23:00:00+08:00,,,,126.0,1.7
,24.488418,121.426136,,,,0.0,0.0,0.0,6.0,6.0,6.0,0.0,0.0,6.0,01U780,四季,,,,2025-07-31T23:00:00+08:00,,,,,,
,25.126667,121.390556,,,,0.0,0.0,0.0,0.0,0.0,74.5,0.0,0.0,0.0,81AH60,長坑國小,,,,2025-07-31T23:00:00+08:00,,,,,,
,22.982777,120.57,,,,0.0,53.0,0.0,171.0,305.5,509.5,0.0,18.0,168.5,81V920,新庄,,,,2025-07-31T23:00:00+08:00,,,,,,
,24.714905,121.358188,,,,0.0,0.0,0.0,0.0,0.0,6.0,0.0,0.0,0.0,21C080,高義,,,,2025-07-31T23:00:00+08:00,,,,,,
88.0,23.657717,120.595144,4.0,-99.0,,0.0,78.0,0.0,106.0,249.0,250.5,5.0,46.5,102.5,C2K630,荷苞,-99.0,26.2,2025-07-31T23:00:00+08:00,2025-07-31T23:00:00+08:00,,-99,-99,陰,210.0,1.1
94.0,24.601775,121.000214,,975.7,2.0,0.0,0.0,0.0,2.0,2.0,10.5,0.0,0.0,2.0,C0E430,南庄,,24.7,,2025-07-31T23:00:00+08:00,2025-07-31T23:00:00+08:00,,,,-99.0,-99.0
,23.405748,121.320127,,,,0.0,16.0,0.0,25.0,36.0,36.0,0.0,2.0,23.0,O1T820,太平國小,,,,2025-07-31T23:00:00+08:00,,,,,,
100.0,24.121322,121.273642,,703.4,57.0,0.0,9.5,0.0,59.0,100.5,170.5,0.0,3.0,57.0,C0H990,昆陽,,10.9,,2025-07-31T23:00:00+08:00,2025-07-31T23:00:00+08:00,,,,221.0,3.7
,23.0805,120.692997,,,,0.0,130.0,4.0,284.5,629.0,806.0,19.5,55.0,281.5,F1V850,六龜,,,,2025-07-31T23:00:00+08:00,,,,,,
100.0,24.760717,121.58135,,931.1,0.0,0.0,0.0,0.0,0.0,0.0,5.5,0.0,0.0,0.0,C0AH90,福山植物園,,21.8,,2025-07-31T23:00:00+08:00,2025-07-31T23:00:00+08:00,,,,0.0,0.0
,25.069191,121.615007,,,,0.0,0.0,0.0,0.0,0.0,43.5,0.0,0.0,0.0,A1AA50,東湖國小,,,,2025-07-31T23:00:00+08:00,,,,,,
95.0,24.907222,121.873428,,999.4,0.0,0.0,0.0,0.0,0.0,1.5,9.0,0.0,0.0,0.0,C0U880,北關,,27.3,,2025-07-31T23:00:00+08:00,2025-07-31T23:00:00+08:00,,,,299.0,0.6
99.0,24.993969,121.662917,,976.4,-99.0,0.0,0.0,0.0,0.0,0.0,42.0,0.0,0.0,0.0,C0A640,石碇,,25.8,,2025-07-31T23:00:00+08:00,2025-07-31T23:00:00+08:00,,,,0.0,0.0
,24.30505,120.813208,,,,0.0,45.0,0.0,182.0,247.0,280.0,10.0,21.0,174.0,01E230,卓蘭(2),,,,2025-07-31T23:00:00+08:00,,,,,,
,23.854531,120.869499,,,,0.0,70.0,0.0,247.0,550.5,573.0,2.5,14.5,234.5,81H900,大觀發電廠,,,,2025-07-31T23:00:00+08:00,,,,,,
95.0,23.978875,121.139639,1.3,-99.0,,0.0,17.0,0.5,70.0,121.5,155.0,1.0,7.0,69.0,42HA10,萬大發電廠,-99.0,20.0,2025-07-31T23:00:00+08:00,2025-07-31T23:00:00+08:00,,-99,-99,陰,0.0,0.0
87.0,23.797131,121.542514,,972.1,12.5,0.0,2.5,0.0,12.5,18.0,22.5,0.0,2.0,12.5,C0T9F0,水璉,,25.1,,2025-07-31T23:00:00+08:00,2025-07-31T23:00:00+08:00,,,,0.0,0.1
,25.155898,121.489815,,,,0.0,0.0,0.0,0.0,0.0,76.0,0.0,0.0,0.0,A1AD80,貴子坑,,,,2025-07-31T23:00:00+08:00,,,,,,
-99.0,22.974361,121.156697,,-99.0,-99.0,,,,,,,,,,C0SA40,瑞和,,-99.0,,,2025-07-31T23:00:00+08:00,,,,-99.0,-99.0
87.0,23.502278,120.171861,6.7,-99.0,,0.0,0.0,0.0,0.5,0.5,15.5,0.0,0.0,0.5,CAL090,西濱S257K,-99.0,28.9,2025-07-31T23:00:00+08:00,2025-07-31T23:00:00+08:00,,-99,11-15,陰,190.0,3.2
91.0,23.565503,119.563094,9.0,1000.4,,0.0,0.0,0.0,0.0,9.0,58.5,0.0,0.0,0.0,467350,澎湖,7.6,27.8,2025-07-31T23:00:00+08:00,2025-07-31T23:00:00+08:00,,0,21-30,陰,200.0,4.2
,22.877254,121.057045,,,,0.0,13.0,0.0,52.0,164.0,176.0,5.0,10.0,45.0,01S570,上里,,,,2025-07-31T23:00:00+08:00,,,,,,
100.0,24.120939,121.189303,1.3,-99.0,,0.5,12.5,0.5,84.5,149.0,218.0,0.5,8.0,69.0,C2H9Q0,北東眼山,-99.0,15.9,2025-07-31T23:00:00+08:00,2025-07-31T23:00:00+08:00,,-99,-99,陰有雨,0.0,0.1
87.0,23.010394,120.194228,,999.8,1.0,0.0,1.0,0.0,1.0,6.5,38.0,0.0,0.0,1.0,C0X100,臺南市北區,,29.2,,2025-07-31T23:00:00+08:00,2025-07-31T23:00:00+08:00,,,,200.0,1.7
91.0,25.627975,122.079744,4.3,989.2,,0.0,0.0,0.0,0.0,0.0,41.0,0.0,0.0,0.0,466950,彭佳嶼,9.7,27.5,2025-07-31T23:00:00+08:00,2025-07-31T23:00:00+08:00,,0,>30,多雲,200.0,3.4
91.0,22.682078,121.060236,,997.1,9.5,0.0,1.5,0.5,18.0,61.5,68.5,0.5,1.0,9.5,C0SB10,美和,,25.4,,2025-07-31T23:00:00+08:00,2025-07-31T23:00:00+08:00,,,,63.0,1.6
86.0,24.310436,120.729725,,973.5,156.0,0.0,14.5,1.0,158.5,207.0,211.0,4.5,12.0,156.0,C0F9L0,后里,,26.6,,2025-07-31T23:00:00+08:00,2025-07-31T23:00:00+08:00,,,,184.0,1.6
91.0,22.739558,120.530778,,996.9,33.0,0.0,17.0,1.0,35.0,94.5,234.0,4.0,4.0,33.0,C0R160,鹽埔,,27.0,,2025-07-31T23:00:00+08:00,2025-07-31T23:00:00+08:00,,,,124.0,1.8
88.0,22.869214,121.223228,,993.1,13.5,0.0,2.5,0.5,13.5,49.5,51.5,1.0,1.5,13.5,C0SB30,新蘭,,25.8,,2025-07-31T23:00:00+08:00,2025-07-31T23:00:00+08:00,,,,339.0,1.7
100.0,22.592333,120.614306,,998.5,71.5,0.0,45.5,0.5,72.0,255.0,345.5,1.5,3.5,71.5,C0R190,赤山,,27.1,,2025-07-31T23:00:00+08:00,2025-07-31T23:00:00+08:00,,,,128.0,0.9
97.0,24.066147,120.660919,3.9,-99.0,,0.0,85.0,0.0,345.5,560.5,560.5,16.0,41.0,304.0,CAF050,國三N208K,-99.0,25.1,2025-07-31T23:00:00+08:00,2025-07-31T23:00:00+08:00,,-99,-99,陰,190.0,2.6
74.0,24.8956,120.9649,9.0,-99.0,,0.0,0.0,0.0,0.0,0.0,35.0,0.0,0.0,0.0,CAD100,西濱N066K,-99.0,28.5,2025-07-31T23:00:00+08:00,2025-07-31T23:00:00+08:00,,-99,16-20,晴,220.0,2.5
100.0,23.299075,120.664767,,955.7,372.0,0.0,215.0,0.0,395.5,928.5,984.5,9.0,75.5,372.0,C0M800,茶山,,22.8,,2025-07-31T23:00:00+08:00,2025-07-31T23:00:00+08:00,,,,106.0,0.5
,25.133486,121.469331,,,,0.0,0.0,0.0,0.0,0.0,86.0,0.0,0.0,0.0,C1AC50,關渡,,,,2025-07-31T23:00:00+08:00,,,,,,
,23.222178,120.400432,,,,0.0,11.0,0.0,21.0,79.0,180.0,0.0,0.0,20.0,01O750,王爺宮,,,,2025-07-31T23:00:00+08:00,,,,,,
80.0,22.792467,121.192669,,995.4,10.5,0.0,1.5,0.5,14.0,54.0,56.5,0.5,1.0,10.5,C0SB20,富岡,,27.1,,2025-07-31T23:00:00+08:00,2025-07-31T23:00:00+08:00,,,,321.0,2.6
80.0,24.834444,121.066111,3.4,-99.0,,0.0,0.0,0.0,0.0,0.0,29.5,0.0,0.0,0.0,72D680,新埔工作站,-99.0,27.8,2025-07-31T23:00:00+08:00,2025-07-31T23:00:00+08:00,,-99,-99,晴,170.0,0.9
99.0,23.474264,121.410711,,976.6,15.5,0.0,6.0,0.0,17.5,25.0,25.0,0.0,1.0,15.5,C0Z280,德武,,23.6,,2025-07-31T23:00:00+08:00,2025-07-31T23:00:00+08:00,,,,199.0,0.5
72.0,24.437419,121.381669,,878.6,11.5,0.0,0.0,0.0,11.5,11.5,17.5,0.0,0.0,11.5,C0U720,南山,,23.4,,2025-07-31T23:00:00+08:00,2025-07-31T23:00:00+08:00,,,,177.0,2.3
,24.936785,121.713797,,,,0.0,28.0,0.0,28.0,28.0,56.5,0.0,0.0,28.0,L1A830,坪林,,,,2025-07-31T23:00:00+08:00,,,,,,
,24.767971,121.35156,,,,0.0,0.0,0.0,0.0,0.0,11.0,0.0,0.0,0.0,81C710,高坡國小,,,,2025-07-31T23:00:00+08:00,,,,,,
99.0,22.902581,121.084058,,973.6,32.0,0.0,11.5,0.5,37.5,120.5,129.0,4.0,7.5,32.0,C0S930,延平,,23.5,,2025-07-31T23:00:00+08:00,2025-07-31T23:00:00+08:00,,,,0.0,0.0
90.0,25.095742,121.7403,,991.8,-99.0,0.0,0.0,0.0,0.0,0.0,24.5,0.0,0.0,0.0,C0B060,暖暖,,28.1,,2025-07-31T23:00:00+08:00,2025-07-31T23:00:00+08:00,,,,0.0,0.0
,24.581505,121.358179,,,,0.0,0.0,0.0,0.0,0.5,1.0,0.0,0.0,0.0,21D350,西丘斯山,,,,2025-07-31T23:00:00+08:00,,,,,,
69.0,25.134937,121.364899,,997.5,0.0,0.0,0.0,0.0,0.0,0.0,62.5,0.0,0.0,0.0,C0AK10,太平里,,29.6,,2025-07-31T23:00:00+08:00,2025-07-31T23:00:00+08:00,,,,207.0,2.5
99.0,24.033311,121.181808,,843.0,-99.0,,,,,,,,,,C0I010,廬山,,17.6,,,2025-07-31T23:00:00+08:00,,,,43.0,0.5
,23.036563,120.708987,,,,0.0,176.5,2.0,392.0,939.5,1038.0,8.5,32.5,377.0,81V940,寶山部落,,,,2025-07-31T23:00:00+08:00,,,,,,
89.0,23.761192,120.502372,,995.7,54.5,0.0,33.5,0.0,54.5,92.5,100.5,0.0,4.5,54.5,C0K480,莿桐,,27.5,,2025-07-31T23:00:00+08:00,2025-07-31T23:00:00+08:00,,,,181.0,2.9
,23.75386,120.639013,,,,0.0,115.5,0.0,199.0,337.0,714.5,42.0,54.5,197.0,81K580,坪頂,,,,2025-07-31T23:00:00+08:00,,,,,,
94.0,24.938183,121.70975,,968.4,-99.0,0.0,30.0,0.0,30.0,30.0,58.5,0.0,0.0,30.0,C0A530,坪林,,25.7,,2025-07-31T23:00:00+08:00,2025-07-31T23:00:00+08:00,,,,0.0,0.0
93.0,22.650775,120.527192,,998.3,-99.0,,,,,,,,,,C0R570,麟洛,,28.4,,,2025-07-31T23:00:00+08:00,,,,35.0,0.4
,25.109012,121.657791,,,,0.0,0.0,0.0,0.0,0.0,33.0,0.0,0.0,0.0,NUP490,復興國小,,,,2025-07-31T23:00:00+08:00,,,,,,
,24.87561,121.451992,,,,0.0,0.0,0.0,0.0,0.0,17.0,0.0,0.0,0.0,01AG10,熊空山,,,,2025-07-31T23:00:00+08:00,,,,,,
,23.537022,120.607797,,,,0.0,84.0,0.0,155.0,501.0,541.0,1.0,31.5,150.5,C1M480,獨立山,,,,2025-07-31T23:00:00+08:00,,,,,,
100.0,23.193217,120.315422,,999.2,8.5,0.0,4.5,0.0,8.5,44.5,90.5,0.0,0.0,8.5,C0X130,官田,,27.8,,2025-07-31T23:00:00+08:00,2025-07-31T23:00:00+08:00,,,,175.0,2.2
99.0,23.911469,120.687331,,990.1,304.5,0.0,173.0,0.0,313.5,637.0,637.0,31.5,48.5,304.5,C0I460,南投,,24.8,,2025-07-31T23:00:00+08:00,2025-07-31T23:00:00+08:00,,,,226.0,2.4
100.0,23.212777,120.355833,6.5,-99.0,,0.0,11.0,0.0,15.5,59.0,123.5,0.0,0.0,15.0,CAN070,國三S329K,-99.0,27.2,2025-07-31T23:00:00+08:00,2025-07-31T23:00:00+08:00,,-99,16-20,陰,150.0,4.0
86.0,25.07125,121.780794,,916.9,0.0,0.0,0.0,0.0,0.0,0.0,23.5,0.0,0.0,0.0,C0AH30,五分山,,25.5,,2025-07-31T23:00:00+08:00,2025-07-31T23:00:00+08:00,,,,161.0,2.5
84.0,23.069131,121.126219,,832.7,46.5,0.0,21.0,0.0,47.5,105.5,111.0,2.0,7.0,46.5,C0S760,紅石,,19.7,,2025-07-31T23:00:00+08:00,2025-07-31T23:00:00+08:00,,,,286.0,0.5
,24.625286,121.148046,,,,0.0,0.0,0.0,1.0,1.0,17.0,0.0,0.0,1.0,01D100,太閣南,,,,2025-07-31T23:00:00+08:00,,,,,,
86.0,24.892936,121.324975,,984.7,0.0,0.0,0.0,0.0,0.0,0.0,30.0,0.0,0.0,0.0,C0C710,大溪永福,,27.5,,2025-07-31T23:00:00+08:00,2025-07-31T23:00:00+08:00,,,,311.0,0.4
,23.53,120.74,,,,0.0,139.5,4.0,316.0,810.5,850.5,22.0,31.0,275.0,81M800,來吉國小,,,,2025-07-31T23:00:00+08:00,,,,,,
75.0,25.063861,121.340164,,973.6,0.0,0.0,0.0,0.0,0.0,0.0,52.0,0.0,0.0,0.0,C0C690,國一五楊N44K,,26.9,,2025-07-31T23:00:00+08:00,2025-07-31T23:00:00+08:00,,,,132.0,0.3
98.0,22.076075,120.836794,,974.9,66.5,0.0,13.0,0.0,66.5,106.5,265.0,2.0,8.0,66.5,C0R280,檳榔,,24.9,,2025-07-31T23:00:00+08:00,2025-07-31T23:00:00+08:00,,,,273.0,2.1
92.0,23.079561,120.495008,,989.1,48.5,0.0,35.5,0.0,50.5,98.5,253.5,1.5,8.5,48.5,C0O830,北寮,,27.3,,2025-07-31T23:00:00+08:00,2025-07-31T23:00:00+08:00,,,,144.0,1.2
97.0,24.00683,120.653214,8.0,-99.0,,0.0,88.5,0.0,230.0,406.5,406.5,23.5,33.0,211.0,CAH020,國三S217K,-99.0,24.8,2025-07-31T23:00:00+08:00,2025-07-31T23:00:00+08:00,,-99,-99,陰,180.0,3.7
74.0,24.147433,121.629703,,992.5,13.0,0.0,0.5,0.0,13.0,13.0,16.5,0.0,0.0,13.0,C0Z190,富世,,28.4,,2025-07-31T23:00:00+08:00,2025-07-31T23:00:00+08:00,,,,313.0,1.7
92.0,23.730628,120.423903,5.8,-99.0,,0.0,1.5,0.0,16.5,63.5,74.0,0.0,0.5,16.5,A2K630,雲林臺大,-99.0,27.6,2025-07-31T23:00:00+08:00,2025-07-31T23:00:00+08:00,,-99,-99,陰,180.0,2.9
92.0,24.148933,120.484403,,998.5,79.0,0.0,1.5,0.0,79.0,118.0,121.0,0.0,1.0,79.0,C0G890,伸港,,25.5,,2025-07-31T23:00:00+08:00,2025-07-31T23:00:00+08:00,,,,132.0,1.8
77.0,24.882853,121.265547,,977.2,0.0,0.0,0.0,0.0,0.0,0.0,42.5,0.0,0.0,0.0,C0C630,大溪,,27.5,,2025-07-31T23:00:00+08:00,2025-07-31T23:00:00+08:00,,,,160.0,1.6
97.0,23.988304,120.508092,5.0,-99.0,,0.0,30.0,0.0,107.0,135.0,135.0,0.5,2.5,97.5,CAG030,國一S207K,-99.0,26.5,2025-07-31T23:00:00+08:00,2025-07-31T23:00:00+08:00,,-99,7-10,陰,160.0,3.5
91.0,23.272603,120.247622,,1000.5,5.0,0.0,0.0,0.0,5.0,6.5,29.5,0.0,0.0,5.0,C0X230,鹽水,,28.1,,2025-07-31T23:00:00+08:00,2025-07-31T23:00:00+08:00,,,,171.0,2.6
,22.238911,120.858903,,,,0.0,23.0,1.0,102.0,188.0,243.0,2.5,12.5,97.0,C1S880,壽卡,,,,2025-07-31T23:00:00+08:00,,,,,,
95.0,23.416869,120.283061,4.9,-99.0,,0.0,2.5,0.0,3.0,12.0,62.5,0.0,0.0,3.0,72M700,嘉義分場,-99.0,27.7,2025-07-31T23:00:00+08:00,2025-07-31T23:00:00+08:00,,-99,-99,陰,170.0,1.7
,25.136892,121.588912,,,,0.0,0.0,0.0,0.0,0.0,49.5,0.0,0.0,0.0,A1AC90,溪山里,,,,2025-07-31T23:00:00+08:00,,,,,,
,23.702777,120.762222,,,,0.0,66.0,0.0,188.5,373.0,393.0,7.5,11.0,161.5,81HB30,和雅茶園,,,,2025-07-31T23:00:00+08:00,,,,,,
84.0,22.645017,120.311233,,999.0,3.5,0.0,1.0,0.0,3.5,9.0,104.5,0.0,0.0,3.5,C0V700,三民,,28.8,,2025-07-31T23:00:00+08:00,2025-07-31T23:00:00+08:00,,,,226.0,2.8
92.0,23.173039,120.145086,,1002.1,7.0,0.0,6.5,0.0,7.0,8.0,8.5,0.5,0.5,7.0,C0X080,佳里,,28.0,,2025-07-31T23:00:00+08:00,2025-07-31T23:00:00+08:00,,,,202.0,3.1
96.0,20.700856,116.73,8.4,1001.1,,0.0,38.5,12.5,38.5,46.0,46.0,17.0,17.0,38.5,468100,東沙島,-99.0,28.0,2025-07-31T23:00:00+08:00,2025-07-31T23:00:00+08:00,,-99,-99,多雲有雷雨,210.0,5.2
87.0,25.165914,121.632969,,961.2,-99.0,0.0,0.0,0.0,0.0,0.0,13.0,0.0,0.0,0.0,C0A860,大坪,,26.5,,2025-07-31T23:00:00+08:00,2025-07-31T23:00:00+08:00,,,,299.0,0.7
89.0,22.797078,120.294958,,1000.7,-99.0,0.0,3.0,0.0,13.0,21.5,78.0,0.0,0.0,13.0,C0V660,岡山,,28.9,,2025-07-31T23:00:00+08:00,2025-07-31T23:00:00+08:00,,,,229.0,1.4
90.0,23.056805,120.095569,,1000.2,0.0,0.0,0.0,0.0,0.0,17.5,42.5,0.0,0.0,0.0,C0N020,城西,,28.4,,2025-07-31T23:00:00+08:00,2025-07-31T23:00:00+08:00,,,,202.0,5.7
,24.635687,121.783933,,,,0.0,0.0,0.0,0.0,0.0,0.0,0.0,0.0,0.0,01U130,冬山,,,,2025-07-31T23:00:00+08:00,,,,,,
,24.769203,121.225244,,,,0.0,0.0,0.0,0.0,0.0,12.0,0.0,0.0,0.0,81D760,錦山國小,,,,2025-07-31T23:00:00+08:00,,,,,,
,23.290374,120.496384,,,,0.0,96.0,0.0,108.0,220.0,300.0,5.0,12.0,107.0,01O200,北寮,,,,2025-07-31T23:00:00+08:00,,,,,,
100.0,24.043122,120.932781,3.1,-99.0,,0.5,37.0,0.5,238.0,396.5,514.0,1.5,19.5,229.0,C2H9W0,大坪頂農水,-99.0,21.5,2025-07-31T23:00:00+08:00,2025-07-31T23:00:00+08:00,,-99,-99,陰有雨,-99.0,1.8
76.0,25.064767,121.114858,,999.3,0.0,0.0,0.0,0.0,0.0,0.0,22.5,0.0,0.0,0.0,C0C740,觀音工業區,,29.6,,2025-07-31T23:00:00+08:00,2025-07-31T23:00:00+08:00,,,,236.0,2.4
99.0,23.719183,120.442036,,997.6,13.5,0.0,3.0,0.0,13.5,60.5,67.5,0.0,0.0,13.5,C0K330,虎尾,,27.9,,2025-07-31T23:00:00+08:00,2025-07-31T23:00:00+08:00,,,,204.0,2.4
,25.180294,121.548816,,,,0.0,0.0,0.0,0.0,0.0,66.5,0.0,0.0,0.0,A1AD40,小油坑,,,,2025-07-31T23:00:00+08:00,,,,,,
,24.397972,120.986022,,,,0.5,8.5,0.5,29.0,59.5,77.0,0.5,0.5,29.0,C1E461,松安,,,,2025-07-31T23:00:00+08:00,,,,,,
87.0,22.622742,120.330669,,998.5,14.0,0.0,0.0,0.0,14.0,31.0,106.5,0.0,0.0,14.0,C0V710,苓雅,,29.2,,2025-07-31T23:00:00+08:00,2025-07-31T23:00:00+08:00,,,,222.0,1.9
92.0,22.534361,120.54,,1000.3,19.0,0.0,8.5,0.0,19.0,135.5,222.0,3.5,4.0,19.0,C0R220,潮州,,27.7,,2025-07-31T23:00:00+08:00,2025-07-31T23:00:00+08:00,,,,109.0,1.2
99.0,25.09694,121.6678,2.2,-99.0,,0.0,0.0,0.0,0.0,0.0,34.0,0.0,0.0,0.0,CAB040,國三S007K,-99.0,25.8,2025-07-31T23:00:00+08:00,2025-07-31T23:00:00+08:00,,-99,7-10,晴,330.0,1.6
,25.143993,121.566013,,,,0.0,0.0,0.0,0.0,0.0,62.0,0.0,0.0,0.0,A1AD00,菁山里,,,,2025-07-31T23:00:00+08:00,,,,,,
93.0,22.742908,120.743678,,889.3,198.0,0.5,87.5,1.5,208.0,432.0,525.5,16.0,49.5,198.0,C0R130,阿禮,,21.1,,2025-07-31T23:00:00+08:00,2025-07-31T23:00:00+08:00,,,,267.0,1.3
,23.615233,121.413331,,,,0.0,2.5,0.0,12.0,22.5,23.0,0.0,1.5,10.5,C1T970,大農,,,,2025-07-31T23:00:00+08:00,,,,,,
94.0,24.23105,120.90475,,893.8,190.0,0.0,13.0,1.0,192.5,267.5,365.0,2.0,4.5,190.0,C0FB10,出雲山苗圃,,20.2,,2025-07-31T23:00:00+08:00,2025-07-31T23:00:00+08:00,,,,151.0,1.2
99.0,23.112883,120.297219,,1001.2,-99.0,0.0,8.0,1.5,11.5,31.0,55.5,1.5,1.5,8.5,C0O900,善化,,27.7,,2025-07-31T23:00:00+08:00,2025-07-31T23:00:00+08:00,,,,149.0,2.1
,25.030298,121.490307,,,,0.0,0.0,0.0,0.0,0.0,46.5,0.0,0.0,0.0,A1AB20,雙園,,,,2025-07-31T23:00:00+08:00,,,,,,
72.0,25.091966,121.192505,9.5,-99.0,,0.0,0.0,0.0,0.0,0.0,34.5,0.0,0.0,0.0,CAC060,西濱S032K,-99.0,30.1,2025-07-31T23:00:00+08:00,2025-07-31T23:00:00+08:00,,-99,16-20,晴,170.0,3.9
96.0,22.9077,120.3513,4.2,-99.0,,0.0,14.0,0.0,20.5,30.0,103.0,0.5,1.0,20.5,CAN100,國三S366K,-99.0,26.8,2025-07-31T23:00:00+08:00,2025-07-31T23:00:00+08:00,,-99,21-30,陰,150.0,1.6
99.0,21.966756,120.810269,,974.3,32.5,0.0,2.5,0.0,32.5,45.5,232.5,0.0,0.0,32.5,C0R690,墾丁,,25.9,,2025-07-31T23:00:00+08:00,2025-07-31T23:00:00+08:00,,,,269.0,1.2
96.0,23.30609,120.290033,5.0,-99.0,,0.0,2.0,0.0,12.5,14.5,60.0,1.0,2.0,12.5,CAN010,國一N288K,-99.0,27.3,2025-07-31T23:00:00+08:00,2025-07-31T23:00:00+08:00,,-99,16-20,陰,180.0,3.4
,25.105298,121.474712,,,,0.0,0.0,0.0,0.0,0.0,66.0,0.0,0.0,0.0,A1AB30,中洲,,,,2025-07-31T23:00:00+08:00,,,,,,
,23.110591,120.703273,,,,0.0,140.0,0.0,347.0,624.0,736.0,8.0,37.0,304.0,O1V540,高中(2),,,,2025-07-31T23:00:00+08:00,,,,,,
98.0,23.171639,121.249378,,971.7,24.0,0.0,17.0,0.0,24.5,50.5,51.0,3.5,5.5,24.0,C0T9N0,富里,,23.3,,2025-07-31T23:00:00+08:00,2025-07-31T23:00:00+08:00,,,,301.0,0.7
91.0,24.735922,121.81625,,997.9,0.0,0.0,0.0,0.0,0.0,0.0,0.5,0.0,0.0,0.0,C0UB20,壯圍,,28.4,,2025-07-31T23:00:00+08:00,2025-07-31T23:00:00+08:00,,,,320.0,1.3
,22.969742,121.11534,,,,0.0,8.0,0.0,32.0,95.0,104.0,1.0,3.0,30.0,01S130,武陵,,,,2025-07-31T23:00:00+08:00,,,,,,
75.0,25.164889,121.448906,3.1,998.4,,0.0,0.0,0.0,0.0,0.0,70.0,0.0,0.0,0.0,466900,淡水,3.4,29.2,2025-07-31T23:00:00+08:00,2025-07-31T23:00:00+08:00,,0,>30,晴,340.0,0.8
86.0,22.594789,120.960825,,983.3,23.5,0.0,13.0,0.0,24.0,96.0,108.0,4.0,7.0,23.5,C0S920,金峰嘉蘭,,24.8,,2025-07-31T23:00:00+08:00,2025-07-31T23:00:00+08:00,,,,268.0,0.9
,23.148617,120.418633,,,,0.5,24.5,0.5,42.0,77.5,166.5,0.5,5.0,34.5,C1O850,環湖,,,,2025-07-31T23:00:00+08:00,,,,,,
,23.570458,120.520964,,,,0.0,43.0,0.0,64.0,215.0,240.0,0.0,20.0,64.0,01L910,中坑(3),,,,2025-07-31T23:00:00+08:00,,,,,,
77.0,25.018244,121.273697,5.5,-99.0,,0.0,0.0,0.0,0.0,0.0,69.5,0.0,0.0,0.0,CAC020,國二E009K,-99.0,29.3,2025-07-31T23:00:00+08:00,2025-07-31T23:00:00+08:00,,-99,>30,晴,80.0,1.0
,23.819722,121.473333,,,,0.0,2.5,0.0,13.5,20.0,64.5,0.0,2.0,13.5,81T850,溪口國小,,,,2025-07-31T23:00:00+08:00,,,,,,
,23.761508,120.832956,,,,0.0,61.5,0.0,221.0,528.0,548.5,4.0,5.0,192.0,C1I510,線浸林道,,,,2025-07-31T23:00:00+08:00,,,,,,
,22.888322,120.645986,,,,0.0,76.5,0.0,155.0,384.5,577.5,9.0,28.5,144.0,C1V340,大津,,,,2025-07-31T23:00:00+08:00,,,,,,
100.0,22.084681,120.863353,,964.5,69.0,0.0,18.5,0.0,69.0,114.0,238.0,1.5,7.5,69.0,C0R760,南仁湖,,25.2,,2025-07-31T23:00:00+08:00,2025-07-31T23:00:00+08:00,,,,255.0,4.5
81.0,24.471892,120.704622,,996.0,26.0,0.0,0.0,0.0,33.0,39.5,39.5,0.0,0.0,26.0,C0E590,通霄,,27.8,,2025-07-31T23:00:00+08:00,2025-07-31T23:00:00+08:00,,,,184.0,3.4
100.0,23.972169,120.952425,,954.1,151.5,0.0,33.0,0.5,170.0,315.0,404.5,3.5,13.5,151.5,C0H890,埔里,,22.8,,2025-07-31T23:00:00+08:00,2025-07-31T23:00:00+08:00,,,,0.0,0.0
,24.47039,121.777318,,,,0.0,0.0,0.0,2.5,2.5,3.5,0.0,0.0,2.5,81U860,金岳國小,,,,2025-07-31T23:00:00+08:00,,,,,,
85.0,23.346388,120.438888,5.5,-99.0,,0.0,10.0,0.0,40.0,68.0,143.0,0.0,3.0,35.0,CAN060,國三S311K,-99.0,27.2,2025-07-31T23:00:00+08:00,2025-07-31T23:00:00+08:00,,-99,11-15,陰,170.0,1.1
80.0,25.117494,121.537169,,997.4,0.0,0.0,0.0,0.0,0.0,0.0,69.5,0.0,0.0,0.0,C0A9C0,天母,,28.3,,2025-07-31T23:00:00+08:00,2025-07-31T23:00:00+08:00,,,,121.0,0.6
,24.4475,120.790278,,,,0.0,0.5,0.5,19.0,24.5,29.0,0.5,0.5,18.5,81E720,慈惠堂,,,,2025-07-31T23:00:00+08:00,,,,,,
,25.113593,121.569411,,,,0.0,0.0,0.0,0.0,0.0,70.5,0.0,0.0,0.0,A1AB80,雙溪,,,,2025-07-31T23:00:00+08:00,,,,,,
88.0,23.296581,120.385592,,998.8,25.0,0.0,9.0,0.0,27.0,40.0,117.0,0.5,1.0,25.0,C0X050,東河,,27.1,,2025-07-31T23:00:00+08:00,2025-07-31T23:00:00+08:00,,,,158.0,2.5
,24.940081,121.087161,,,,0.0,0.0,0.0,0.0,0.0,58.5,0.0,0.0,0.0,C1C510,水尾,,,,2025-07-31T23:00:00+08:00,,,,,,
,24.414244,120.77003,,,,0.0,1.0,0.0,52.0,76.0,91.0,1.0,1.0,47.0,01E290,三義(2),,,,2025-07-31T23:00:00+08:00,,,,,,
71.0,24.904794,121.043628,,989.9,0.0,0.0,0.0,0.0,0.0,0.0,37.5,0.0,0.0,0.0,C0D650,湖口,,29.2,,2025-07-31T23:00:00+08:00,2025-07-31T23:00:00+08:00,,,,197.0,3.2
82.0,24.562947,120.7485,,995.8,-99.0,0.0,0.0,0.0,12.5,14.0,19.5,0.0,0.0,11.5,C0E810,西湖,,27.0,,2025-07-31T23:00:00+08:00,2025-07-31T23:00:00+08:00,,,,201.0,1.5
95.0,22.507667,120.587817,,996.6,45.0,0.0,4.0,0.0,45.0,154.5,265.0,0.0,1.0,45.0,C0R950,萬隆國小,,26.8,,2025-07-31T23:00:00+08:00,2025-07-31T23:00:00+08:00,,,,108.0,1.4
99.0,23.903208,120.963364,1.7,-99.0,,0.0,46.5,0.0,173.0,347.0,388.5,2.5,15.5,167.5,72HA00,埔里分場,-99.0,21.7,2025-07-31T23:00:00+08:00,2025-07-31T23:00:00+08:00,,-99,-99,陰,240.0,0.3
,24.491756,120.927619,,,,0.0,0.0,0.0,8.5,16.0,26.0,0.0,0.0,8.5,C1E701,八卦,,,,2025-07-31T23:00:00+08:00,,,,,,
91.0,24.246428,120.833047,,960.0,288.0,0.0,24.0,0.0,309.0,379.0,508.5,3.0,10.5,288.0,C0F850,東勢,,24.7,,2025-07-31T23:00:00+08:00,2025-07-31T23:00:00+08:00,,,,161.0,0.8
86.0,21.945583,120.802167,8.3,-99.0,,0.0,4.0,0.0,25.5,42.5,198.5,0.0,0.0,25.5,B2Q810,恆春畜試,-99.0,27.4,2025-07-31T23:00:00+08:00,2025-07-31T23:00:00+08:00,,-99,-99,陰,280.0,4.8
88.0,23.753836,120.294783,5.7,-99.0,,0.0,0.0,0.0,0.5,15.0,17.5,0.0,0.0,0.5,V2K620,麥寮合作社,-99.0,27.5,2025-07-31T23:00:00+08:00,2025-07-31T23:00:00+08:00,,-99,-99,陰,170.0,3.7
,25.129193,121.576412,,,,0.0,0.0,0.0,0.0,0.0,67.0,0.0,0.0,0.0,A1AA20,平等國小,,,,2025-07-31T23:00:00+08:00,,,,,,
91.0,21.945666,120.745705,,1000.7,22.5,0.0,3.5,0.0,22.5,35.5,224.0,0.0,0.0,22.5,C0R880,後壁湖,,28.1,,2025-07-31T23:00:00+08:00,2025-07-31T23:00:00+08:00,,,,233.0,3.9
,23.819214,121.432069,,,,0.0,6.0,0.0,16.0,23.0,26.0,0.0,5.0,16.0,01T560,西林,,,,2025-07-31T23:00:00+08:00,,,,,,
87.0,22.725647,120.252675,,1000.5,5.0,0.0,0.0,0.0,5.0,5.5,53.5,0.0,0.0,5.0,C0V850,蚵仔寮,,28.3,,2025-07-31T23:00:00+08:00,2025-07-31T23:00:00+08:00,,,,208.0,6.4
75.0,25.096356,121.516506,,995.4,0.0,0.0,0.0,0.0,0.0,0.0,69.0,0.0,0.0,0.0,C0A770,科教館,,29.9,,2025-07-31T23:00:00+08:00,2025-07-31T23:00:00+08:00,,,,0.0,0.0
94.0,23.222403,120.806089,,924.6,398.0,0.5,197.5,3.0,439.5,1042.5,1102.0,7.0,38.5,398.0,C0V210,復興,,22.6,,2025-07-31T23:00:00+08:00,2025-07-31T23:00:00+08:00,,,,0.0,0.0
88.0,23.230347,120.182167,,999.5,0.0,0.0,0.0,0.0,0.0,0.5,8.0,0.0,0.0,0.0,C0X220,學甲,,28.4,,2025-07-31T23:00:00+08:00,2025-07-31T23:00:00+08:00,,,,188.0,1.0
,24.421669,120.923831,,,,0.0,1.0,0.5,23.5,35.5,45.0,0.5,1.0,20.0,C1E681,南勢山,,,,2025-07-31T23:00:00+08:00,,,,,,
80.0,25.123697,121.862239,,998.2,1.0,0.0,1.0,0.0,1.0,1.0,11.0,0.0,0.0,1.0,C0AJ50,水湳洞,,28.1,,2025-07-31T23:00:00+08:00,2025-07-31T23:00:00+08:00,,,,206.0,1.3
,24.677573,121.208601,,,,0.0,0.0,0.0,0.0,0.0,16.0,0.0,0.0,0.0,01D180,梅花,,,,2025-07-31T23:00:00+08:00,,,,,,
,24.887277,121.421373,,,,0.0,0.0,0.0,0.0,0.0,20.0,0.0,0.0,0.0,01A210,大豹,,,,2025-07-31T23:00:00+08:00,,,,,,
82.0,22.453108,120.887572,,984.7,23.0,0.0,5.5,0.0,26.0,291.0,335.5,2.0,5.0,23.0,C0SA80,土阪,,27.9,,2025-07-31T23:00:00+08:00,2025-07-31T23:00:00+08:00,,,,227.0,0.3
98.0,23.602469,120.707731,2.4,-99.0,,0.0,139.5,3.5,249.0,604.0,616.0,17.5,41.5,205.0,C2K610,草嶺石壁,-99.0,20.3,2025-07-31T23:00:00+08:00,2025-07-31T23:00:00+08:00,,-99,-99,陰,290.0,0.6
93.0,22.42565,120.49521,6.4,-99.0,,0.0,0.0,0.0,3.5,45.0,101.5,0.0,0.0,3.5,CAQ030,崎峰國小,-99.0,28.0,2025-07-31T23:00:00+08:00,2025-07-31T23:00:00+08:00,,-99,-99,陰,230.0,2.9
94.0,24.527819,121.519031,,853.9,3.0,0.0,0.0,0.0,3.0,3.0,3.0,0.0,0.0,3.0,C0UA30,白嶺,,20.4,,2025-07-31T23:00:00+08:00,2025-07-31T23:00:00+08:00,,,,0.0,0.0
,23.890642,120.485117,,,,0.0,27.0,0.0,46.0,120.0,120.0,1.0,1.0,46.0,C1G9D0,國一S218K,,,,2025-07-31T23:00:00+08:00,,,,,,
91.0,23.360694,120.279361,5.0,-99.0,,,,,,,,,,-99.0,72M360,義竹分場,-99.0,27.8,2025-07-31T23:00:00+08:00,,,-99,-99,陰,170.0,2.5
,22.813153,120.367789,,,,0.0,18.5,0.0,43.5,48.0,135.0,0.5,5.0,43.5,C1V390,尖山,,,,2025-07-31T23:00:00+08:00,,,,,,
93.0,23.25727,119.66762,9.7,997.1,,0.0,0.0,0.0,0.5,0.5,73.5,0.0,0.0,0.5,467300,東吉島,5.4,27.4,2025-07-31T23:00:00+08:00,2025-07-31T23:00:00+08:00,,0,7-10,陰有靄,200.0,6.0
92.0,21.993578,120.861633,,1000.7,33.5,0.0,1.5,0.0,33.5,48.5,212.0,0.0,1.0,33.5,C0R680,佳樂水,,27.7,,2025-07-31T23:00:00+08:00,2025-07-31T23:00:00+08:00,,,,250.0,5.5
93.0,23.810742,120.6173,,991.7,195.0,0.0,122.5,0.0,199.0,290.5,291.5,21.5,58.0,195.0,C0G880,二水,,27.2,,2025-07-31T23:00:00+08:00,2025-07-31T23:00:00+08:00,,,,115.0,1.5
,23.967378,120.802189,,,,0.0,98.5,0.0,310.5,523.5,527.0,9.0,27.5,299.0,C1H941,雙冬,,,,2025-07-31T23:00:00+08:00,,,,,,
,25.099395,121.528911,,,,0.0,0.0,0.0,0.0,0.0,75.5,0.0,0.0,0.0,A1AB60,福德,,,,2025-07-31T23:00:00+08:00,,,,,,
78.0,25.057378,121.500625,,997.3,0.0,0.0,0.0,0.0,0.0,0.0,203.5,0.0,0.0,0.0,C0AI30,三重,,31.2,,2025-07-31T23:00:00+08:00,2025-07-31T23:00:00+08:00,,,,215.0,1.2
,24.579364,121.079947,,,,0.0,0.0,0.0,6.0,6.0,22.0,0.0,0.0,6.0,C1D410,白蘭,,,,2025-07-31T23:00:00+08:00,,,,,,
92.0,24.040486,121.604878,,996.2,11.0,0.0,0.0,0.0,11.0,11.5,15.5,0.0,0.0,11.0,C0Z180,新城,,25.5,,2025-07-31T23:00:00+08:00,2025-07-31T23:00:00+08:00,,,,245.0,0.4
86.0,22.760558,120.267211,,999.8,2.5,0.0,0.0,0.0,2.5,4.5,60.0,0.0,0.0,2.5,C0V610,梓官,,28.5,,2025-07-31T23:00:00+08:00,2025-07-31T23:00:00+08:00,,,,220.0,2.9
,25.039991,121.619405,,,,0.0,0.0,0.0,0.0,0.0,42.0,0.0,0.0,0.0,A1AA70,舊莊國小,,,,2025-07-31T23:00:00+08:00,,,,,,
,23.105439,120.682922,,,,3.5,143.0,5.5,339.0,862.0,973.5,10.5,49.0,299.5,81V820,建山國小,,,,2025-07-31T23:00:00+08:00,,,,,,
,24.36042,120.948417,,,,0.0,24.0,0.0,70.0,116.0,182.0,0.0,1.0,69.0,01E060,象鼻(1),,,,2025-07-31T23:00:00+08:00,,,,,,
93.0,22.246844,120.661086,,1000.6,60.0,0.0,8.0,0.0,60.0,102.5,213.0,0.5,3.5,60.0,C0R700,枋山,,27.8,,2025-07-31T23:00:00+08:00,2025-07-31T23:00:00+08:00,,,,276.0,3.1
99.0,25.191408,121.783914,,989.3,-99.0,0.0,0.0,0.0,0.0,0.0,8.0,0.0,0.0,0.0,C0B020,基隆嶼,,27.9,,2025-07-31T23:00:00+08:00,2025-07-31T23:00:00+08:00,,,,304.0,1.6
,25.083096,121.52841,,,,0.0,0.0,0.0,0.0,0.0,59.5,0.0,0.0,0.0,A1AG50,劍潭山,,,,2025-07-31T23:00:00+08:00,,,,,,
,23.727778,121.4975,,,,0.0,4.0,0.0,12.5,18.5,21.5,0.0,3.0,12.5,81T860,山興分校,,,,2025-07-31T23:00:00+08:00,,,,,,
,23.217557,121.32297,,,,0.0,16.0,1.0,26.0,49.0,52.0,1.0,4.0,25.0,01T9J0,六十石山,,,,2025-07-31T23:00:00+08:00,,,,,,
90.0,21.987777,120.709119,,999.5,34.0,0.0,7.5,0.0,34.0,45.0,286.5,0.0,6.5,34.0,C0R890,山海,,28.3,,2025-07-31T23:00:00+08:00,2025-07-31T23:00:00+08:00,,,,264.0,9.2
,23.496606,120.663506,,,,0.0,207.5,4.5,298.0,773.0,815.5,28.0,67.5,281.5,C1M610,石磐龍,,,,2025-07-31T23:00:00+08:00,,,,,,
,23.496927,121.445929,,,,0.0,5.0,0.0,17.0,23.0,23.0,1.0,1.0,15.0,O1T800,奇美國小,,,,2025-07-31T23:00:00+08:00,,,,,,
92.0,23.368928,121.382931,,900.1,25.0,0.0,13.5,0.0,26.5,35.0,35.5,0.0,1.5,25.0,C0Z290,赤柯山,,21.0,,2025-07-31T23:00:00+08:00,2025-07-31T23:00:00+08:00,,,,321.0,1.3
87.0,23.038386,120.2367,8.5,1001.4,,0.0,1.0,0.0,1.5,17.0,31.5,0.0,0.0,1.5,467420,永康,0.4,28.4,2025-07-31T23:00:00+08:00,2025-07-31T23:00:00+08:00,,0,-99,陰,190.0,3.3
,23.309037,120.459288,,,,0.0,63.0,0.0,76.0,133.0,210.0,0.0,1.0,76.0,01O080,六溪,,,,2025-07-31T23:00:00+08:00,,,,,,
97.0,23.512333,120.403038,7.2,-99.0,,0.0,20.5,0.0,27.5,59.0,143.5,0.0,2.5,27.5,CAL020,國一S262K,-99.0,27.5,2025-07-31T23:00:00+08:00,2025-07-31T23:00:00+08:00,,-99,2.7,陰有靄,170.0,3.6
92.0,22.190131,120.692156,,1002.0,84.5,0.0,8.5,0.0,84.5,124.5,249.5,0.0,7.0,84.5,C0R670,楓港,,27.5,,2025-07-31T23:00:00+08:00,2025-07-31T23:00:00+08:00,,,,238.0,2.4
94.0,24.2049,120.6552,4.8,-99.0,,0.0,16.0,0.0,230.0,268.5,276.0,2.5,8.0,225.0,CAF010,國一N174K,-99.0,25.6,2025-07-31T23:00:00+08:00,2025-07-31T23:00:00+08:00,,-99,>30,陰,170.0,2.9
97.0,24.982411,121.668089,1.7,-99.0,,0.0,0.0,0.0,0.0,0.0,37.5,0.0,0.0,0.0,CAAD80,國五N008K,-99.0,25.0,2025-07-31T23:00:00+08:00,2025-07-31T23:00:00+08:00,,-99,7-10,晴,220.0,0.6
,24.023289,121.411328,,,,0.0,6.0,0.0,25.5,36.5,47.0,0.0,0.5,25.0,C1T980,龍澗,,,,2025-07-31T23:00:00+08:00,,,,,,
97.0,24.996414,121.651931,2.9,-99.0,,0.0,0.0,0.0,0.0,0.0,44.5,0.0,0.0,0.0,CAAD60,國五S005K,-99.0,25.5,2025-07-31T23:00:00+08:00,2025-07-31T23:00:00+08:00,,-99,7-10,晴,150.0,0.6
,24.494522,121.536435,,,,0.0,0.0,0.0,5.0,6.0,6.0,0.0,0.0,5.0,01U560,太平山(1),,,,2025-07-31T23:00:00+08:00,,,,,,
96.0,22.883208,120.327508,,999.0,-99.0,0.0,15.5,0.0,30.0,31.5,111.5,0.5,0.5,30.0,C0V530,阿蓮,,28.1,,2025-07-31T23:00:00+08:00,2025-07-31T23:00:00+08:00,,,,184.0,0.6
,24.42585,121.749405,,,,0.0,0.0,0.0,5.0,5.0,5.0,0.0,0.0,5.0,01U450,樟林,,,,2025-07-31T23:00:00+08:00,,,,,,
92.0,22.462467,120.440744,,1001.0,-99.0,0.0,6.0,0.0,21.0,61.0,142.0,2.0,2.0,21.0,C0R640,東港,,27.6,,2025-07-31T23:00:00+08:00,2025-07-31T23:00:00+08:00,,,,232.0,3.3
87.0,25.136097,121.426372,,935.1,0.0,0.0,0.0,0.0,0.0,0.0,71.5,0.0,0.0,0.0,C0AK30,硬漢嶺,,25.0,,2025-07-31T23:00:00+08:00,2025-07-31T23:00:00+08:00,,,,220.0,3.7
94.0,25.11444,121.6886,1.1,-99.0,,0.0,0.0,0.0,0.0,0.0,13.5,0.0,0.0,0.0,CAB030,國三S004K,-99.0,25.7,2025-07-31T23:00:00+08:00,2025-07-31T23:00:00+08:00,,-99,-99,晴,0.0,0.1
99.0,24.037803,120.855072,,969.4,333.0,0.0,45.5,0.5,362.0,588.5,653.0,3.0,20.5,333.0,C0I420,國姓,,23.3,,2025-07-31T23:00:00+08:00,2025-07-31T23:00:00+08:00,,,,0.0,0.2
87.0,24.213106,120.703933,,979.8,297.5,0.0,29.0,0.0,301.0,362.5,365.0,14.0,27.0,297.5,C0F9O0,潭子,,25.7,,2025-07-31T23:00:00+08:00,2025-07-31T23:00:00+08:00,,,,152.0,1.4
78.0,25.072181,121.380839,,969.7,0.0,0.0,0.0,0.0,0.0,0.0,46.5,0.0,0.0,0.0,C0AH50,林口,,29.9,,2025-07-31T23:00:00+08:00,2025-07-31T23:00:00+08:00,,,,223.0,1.2
,24.347703,120.827019,,,,0.0,26.5,0.5,104.0,137.0,166.0,8.5,13.0,101.0,C1E511,新開,,,,2025-07-31T23:00:00+08:00,,,,,,
100.0,22.825958,120.415519,6.8,-99.0,,0.0,31.5,1.0,54.5,76.5,182.5,1.0,1.5,54.5,CAV280,國三S378K,-99.0,26.3,2025-07-31T23:00:00+08:00,2025-07-31T23:00:00+08:00,,-99,7-10,陰有靄,160.0,0.6
,24.5378,121.8485,,,,0.0,0.0,0.0,0.0,0.0,0.0,0.0,0.0,0.0,C1U840,東澳嶺,,,,2025-07-31T23:00:00+08:00,,,,,,
76.0,24.962606,121.888875,,941.4,-99.0,0.0,2.0,0.0,2.0,2.0,9.0,0.0,0.0,2.0,C0UA70,桃源谷,,25.7,,2025-07-31T23:00:00+08:00,2025-07-31T23:00:00+08:00,,,,195.0,1.2
,24.789844,120.952712,,,,0.0,0.0,0.0,0.0,0.0,23.0,0.0,0.0,0.0,O1D590,成德中學,,,,2025-07-31T23:00:00+08:00,,,,,,
83.0,24.370625,120.620067,,997.4,50.0,0.0,0.0,0.0,54.5,87.5,89.5,0.0,0.0,50.0,C0FB70,大甲溪埔,,26.3,,2025-07-31T23:00:00+08:00,2025-07-31T23:00:00+08:00,,,,155.0,4.2
,23.330882,120.506972,,,,0.0,74.0,0.0,100.0,190.0,252.0,1.0,11.0,98.0,01O070,關子嶺(2),,,,2025-07-31T23:00:00+08:00,,,,,,
,23.202324,121.25167,,,,0.0,18.0,0.0,27.0,54.0,54.0,2.0,4.0,27.0,01T720,明里,,,,2025-07-31T23:00:00+08:00,,,,,,
100.0,23.77412,120.64061,8.1,-99.0,,0.0,118.5,0.0,206.0,344.5,344.5,30.0,61.0,202.0,CAJ010,國三N252K,-99.0,24.3,2025-07-31T23:00:00+08:00,2025-07-31T23:00:00+08:00,,-99,7-10,陰,120.0,4.2
94.0,25.175675,121.522408,,885.8,0.0,0.0,0.0,0.0,0.0,0.5,65.5,0.0,0.0,0.0,C0AC40,大屯山,,24.2,,2025-07-31T23:00:00+08:00,2025-07-31T23:00:00+08:00,,,,95.0,2.6
,22.434551,120.638399,,,,0.0,3.0,0.0,43.0,200.0,280.0,0.0,1.0,43.0,01Q360,南和,,,,2025-07-31T23:00:00+08:00,,,,,,
87.0,24.560647,121.752608,,881.2,0.0,0.0,0.0,0.0,0.0,3.0,3.0,0.0,0.0,0.0,C0UA40,西德山,,22.0,,2025-07-31T23:00:00+08:00,2025-07-31T23:00:00+08:00,,,,360.0,1.1
99.0,23.689694,120.851036,,947.6,168.5,0.0,67.0,0.0,189.5,343.5,365.5,4.5,8.5,168.5,C0I080,信義,,21.9,,2025-07-31T23:00:00+08:00,2025-07-31T23:00:00+08:00,,,,0.0,0.0
96.0,23.5626,119.468436,,995.4,0.5,0.0,0.0,0.0,0.5,18.0,27.0,0.0,0.0,0.5,C0W120,西嶼,,26.6,,2025-07-31T23:00:00+08:00,2025-07-31T23:00:00+08:00,,,,188.0,9.4
73.0,24.302863,121.731144,,901.3,12.5,0.0,0.0,0.0,12.5,12.5,13.0,0.0,0.0,12.5,C0TA40,秀林,,24.4,,2025-07-31T23:00:00+08:00,2025-07-31T23:00:00+08:00,,,,270.0,0.7
99.0,23.590856,120.888864,2.0,-99.0,,0.0,50.0,0.5,156.5,260.0,279.5,3.0,7.0,131.0,U2HA30,臺大和社,-99.0,20.7,2025-07-31T23:00:00+08:00,2025-07-31T23:00:00+08:00,,-99,-99,陰,20.0,0.5
,25.037192,121.585606,,,,0.0,0.0,0.0,0.0,0.0,46.5,0.0,0.0,0.0,A1AA60,留公國中,,,,2025-07-31T23:00:00+08:00,,,,,,
,23.934019,120.811994,,,,0.0,107.5,0.0,324.0,585.0,610.5,9.0,27.5,305.0,C1I211,蘆竹湳,,,,2025-07-31T23:00:00+08:00,,,,,,
,23.277581,120.916901,,,,0.0,93.0,1.0,252.0,526.0,556.0,6.0,20.0,234.0,01V070,天池,,,,2025-07-31T23:00:00+08:00,,,,,,
79.0,24.5958,120.7394,6.2,-99.0,,0.0,0.0,0.0,6.5,7.0,12.5,0.0,0.0,6.5,CAE100,西濱N107K,-99.0,27.7,2025-07-31T23:00:00+08:00,2025-07-31T23:00:00+08:00,,-99,16-20,多雲,200.0,1.6
99.0,23.837053,120.701447,,982.2,241.0,0.0,150.5,0.0,248.5,421.5,421.5,38.5,54.5,241.0,C0I410,名間,,23.2,,2025-07-31T23:00:00+08:00,2025-07-31T23:00:00+08:00,,,,162.0,0.6
,23.701086,120.311047,,,,0.0,0.0,0.0,2.0,36.0,64.0,0.0,0.0,2.0,01K060,褒忠(2),,,,2025-07-31T23:00:00+08:00,,,,,,
94.0,22.684645,120.432803,,997.9,7.0,0.0,4.0,0.0,11.5,30.0,138.5,0.0,0.5,7.0,C0V910,大樹,,26.6,,2025-07-31T23:00:00+08:00,2025-07-31T23:00:00+08:00,,,,147.0,0.8
,23.268447,120.823556,,,,2.0,199.0,6.0,467.0,931.0,972.5,22.0,45.5,414.5,C1V200,梅山,,,,2025-07-31T23:00:00+08:00,,,,,,
83.0,24.343922,121.656317,,936.3,15.5,0.0,0.5,0.0,15.5,15.5,16.0,0.0,0.0,15.5,C0Z220,和平林道,,24.2,,2025-07-31T23:00:00+08:00,2025-07-31T23:00:00+08:00,,,,262.0,2.0
82.0,24.991622,121.491792,,995.7,-99.0,0.0,0.0,0.0,0.0,0.0,38.5,0.0,0.0,0.0,C0AG80,中和,,29.2,,2025-07-31T23:00:00+08:00,2025-07-31T23:00:00+08:00,,,,235.0,1.8
90.0,24.95083,121.3958,2.2,-99.0,,0.0,0.0,0.0,0.0,0.0,52.5,0.0,0.0,0.0,CAA070,國三N046K,-99.0,27.8,2025-07-31T23:00:00+08:00,2025-07-31T23:00:00+08:00,,-99,-99,晴,210.0,0.6
,25.015833,121.804444,,,,0.0,20.0,0.0,20.0,20.0,34.5,0.0,0.0,20.0,81AH70,柑林國小,,,,2025-07-31T23:00:00+08:00,,,,,,
,23.992778,120.7625,,,,0.0,90.5,0.0,305.5,499.5,506.0,19.5,39.5,296.0,81H910,平林國小,,,,2025-07-31T23:00:00+08:00,,,,,,
,22.598611,120.685278,,,,0.0,128.0,0.0,227.0,674.0,795.0,17.0,28.0,220.0,01Q960,泰武(2),,,,2025-07-31T23:00:00+08:00,,,,,,
94.0,23.468598,120.499369,3.7,-99.0,,0.0,54.0,0.0,96.0,228.5,329.0,0.0,28.5,96.0,CAL070,國三N295K,-99.0,26.7,2025-07-31T23:00:00+08:00,2025-07-31T23:00:00+08:00,,-99,7-10,陰,150.0,1.3
,23.631944,121.397778,,,,0.0,4.5,0.0,12.0,24.5,24.5,0.0,3.0,11.0,88T920,大興,,,,2025-07-31T23:00:00+08:00,,,,,,
,23.159204,120.764326,,,,0.0,159.0,2.5,405.5,1207.0,1281.5,8.0,34.0,378.0,81V950,桃源區公所,,,,2025-07-31T23:00:00+08:00,,,,,,
99.0,23.331169,120.508025,,960.2,102.0,0.0,77.0,0.0,104.0,200.5,265.5,1.0,12.0,102.0,C0X240,關子嶺,,25.4,,2025-07-31T23:00:00+08:00,2025-07-31T23:00:00+08:00,,,,196.0,1.0
99.0,23.924703,120.547533,,997.7,94.0,0.0,72.5,0.0,94.0,155.5,155.5,10.0,10.5,94.0,C0G920,永靖,,25.7,,2025-07-31T23:00:00+08:00,2025-07-31T23:00:00+08:00,,,,158.0,0.7
77.0,23.991861,121.537169,,940.3,13.5,0.0,0.5,0.0,13.5,16.5,28.0,0.0,0.0,13.5,C0T9B0,水源,,25.2,,2025-07-31T23:00:00+08:00,2025-07-31T23:00:00+08:00,,,,211.0,0.3
85.0,24.322458,120.936819,4.7,-99.0,,0.0,21.5,1.5,96.5,143.0,186.0,1.5,3.0,93.0,C2F990,摩天嶺,-99.0,22.0,2025-07-31T23:00:00+08:00,2025-07-31T23:00:00+08:00,,-99,-99,陰,-99.0,1.5
83.0,22.142069,120.894356,,988.8,58.5,0.0,13.5,0.0,60.0,111.5,187.0,1.5,10.5,58.5,C0R790,九棚,,27.3,,2025-07-31T23:00:00+08:00,2025-07-31T23:00:00+08:00,,,,246.0,6.1
,24.180853,120.848378,,,,0.0,13.5,0.0,208.5,306.0,461.5,2.0,4.5,203.0,C1F9G1,慶福山,,,,2025-07-31T23:00:00+08:00,,,,,,
,24.986395,121.545303,,,,0.0,0.0,0.0,0.0,0.0,48.5,0.0,0.0,0.0,A1AB10,埤腹,,,,2025-07-31T23:00:00+08:00,,,,,,
79.0,24.950281,121.196314,8.9,-99.0,,0.0,0.0,0.0,0.0,0.0,72.0,0.0,0.0,0.0,CAC760,國一高架N063K,-99.0,28.6,2025-07-31T23:00:00+08:00,2025-07-31T23:00:00+08:00,,-99,>30,晴,230.0,3.7
79.0,24.606489,120.783933,7.7,-99.0,,0.0,0.0,0.0,5.0,5.0,49.5,0.0,0.0,4.5,C2E540,龍溪,-99.0,26.5,2025-07-31T23:00:00+08:00,2025-07-31T23:00:00+08:00,,-99,-99,多雲,200.0,1.8
90.0,23.187875,120.0889,,1000.0,0.0,0.0,0.0,0.0,0.0,0.0,0.5,0.0,0.0,0.0,C0N010,鯤鯓國小,,28.5,,2025-07-31T23:00:00+08:00,2025-07-31T23:00:00+08:00,,,,190.0,8.3
,25.108056,121.814722,,,,0.0,0.0,0.0,0.0,0.0,0.0,0.0,0.0,0.0,NUP810,員山子,,,,2025-07-31T23:00:00+08:00,,,,,,
76.0,24.307169,121.770069,,997.3,6.5,0.0,0.0,0.0,6.5,6.5,6.5,0.0,0.0,6.5,C0Z230,和平,,27.3,,2025-07-31T23:00:00+08:00,2025-07-31T23:00:00+08:00,,,,279.0,3.2
,22.763272,120.704442,,,,0.0,98.5,0.5,228.5,483.5,633.5,13.0,48.0,221.5,C1R120,上德文,,,,2025-07-31T23:00:00+08:00,,,,,,
100.0,22.405264,120.753181,,827.4,336.5,0.0,109.0,10.0,346.0,821.0,958.5,19.5,57.0,336.5,C0R440,大漢山,,18.6,,2025-07-31T23:00:00+08:00,2025-07-31T23:00:00+08:00,,,,131.0,2.4
,24.080775,120.962997,,,,0.0,25.5,1.5,164.5,271.5,434.5,3.0,13.5,161.0,C1H900,清流,,,,2025-07-31T23:00:00+08:00,,,,,,
100.0,23.154722,120.345,5.9,-99.0,,0.0,7.5,0.0,12.0,41.5,76.0,0.0,0.0,8.5,CAN080,國三N336K,-99.0,27.2,2025-07-31T23:00:00+08:00,2025-07-31T23:00:00+08:00,,-99,-99,陰,130.0,3.2
91.0,23.946503,120.585597,,996.8,123.0,0.0,79.0,0.0,123.5,194.0,194.0,12.5,18.5,123.0,C0G650,員林,,27.4,,2025-07-31T23:00:00+08:00,2025-07-31T23:00:00+08:00,,,,151.0,1.3
89.0,25.007606,122.002058,,990.2,0.0,0.0,0.0,0.0,0.0,0.0,0.5,0.0,0.0,0.0,C0A970,三貂角,,26.7,,2025-07-31T23:00:00+08:00,2025-07-31T23:00:00+08:00,,,,188.0,2.4
89.0,23.021375,120.347878,,994.6,-99.0,0.0,3.5,0.0,8.0,29.5,82.5,0.0,3.5,8.0,C0O970,虎頭埤,,26.7,,2025-07-31T23:00:00+08:00,2025-07-31T23:00:00+08:00,,,,134.0,1.3
,22.753496,121.158652,,,,0.0,1.0,1.0,16.0,74.0,77.0,1.0,1.0,9.0,01S610,台東(7),,,,2025-07-31T23:00:00+08:00,,,,,,
87.0,23.955116,120.662376,4.3,-99.0,,0.0,121.5,0.0,225.5,413.0,413.0,21.5,33.5,223.0,CAH010,國三N223K,-99.0,25.0,2025-07-31T23:00:00+08:00,2025-07-31T23:00:00+08:00,,-99,>30,陰,170.0,2.7
92.0,25.11583,121.7286,1.8,-99.0,,0.0,0.0,0.0,0.0,0.0,13.5,0.0,0.0,0.0,CAB010,國一S001K,-99.0,27.1,2025-07-31T23:00:00+08:00,2025-07-31T23:00:00+08:00,,-99,-99,晴,50.0,0.5
100.0,23.416666,120.355,5.5,-99.0,,0.0,6.5,0.0,7.5,28.0,97.0,1.0,2.5,7.5,CAL040,國一N273K,-99.0,27.3,2025-07-31T23:00:00+08:00,2025-07-31T23:00:00+08:00,,-99,-99,陰,160.0,3.2
84.0,24.668122,121.653017,,988.4,0.0,0.0,0.0,0.0,0.0,0.0,1.0,0.0,0.0,0.0,C0U890,三星,,27.3,,2025-07-31T23:00:00+08:00,2025-07-31T23:00:00+08:00,,,,282.0,2.9
,24.158325,120.886933,,,,0.0,18.0,1.0,211.0,327.5,431.0,4.0,9.5,198.5,C1F9D1,白毛台,,,,2025-07-31T23:00:00+08:00,,,,,,
71.0,25.037658,121.514853,3.1,997.2,,0.0,0.0,0.0,0.0,0.0,53.5,0.0,0.0,0.0,466920,臺北,5.5,30.3,2025-07-31T23:00:00+08:00,2025-07-31T23:00:00+08:00,,0,>30,晴,220.0,1.2
,23.820778,120.642594,,,,0.0,145.5,0.0,249.0,377.5,377.5,33.0,70.0,243.5,C1I280,埔中,,,,2025-07-31T23:00:00+08:00,,,,,,
,24.272392,120.849047,,,,0.0,24.5,0.0,212.5,276.5,343.5,3.5,7.0,193.0,C1F9F1,伯公龍,,,,2025-07-31T23:00:00+08:00,,,,,,
88.0,24.437042,120.778219,7.9,-99.0,,0.0,0.5,0.0,37.0,67.5,70.5,0.5,0.5,35.0,CAE560,國一S144K,-99.0,24.8,2025-07-31T23:00:00+08:00,2025-07-31T23:00:00+08:00,,-99,7-10,陰,180.0,2.6
91.0,22.608483,120.570714,,998.1,42.0,0.0,36.5,0.0,44.0,169.0,246.5,1.0,2.0,42.0,C0R960,內埔,,27.1,,2025-07-31T23:00:00+08:00,2025-07-31T23:00:00+08:00,,,,128.0,2.2
,22.479722,120.9125,,,,0.0,3.0,0.0,22.5,222.5,257.5,0.0,1.5,22.0,81S540,拉里吧,,,,2025-07-31T23:00:00+08:00,,,,,,
87.0,22.318619,120.857372,,956.0,122.0,0.0,42.0,0.0,128.5,314.5,356.5,2.5,25.0,122.0,C0S990,山豬窟,,25.1,,2025-07-31T23:00:00+08:00,2025-07-31T23:00:00+08:00,,,,239.0,5.0
,24.298227,120.905896,,,,0.0,33.0,2.5,156.5,232.0,308.5,2.5,3.5,145.5,81E870,白布帆,,,,2025-07-31T23:00:00+08:00,,,,,,
,23.561831,120.928349,,,,0.0,38.0,1.0,125.0,215.0,227.0,3.0,8.0,99.0,01H400,東埔,,,,2025-07-31T23:00:00+08:00,,,,,,
-99.0,24.820208,121.352281,,-99.0,0.0,0.0,0.0,0.0,0.0,0.0,16.0,0.0,0.0,0.0,C0C460,復興,,-99.0,,2025-07-31T23:00:00+08:00,2025-07-31T23:00:00+08:00,,,,-99.0,-99.0
94.0,22.997889,120.633583,,973.5,261.5,0.0,112.0,1.0,269.5,585.0,756.0,10.5,44.0,261.5,C0V800,六龜,,24.8,,2025-07-31T23:00:00+08:00,2025-07-31T23:00:00+08:00,,,,0.0,0.0
85.0,22.627422,120.298803,,1000.0,3.0,0.0,0.0,0.0,3.0,13.0,98.0,0.0,0.0,3.0,C0V490,新興,,28.5,,2025-07-31T23:00:00+08:00,2025-07-31T23:00:00+08:00,,,,216.0,1.5
86.0,24.312297,120.562242,,997.6,98.5,0.0,0.0,0.0,100.0,140.5,141.0,0.0,0.0,98.5,C0F9P0,清水,,26.9,,2025-07-31T23:00:00+08:00,2025-07-31T23:00:00+08:00,,,,187.0,5.0
,24.798205,121.358193,,,,0.0,0.0,0.0,0.0,0.0,14.0,0.0,0.0,0.0,21C140,霞雲,,,,2025-07-31T23:00:00+08:00,,,,,,
,23.265355,120.445893,,,,0.0,36.0,0.0,43.0,118.0,205.0,0.0,1.0,43.0,01O190,東原,,,,2025-07-31T23:00:00+08:00,,,,,,
94.0,22.975481,120.466769,,992.7,-99.0,0.0,22.0,0.5,48.5,84.5,217.5,1.0,5.0,47.5,C0V360,內門,,27.2,,2025-07-31T23:00:00+08:00,2025-07-31T23:00:00+08:00,,,,186.0,0.8
93.0,25.00194,121.5975,3.0,-99.0,,0.0,0.0,0.0,0.0,0.0,36.0,0.0,0.0,0.0,CAA090,國三甲005K,-99.0,27.0,2025-07-31T23:00:00+08:00,2025-07-31T23:00:00+08:00,,-99,21-30,晴,80.0,1.6
97.0,24.254668,121.007374,,773.7,108.5,1.0,17.5,3.5,110.0,169.5,218.0,3.5,6.5,108.5,C0FB00,大雪山,,15.4,,2025-07-31T23:00:00+08:00,2025-07-31T23:00:00+08:00,,,,-99.0,-99.0
100.0,22.917711,121.122994,,959.1,33.5,0.0,9.0,0.5,36.0,103.5,111.0,2.5,4.5,33.5,C0S710,鹿野,,22.9,,2025-07-31T23:00:00+08:00,2025-07-31T23:00:00+08:00,,,,7.0,1.5
82.0,24.791042,121.675047,,949.3,0.0,0.0,0.0,0.0,0.0,0.0,6.5,0.0,0.0,0.0,C0U870,大礁溪,,26.4,,2025-07-31T23:00:00+08:00,2025-07-31T23:00:00+08:00,,,,0.0,0.2
82.0,24.870678,120.977211,,985.6,-99.0,0.0,0.0,0.0,0.0,0.0,32.5,0.0,0.0,0.0,C0D590,新豐,,27.3,,2025-07-31T23:00:00+08:00,2025-07-31T23:00:00+08:00,,,,220.0,2.5
100.0,24.15295,120.572117,1.7,-99.0,,0.0,68.0,0.0,178.5,220.5,222.0,4.5,7.0,171.5,C2F000,大肚,-99.0,24.0,2025-07-31T23:00:00+08:00,2025-07-31T23:00:00+08:00,,-99,-99,陰,150.0,0.5
,23.84869,120.935333,,,,0.0,53.0,0.0,204.0,472.0,520.5,2.0,12.0,200.0,81H920,德化國小,,,,2025-07-31T23:00:00+08:00,,,,,,
86.0,23.126769,121.401914,,997.6,18.0,0.0,10.0,0.0,19.5,35.5,35.5,0.0,1.5,18.0,C0SB60,白守蓮,,25.7,,2025-07-31T23:00:00+08:00,2025-07-31T23:00:00+08:00,,,,342.0,1.5
93.0,24.650688,121.475277,,876.0,2.5,0.0,2.5,0.0,2.5,2.5,3.0,2.5,2.5,2.5,C0UB60,明池,,20.2,,2025-07-31T23:00:00+08:00,2025-07-31T23:00:00+08:00,,,,-99.0,-99.0
92.0,23.514319,120.229736,,1000.9,0.0,0.0,0.0,0.0,0.0,0.5,13.0,0.0,0.0,0.0,C0K550,蔦松,,28.0,,2025-07-31T23:00:00+08:00,2025-07-31T23:00:00+08:00,,,,163.0,1.3
87.0,23.286817,121.411975,,969.1,21.0,0.0,12.0,0.0,23.5,26.5,27.0,0.0,2.0,21.0,C0S830,長濱,,24.7,,2025-07-31T23:00:00+08:00,2025-07-31T23:00:00+08:00,,,,24.0,1.6
,25.131395,121.545613,,,,0.0,0.0,0.0,0.0,0.0,88.5,0.0,0.0,0.0,A1AA10,格致國中,,,,2025-07-31T23:00:00+08:00,,,,,,
89.0,22.507747,120.394511,,1000.9,-99.0,0.0,1.0,0.0,10.0,61.0,125.5,0.0,0.0,10.0,C0V720,林園,,29.3,,2025-07-31T23:00:00+08:00,2025-07-31T23:00:00+08:00,,,,248.0,2.6
,23.72541,120.876679,,,,0.0,57.0,0.0,209.0,381.0,424.0,3.5,7.5,196.0,81I540,上安,,,,2025-07-31T23:00:00+08:00,,,,,,
67.0,24.977661,121.256375,,984.5,0.0,0.0,0.0,0.0,0.0,0.0,81.5,0.0,0.0,0.0,C0C700,中壢,,29.8,,2025-07-31T23:00:00+08:00,2025-07-31T23:00:00+08:00,,,,172.0,0.4
97.0,22.812222,120.314166,4.8,-99.0,,0.0,12.0,1.0,22.0,26.0,72.0,1.0,1.0,22.0,CAP020,國一S346K,-99.0,27.2,2025-07-31T23:00:00+08:00,2025-07-31T23:00:00+08:00,,-99,-99,陰,170.0,1.6
97.0,23.903319,120.376069,,999.8,10.5,0.0,5.5,0.0,10.5,47.0,71.5,0.0,2.0,10.5,C0G730,二林,,27.0,,2025-07-31T23:00:00+08:00,2025-07-31T23:00:00+08:00,,,,176.0,2.1
87.0,24.39798,120.669487,10.6,-99.0,,0.0,0.5,0.5,59.0,82.5,88.5,0.5,0.5,50.0,CAE090,國三S156K,-99.0,26.6,2025-07-31T23:00:00+08:00,2025-07-31T23:00:00+08:00,,-99,-99,陰,170.0,4.4
,24.981089,121.749275,,,,0.0,12.0,0.0,12.0,12.0,31.0,0.0,0.0,12.0,01A200,火燒寮,,,,2025-07-31T23:00:00+08:00,,,,,,
90.0,24.1081,120.434576,6.2,-99.0,,0.0,3.0,0.0,28.0,58.5,61.5,0.0,1.0,28.0,CAG070,西濱S173K,-99.0,26.7,2025-07-31T23:00:00+08:00,2025-07-31T23:00:00+08:00,,-99,16-20,陰,140.0,3.1
91.0,24.539133,120.920042,,976.8,-99.0,0.0,0.0,0.0,14.0,16.0,31.5,0.0,0.0,14.0,C0E820,獅潭,,24.8,,2025-07-31T23:00:00+08:00,2025-07-31T23:00:00+08:00,,,,215.0,2.7
,24.687014,120.960275,,,,0.0,0.0,0.0,0.0,0.0,9.0,0.0,0.0,0.0,01E240,珊珠湖,,,,2025-07-31T23:00:00+08:00,,,,,,
,23.478744,120.878939,,,,0.5,94.0,3.0,215.0,493.0,545.0,15.0,17.5,199.5,C1I440,新高口,,,,2025-07-31T23:00:00+08:00,,,,,,
95.0,24.347667,120.640403,3.9,-99.0,,0.0,7.0,0.0,106.0,158.0,158.5,1.5,1.5,91.5,C2F930,大甲,-99.0,24.8,2025-07-31T23:00:00+08:00,2025-07-31T23:00:00+08:00,,-99,-99,陰,130.0,0.4
,23.083884,120.58767,,,,0.0,75.0,0.0,169.0,319.0,523.0,0.0,41.0,152.0,01P660,甲仙(2),,,,2025-07-31T23:00:00+08:00,,,,,,
,23.926186,120.63801,,,,0.0,145.0,0.0,249.0,447.0,447.0,26.0,40.0,248.0,01H590,六分寮,,,,2025-07-31T23:00:00+08:00,,,,,,
99.0,23.762528,120.7405,3.6,-99.0,,0.0,127.5,0.0,291.0,628.5,628.5,28.5,31.5,257.5,82H840,凍頂茶改,-99.0,22.6,2025-07-31T23:00:00+08:00,2025-07-31T23:00:00+08:00,,-99,-99,陰,110.0,1.3
,23.985549,120.892835,,,,0.0,56.0,0.0,288.0,483.0,560.0,3.0,20.0,271.0,01H680,北山(2),,,,2025-07-31T23:00:00+08:00,,,,,,
92.0,22.971003,120.539853,-99.0,-99.0,,0.0,46.5,0.0,137.5,247.0,435.0,0.0,20.5,132.5,C2V260,月眉,-99.0,26.6,2025-07-31T23:00:00+08:00,2025-07-31T23:00:00+08:00,,-99,-99,陰,-99.0,-99.0
-99.0,22.527306,120.625111,,-99.0,-99.0,,,,,,,,,,C0R240,來義,,-99.0,,,2025-07-31T23:00:00+08:00,,,,-99.0,-99.0
,23.028691,120.592901,,,,0.0,101.5,0.0,165.0,327.5,493.0,0.0,24.5,160.5,88V560,集來,,,,2025-07-31T23:00:00+08:00,,,,,,
,23.044518,120.479345,,,,0.0,22.0,0.0,69.0,139.0,307.0,0.0,12.0,67.0,01N850,南化(2),,,,2025-07-31T23:00:00+08:00,,,,,,
93.0,24.823239,121.730383,,959.6,1.5,0.0,1.5,0.0,1.5,1.5,7.5,0.0,0.0,1.5,C0UB00,淡大蘭陽校園,,24.8,,2025-07-31T23:00:00+08:00,2025-07-31T23:00:00+08:00,,,,296.0,0.7
91.0,24.237116,120.688271,6.8,-99.0,,0.0,16.0,0.0,233.0,277.0,283.0,7.5,14.0,136.5,CAF030,國一S169K,-99.0,25.8,2025-07-31T23:00:00+08:00,2025-07-31T23:00:00+08:00,,-99,-99,陰,170.0,3.0
100.0,23.468114,121.374069,,972.5,16.0,0.0,9.5,0.0,17.0,23.0,23.5,0.5,1.5,16.0,C0Z070,舞鶴,,22.9,,2025-07-31T23:00:00+08:00,2025-07-31T23:00:00+08:00,,,,331.0,0.5
,24.182844,120.929889,,,,0.0,17.5,0.5,177.0,302.0,372.0,3.5,7.0,175.5,C1F9C1,白冷,,,,2025-07-31T23:00:00+08:00,,,,,,
,24.236166,121.708898,,,,0.0,0.0,0.0,6.5,6.5,6.5,0.0,0.0,6.5,81T1B0,和仁車站,,,,2025-07-31T23:00:00+08:00,,,,,,
71.0,24.751724,120.905028,9.5,-99.0,,0.0,0.0,0.0,0.0,0.0,19.5,0.0,0.0,0.0,CAD110,西濱S082K,-99.0,28.9,2025-07-31T23:00:00+08:00,2025-07-31T23:00:00+08:00,,-99,>30,晴,200.0,4.4
77.0,24.495722,120.829111,8.8,-99.0,,0.0,0.0,0.0,22.0,30.0,34.0,0.0,0.0,19.5,K2E360,苗栗農改,-99.0,26.7,2025-07-31T23:00:00+08:00,2025-07-31T23:00:00+08:00,,-99,-99,多雲,210.0,2.6
,24.156667,120.756667,,,,0.0,54.5,0.0,344.5,376.0,376.0,11.5,32.0,322.5,81F890,坪廓分校,,,,2025-07-31T23:00:00+08:00,,,,,,
97.0,24.1512,121.201772,2.7,-99.0,,0.0,37.0,0.0,74.0,131.0,199.0,0.0,6.0,57.5,C2H9L0,馬烈霸,-99.0,16.2,2025-07-31T23:00:00+08:00,2025-07-31T23:00:00+08:00,,-99,-99,陰,150.0,0.6
,23.279811,120.705319,,,,1.0,235.5,4.0,492.0,1120.0,1170.5,17.0,61.5,436.5,C1V160,達卡努瓦,,,,2025-07-31T23:00:00+08:00,,,,,,
,22.175595,120.836703,,,,0.0,62.0,2.0,236.0,445.0,584.0,6.0,41.0,218.0,01Q860,牡丹,,,,2025-07-31T23:00:00+08:00,,,,,,
,23.739861,120.870126,,,,0.0,60.5,0.0,215.0,463.5,500.5,4.0,9.0,189.5,81I550,郡坑,,,,2025-07-31T23:00:00+08:00,,,,,,
,23.706388,121.4125,,,,0.0,1.5,0.0,5.5,10.0,10.0,0.0,1.5,5.5,81T1C0,明利國小,,,,2025-07-31T23:00:00+08:00,,,,,,
86.0,25.207031,121.690022,,993.4,0.0,0.0,0.0,0.0,0.0,0.0,4.5,0.0,0.0,0.0,C0AJ20,野柳,,28.4,,2025-07-31T23:00:00+08:00,2025-07-31T23:00:00+08:00,,,,276.0,2.9
,22.532409,120.954393,,,,0.0,18.0,0.0,32.0,221.0,244.0,3.0,9.0,32.0,O1S660,賓茂國小,,,,2025-07-31T23:00:00+08:00,,,,,,
79.0,24.75861,120.9608,8.0,-99.0,,0.0,0.0,0.0,0.0,0.0,21.5,0.0,0.0,0.0,CAD090,國三S103K,-99.0,28.3,2025-07-31T23:00:00+08:00,2025-07-31T23:00:00+08:00,,-99,7-10,晴,230.0,3.6
90.0,22.614594,120.26468,8.1,-99.0,,0.0,0.0,0.0,4.0,12.5,86.5,0.0,0.0,4.0,CAP070,高雄燈塔,-99.0,28.0,2025-07-31T23:00:00+08:00,2025-07-31T23:00:00+08:00,,-99,-99,陰,250.0,3.4
98.0,21.900836,120.855269,,998.8,32.0,0.0,8.5,0.0,32.0,38.0,138.0,0.0,0.0,32.0,C0R620,墾雷,,27.6,,2025-07-31T23:00:00+08:00,2025-07-31T23:00:00+08:00,,,,112.0,4.1
79.0,25.129036,121.923372,,994.0,-99.0,0.0,12.5,0.0,12.5,12.5,14.5,0.0,0.0,12.5,C0A950,鼻頭角,,29.3,,2025-07-31T23:00:00+08:00,2025-07-31T23:00:00+08:00,,,,272.0,1.7
88.0,24.959207,121.525196,3.0,997.9,,0.0,0.0,0.0,0.0,0.0,39.0,0.0,0.0,0.0,466881,新北,5.8,27.2,2025-07-31T23:00:00+08:00,2025-07-31T23:00:00+08:00,,0,>30,晴,220.0,0.3
81.0,25.074453,121.427281,,980.5,0.0,0.0,0.0,0.0,0.0,0.0,47.5,0.0,0.0,0.0,C0AI00,五股,,29.3,,2025-07-31T23:00:00+08:00,2025-07-31T23:00:00+08:00,,,,242.0,2.1
91.0,23.492864,120.290611,,1000.0,4.0,0.0,2.0,0.0,4.0,10.5,51.5,0.0,0.0,4.0,C0M740,六腳,,28.1,,2025-07-31T23:00:00+08:00,2025-07-31T23:00:00+08:00,,,,191.0,2.3
,25.288486,121.544109,,,,0.0,0.0,0.0,0.0,0.0,9.0,0.0,0.0,0.0,01A350,富貴角,,,,2025-07-31T23:00:00+08:00,,,,,,
96.0,24.041897,120.699472,,993.1,294.5,0.0,85.0,0.0,327.0,550.5,551.0,18.5,53.0,294.5,C0FA50,霧峰,,24.5,,2025-07-31T23:00:00+08:00,2025-07-31T23:00:00+08:00,,,,91.0,1.5
99.0,23.756972,120.681556,1.3,-99.0,,0.0,140.5,0.0,257.5,487.5,487.5,39.5,56.0,251.5,U2HA50,臺大竹山,-99.0,24.1,2025-07-31T23:00:00+08:00,2025-07-31T23:00:00+08:00,,-99,-99,陰,0.0,0.0
71.0,24.827853,121.014219,5.9,997.1,,0.0,0.0,0.0,0.0,0.0,30.0,0.0,0.0,-990.0,467571,新竹,4.5,29.5,2025-07-31T23:00:00+08:00,2025-07-31T23:00:00+08:00,,0,>30,晴,190.0,2.3
95.0,23.241856,120.641658,,926.3,313.5,1.0,187.0,1.0,327.0,719.0,808.5,5.0,60.0,313.5,C0M850,表湖,,22.5,,2025-07-31T23:00:00+08:00,2025-07-31T23:00:00+08:00,,,,0.0,0.2
100.0,23.852589,120.693481,1.8,-99.0,,0.0,208.5,0.0,316.0,502.0,502.0,41.0,52.5,309.5,C2H9H0,苗改南投蜂場,-99.0,23.9,2025-07-31T23:00:00+08:00,2025-07-31T23:00:00+08:00,,-99,-99,陰,210.0,0.4
82.0,22.587569,120.993375,,995.6,14.5,0.0,7.0,0.0,17.5,76.5,87.5,3.0,6.0,14.5,C0S960,香蘭,,26.5,,2025-07-31T23:00:00+08:00,2025-07-31T23:00:00+08:00,,,,307.0,0.4
99.0,23.674194,120.255722,,999.9,1.5,0.0,0.0,0.0,1.5,27.0,54.5,0.0,0.0,1.5,C0K590,雲林東勢,,28.1,,2025-07-31T23:00:00+08:00,2025-07-31T23:00:00+08:00,,,,172.0,2.3
92.0,23.94835,120.479122,,998.0,41.5,0.0,26.0,0.0,43.0,89.0,89.5,0.0,2.5,41.5,C0G660,溪湖,,26.7,,2025-07-31T23:00:00+08:00,2025-07-31T23:00:00+08:00,,,,141.0,0.5
90.0,23.596111,120.523333,5.7,-99.0,,0.0,55.5,0.0,81.0,204.5,219.0,0.0,39.0,81.0,CAL050,國三N279K,-99.0,27.2,2025-07-31T23:00:00+08:00,2025-07-31T23:00:00+08:00,,-99,>30,陰,190.0,2.4
95.0,23.219333,119.444892,,997.0,0.0,0.0,0.0,0.0,0.0,0.0,56.5,0.0,0.0,0.0,C0W180,七美,,26.8,,2025-07-31T23:00:00+08:00,2025-07-31T23:00:00+08:00,,,,207.0,5.4
95.0,23.011789,120.249453,4.9,-99.0,,0.0,0.5,0.0,5.0,20.0,50.5,0.0,0.0,5.0,CAN040,國一N323K,-99.0,27.8,2025-07-31T23:00:00+08:00,2025-07-31T23:00:00+08:00,,-99,-99,陰,170.0,1.3
,24.618333,121.285833,,,,0.0,0.0,0.0,0.0,0.0,0.5,0.0,0.0,0.0,81D770,秀巒國小,,,,2025-07-31T23:00:00+08:00,,,,,,
-99.0,24.206469,120.902794,-99.0,-99.0,,,,,,,,,,-99.0,C2FB50,出雲,-99.0,-99.0,2025-07-31T23:00:00+08:00,,,-99,-99,陰,-99.0,-99.0
93.0,22.392861,120.55478,,1001.9,15.0,0.0,1.0,0.0,15.0,95.0,178.5,0.0,1.0,15.0,C0R910,下寮,,27.8,,2025-07-31T23:00:00+08:00,2025-07-31T23:00:00+08:00,,,,227.0,2.4
75.0,24.908472,121.185333,5.4,-99.0,,0.0,0.0,0.0,0.0,0.0,43.0,0.0,0.0,0.0,82C160,茶改場,-99.0,27.7,2025-07-31T23:00:00+08:00,2025-07-31T23:00:00+08:00,,-99,-99,晴,220.0,1.9
,24.624996,121.751929,,,,0.0,0.0,0.0,0.0,0.0,1.0,0.0,0.0,0.0,01U120,新寮(1),,,,2025-07-31T23:00:00+08:00,,,,,,
,24.829997,121.748477,,,,0.0,0.0,0.0,0.0,0.0,8.0,0.0,0.0,0.0,01U460,五峰,,,,2025-07-31T23:00:00+08:00,,,,,,
100.0,24.067969,121.209389,3.0,-99.0,,0.0,11.5,0.0,47.0,93.0,179.5,0.0,6.0,46.0,C2D740,屯原,-99.0,15.4,2025-07-31T23:00:00+08:00,2025-07-31T23:00:00+08:00,,-99,-99,陰,50.0,1.3
87.0,22.810031,121.109308,,954.8,47.0,0.0,9.0,0.5,55.5,131.0,137.0,1.0,7.0,47.0,C0SA10,檳榔四格山,,25.1,,2025-07-31T23:00:00+08:00,2025-07-31T23:00:00+08:00,,,,106.0,0.8
,22.657883,121.02325,,,,0.0,5.0,0.0,15.0,73.5,84.0,1.5,3.0,12.0,C1S800,華源,,,,2025-07-31T23:00:00+08:00,,,,,,
,22.428117,120.629228,,,,0.0,3.5,0.0,58.5,199.5,280.0,0.0,1.0,58.5,C1R250,力里,,,,2025-07-31T23:00:00+08:00,,,,,,
82.0,24.686369,121.797944,,998.5,-99.0,0.0,0.0,0.0,0.0,0.0,0.5,0.0,0.0,0.0,C0U780,五結,,28.4,,2025-07-31T23:00:00+08:00,2025-07-31T23:00:00+08:00,,,,260.0,0.9
77.0,24.700036,120.859128,,999.8,0.0,0.0,0.0,0.0,0.0,0.0,11.0,0.0,0.0,0.0,C0E930,龍鳳,,28.6,,2025-07-31T23:00:00+08:00,2025-07-31T23:00:00+08:00,,,,179.0,2.0
96.0,22.893178,120.401947,,995.2,65.0,1.0,26.5,2.0,65.5,79.0,180.5,2.0,7.5,65.0,C0V370,古亭坑,,26.6,,2025-07-31T23:00:00+08:00,2025-07-31T23:00:00+08:00,,,,0.0,0.2
96.0,23.380564,119.494075,,995.3,0.0,0.0,0.0,0.0,0.0,2.0,108.0,0.0,0.0,0.0,C0W190,望安,,26.4,,2025-07-31T23:00:00+08:00,2025-07-31T23:00:00+08:00,,,,196.0,6.6
87.0,24.308519,120.614471,9.9,-99.0,,0.0,1.5,0.0,144.5,203.5,204.0,1.0,1.0,128.0,CAF060,國三S168K,-99.0,25.3,2025-07-31T23:00:00+08:00,2025-07-31T23:00:00+08:00,,-99,>30,陰,150.0,2.4
,24.368617,120.940228,,,,0.5,26.0,1.0,72.0,113.5,166.0,1.0,1.5,70.0,C1E451,象鼻,,,,2025-07-31T23:00:00+08:00,,,,,,
83.0,25.066739,121.628153,3.0,-99.0,,0.0,0.0,0.0,0.0,0.0,43.0,0.0,0.0,0.0,CAA010,國一N013K,-99.0,29.1,2025-07-31T23:00:00+08:00,2025-07-31T23:00:00+08:00,,-99,-99,晴,100.0,0.6
77.0,24.917736,120.968711,,998.4,0.0,0.0,0.0,0.0,0.0,0.0,24.5,0.0,0.0,0.0,C0D690,外湖,,29.0,,2025-07-31T23:00:00+08:00,2025-07-31T23:00:00+08:00,,,,213.0,8.7
73.0,24.726316,120.940643,6.2,-99.0,,0.0,0.0,0.0,0.0,0.0,10.0,0.0,0.0,0.0,CAD010,國一S105K,-99.0,29.0,2025-07-31T23:00:00+08:00,2025-07-31T23:00:00+08:00,,-99,7-10,晴,230.0,2.6
97.0,24.388792,121.268675,,693.5,-99.0,0.0,6.0,0.0,32.0,36.0,40.5,0.0,0.0,32.0,C0F9Z0,雪山東峰,,10.2,,2025-07-31T23:00:00+08:00,2025-07-31T23:00:00+08:00,,,,192.0,2.5
98.0,23.268528,121.305469,,981.5,26.5,0.0,19.5,0.0,28.5,47.5,48.5,0.5,4.5,26.5,C0Z300,東里,,23.9,,2025-07-31T23:00:00+08:00,2025-07-31T23:00:00+08:00,,,,126.0,0.3
,23.728722,120.712097,,,,0.0,98.0,0.0,192.5,443.5,443.5,23.5,28.5,174.5,C1I201,中心崙,,,,2025-07-31T23:00:00+08:00,,,,,,
97.0,23.610292,120.436867,6.3,-99.0,,0.0,8.5,0.0,30.0,59.0,124.0,0.0,4.0,30.0,CAL010,國一N250K,-99.0,27.3,2025-07-31T23:00:00+08:00,2025-07-31T23:00:00+08:00,,-99,-99,陰,180.0,3.7
88.0,23.253328,120.375253,,998.6,23.5,0.0,16.0,0.0,24.0,63.5,134.0,0.0,1.0,23.5,C0X320,柳營,,27.1,,2025-07-31T23:00:00+08:00,2025-07-31T23:00:00+08:00,,,,165.0,3.7
83.0,23.425381,120.522903,,985.3,87.0,0.0,65.0,0.0,87.0,196.5,267.5,0.0,19.5,87.0,C0M640,中埔,,27.4,,2025-07-31T23:00:00+08:00,2025-07-31T23:00:00+08:00,,,,195.0,2.8
96.0,25.182586,121.529731,1.8,-99.0,,0.0,0.0,0.0,0.0,0.0,61.0,0.0,0.0,0.0,466910,鞍部,1.9,21.7,2025-07-31T23:00:00+08:00,2025-07-31T23:00:00+08:00,,0,>30,晴,200.0,0.5
,25.052193,121.582507,,,,0.0,0.0,0.0,0.0,0.0,45.5,0.0,0.0,0.0,A1AB40,玉成,,,,2025-07-31T23:00:00+08:00,,,,,,
69.0,24.618069,120.948578,,989.0,1.0,0.0,0.0,0.0,1.0,1.0,9.0,0.0,0.0,1.0,C0E850,大河,,26.2,,2025-07-31T23:00:00+08:00,2025-07-31T23:00:00+08:00,,,,180.0,3.5
,23.25163,120.57636,,,,0.0,135.5,0.0,235.0,482.0,556.5,0.0,47.5,225.0,C1M400,菜瓜坪,,,,2025-07-31T23:00:00+08:00,,,,,,
,23.955381,120.416991,,,,0.0,15.0,0.0,28.0,67.0,69.0,0.0,0.0,27.0,01G240,萬興(2),,,,2025-07-31T23:00:00+08:00,,,,,,
,23.403864,120.649071,,,,1.5,149.5,3.0,263.5,578.5,611.5,26.0,56.5,252.5,81M790,麻竹湖步道,,,,2025-07-31T23:00:00+08:00,,,,,,
80.0,24.675286,121.587061,,952.3,0.0,0.0,0.0,0.0,0.0,0.0,0.5,0.0,0.0,0.0,C0U650,玉蘭,,25.7,,2025-07-31T23:00:00+08:00,2025-07-31T23:00:00+08:00,,,,332.0,0.5
92.0,26.169467,119.923158,13.4,989.0,,0.0,0.0,0.0,0.0,0.0,0.0,0.0,0.0,0.0,467990,馬祖,9.2,27.9,2025-07-31T23:00:00+08:00,2025-07-31T23:00:00+08:00,,0,16-20,多雲,210.0,7.0
78.0,24.498589,120.673878,,999.9,60.5,0.0,0.0,0.0,63.5,69.0,70.5,0.0,0.0,60.5,C0E920,通霄漁港,,27.6,,2025-07-31T23:00:00+08:00,2025-07-31T23:00:00+08:00,,,,187.0,5.2
92.0,21.921689,120.735817,,999.7,30.0,0.0,3.5,0.0,30.0,46.0,195.0,0.0,0.0,30.0,C0R350,貓鼻頭,,27.6,,2025-07-31T23:00:00+08:00,2025-07-31T23:00:00+08:00,,,,272.0,4.3
83.0,24.96,121.4306,3.7,-99.0,,0.0,0.0,0.0,0.0,0.0,56.0,0.0,0.0,0.0,CAA060,國三S042K,-99.0,28.6,2025-07-31T23:00:00+08:00,2025-07-31T23:00:00+08:00,,-99,7-10,晴,240.0,2.0
72.0,24.564569,120.824575,,994.5,-99.0,0.0,0.0,0.0,23.0,23.5,29.0,0.0,0.0,10.0,C0E750,苗栗,,27.8,,2025-07-31T23:00:00+08:00,2025-07-31T23:00:00+08:00,,,,204.0,2.0
91.0,24.225972,120.800917,6.4,-99.0,,0.0,38.0,0.0,380.0,457.0,595.5,6.0,19.0,355.0,K2F750,種苗繁殖,-99.0,23.5,2025-07-31T23:00:00+08:00,2025-07-31T23:00:00+08:00,,-99,-99,陰,170.0,3.7
,24.037079,121.604462,,,,0.0,0.0,0.0,11.0,12.0,16.0,0.0,0.0,11.0,01T500,北埔,,,,2025-07-31T23:00:00+08:00,,,,,,
89.0,23.8004,120.467383,,997.3,33.5,0.0,3.0,0.0,33.5,78.5,82.5,0.0,0.5,33.5,C0K420,西螺,,27.7,,2025-07-31T23:00:00+08:00,2025-07-31T23:00:00+08:00,,,,192.0,1.9
99.0,23.670306,120.798194,1.8,-99.0,,0.0,75.5,0.5,229.0,425.0,455.0,7.0,11.0,200.5,U2H480,臺大溪頭,-99.0,19.4,2025-07-31T23:00:00+08:00,2025-07-31T23:00:00+08:00,,-99,-99,陰,150.0,1.0
100.0,24.971197,121.823711,,955.6,9.5,0.0,9.5,0.0,9.5,9.5,27.5,0.0,0.0,9.5,C0A550,泰平,,23.1,,2025-07-31T23:00:00+08:00,2025-07-31T23:00:00+08:00,,,,0.0,0.0
86.0,22.1043,120.897883,,998.2,52.5,0.0,8.5,0.0,53.5,109.5,197.0,0.5,6.0,52.5,C0R860,鼻頭,,27.9,,2025-07-31T23:00:00+08:00,2025-07-31T23:00:00+08:00,,,,233.0,2.5
99.0,24.226944,121.308522,0.0,-99.0,,0.0,7.5,0.0,39.5,0.0,-99.0,0.0,0.0,39.0,E2HA20,畢祿溪站,-99.0,14.5,2025-07-31T23:00:00+08:00,2025-07-31T23:00:00+08:00,,-99,-99,陰,0.0,0.0
,24.171842,121.571269,,,,0.0,1.5,0.0,20.0,20.0,24.5,0.0,0.0,20.0,C1T830,布洛灣,,,,2025-07-31T23:00:00+08:00,,,,,,
95.0,23.8263,120.444175,4.0,-99.0,,0.0,10.0,0.0,14.0,65.5,67.0,0.0,10.0,14.0,C2G980,田頭村,-99.0,26.4,2025-07-31T23:00:00+08:00,2025-07-31T23:00:00+08:00,,-99,-99,陰,150.0,1.8
100.0,23.492842,121.306883,,881.1,23.5,0.0,17.5,0.5,26.0,41.5,68.5,1.0,3.5,23.5,C0Z250,瑞穗林道,,19.6,,2025-07-31T23:00:00+08:00,2025-07-31T23:00:00+08:00,,,,271.0,0.6
100.0,24.381675,121.4203,,695.5,36.0,0.0,4.0,0.0,36.0,36.5,42.0,0.0,0.0,36.0,C0F0D0,審馬陣,,10.0,,2025-07-31T23:00:00+08:00,2025-07-31T23:00:00+08:00,,,,-99.0,-99.0
95.0,24.407306,118.289281,9.1,996.7,,0.0,0.0,0.0,0.0,0.0,0.0,0.0,0.0,0.0,467110,金門,10.0,27.8,2025-07-31T23:00:00+08:00,2025-07-31T23:00:00+08:00,,-99,11-15,陰,240.0,3.7
92.0,24.044302,120.381361,,1000.1,2.0,0.0,2.0,0.0,2.0,26.5,27.5,2.0,2.0,2.0,C0G960,福寶,,26.8,,2025-07-31T23:00:00+08:00,2025-07-31T23:00:00+08:00,,,,131.0,5.0
,23.037536,121.301007,,,,0.0,12.0,0.0,19.0,48.0,49.0,3.0,7.0,18.0,01S870,北源,,,,2025-07-31T23:00:00+08:00,,,,,,
97.0,23.126042,120.46055,1.6,-99.0,,0.0,34.5,0.0,61.5,103.5,230.5,0.0,11.0,54.5,C2O930,玉井,-99.0,26.5,2025-07-31T23:00:00+08:00,2025-07-31T23:00:00+08:00,,-99,-99,陰,0.0,0.1
85.0,24.734764,121.781922,1.5,-99.0,,0.0,0.0,0.0,0.0,0.0,2.0,0.0,0.0,0.0,CAUB40,國五S041K,-99.0,28.3,2025-07-31T23:00:00+08:00,2025-07-31T23:00:00+08:00,,-99,-99,多雲,330.0,0.9
,22.545635,120.569592,,,,0.0,8.0,0.0,24.0,200.0,275.0,1.0,1.0,24.0,01R440,泗林,,,,2025-07-31T23:00:00+08:00,,,,,,
86.0,24.254322,120.720692,,974.4,226.5,0.0,16.0,0.0,234.5,274.0,281.0,7.0,14.0,226.5,C0F9M0,豐原,,27.9,,2025-07-31T23:00:00+08:00,2025-07-31T23:00:00+08:00,,,,170.0,2.0
,24.192044,121.388386,,,,0.0,3.5,0.0,29.5,5.0,-99.0,0.0,0.0,29.5,C1T810,慈恩,,,,2025-07-31T23:00:00+08:00,,,,,,
,24.102039,120.879897,,,,0.0,26.5,0.5,316.5,483.0,636.0,3.5,14.0,290.0,C1H920,長豐,,,,2025-07-31T23:00:00+08:00,,,,,,
93.0,26.358836,120.483631,9.0,-99.0,,0.0,0.0,0.0,0.0,0.0,0.0,0.0,0.0,0.0,CAW010,東引,-99.0,28.5,2025-07-31T23:00:00+08:00,2025-07-31T23:00:00+08:00,,-99,3-6,晴有靄,130.0,2.6
,23.666719,121.370128,,,,0.0,10.5,0.5,20.5,33.5,34.0,0.5,5.0,19.0,C1T950,太安,,,,2025-07-31T23:00:00+08:00,,,,,,
,24.680365,121.246763,,,,0.0,0.0,0.0,0.0,0.0,17.5,0.0,0.0,0.0,81D640,錦屏國小,,,,2025-07-31T23:00:00+08:00,,,,,,
,23.800493,120.464851,,,,0.0,2.0,0.0,30.0,70.0,74.0,0.0,1.0,30.0,01J100,西螺(2),,,,2025-07-31T23:00:00+08:00,,,,,,
93.0,25.002703,121.628328,,990.7,-99.0,0.0,0.0,0.0,0.0,0.0,40.0,0.0,0.0,0.0,C0AH80,深坑,,27.8,,2025-07-31T23:00:00+08:00,2025-07-31T23:00:00+08:00,,,,0.0,0.0
100.0,23.434056,120.727169,1.3,-99.0,,0.0,146.0,5.0,282.5,760.0,810.0,16.5,40.0,268.5,C2M940,日野賀,-99.0,20.0,2025-07-31T23:00:00+08:00,2025-07-31T23:00:00+08:00,,-99,-99,陰,260.0,0.3
,22.910218,120.716048,,,,0.0,128.0,0.0,257.0,725.0,958.0,25.0,75.0,250.0,O1V550,多納(1),,,,2025-07-31T23:00:00+08:00,,,,,,
88.0,23.226933,120.256242,,1002.1,-99.0,0.5,2.5,0.5,4.0,14.5,29.5,0.5,0.5,4.0,C0X060,下營,,28.0,,2025-07-31T23:00:00+08:00,2025-07-31T23:00:00+08:00,,,,157.0,1.3
97.0,24.145736,120.684075,2.7,992.4,,0.0,50.5,0.0,393.0,539.0,540.5,18.0,37.5,375.0,467490,臺中,0.1,24.7,2025-07-31T23:00:00+08:00,2025-07-31T23:00:00+08:00,,0,>30,陰,180.0,0.8
,25.113693,121.565711,,,,0.0,0.0,0.0,0.0,0.0,72.5,0.0,0.0,0.0,A1AC80,明德樂園,,,,2025-07-31T23:00:00+08:00,,,,,,
,24.564908,121.308179,,,,0.0,0.0,0.0,2.0,2.0,2.0,0.0,0.0,2.0,21D170,鎮西堡,,,,2025-07-31T23:00:00+08:00,,,,,,
92.0,22.419456,120.552375,,1000.7,13.5,0.0,2.0,0.0,13.5,92.0,172.5,0.0,2.0,13.5,C0R540,佳冬,,28.1,,2025-07-31T23:00:00+08:00,2025-07-31T23:00:00+08:00,,,,218.0,0.8
,24.017338,121.088627,,,,0.0,14.5,0.5,69.5,127.5,170.5,0.5,5.5,68.5,88H890,南豐,,,,2025-07-31T23:00:00+08:00,,,,,,
,22.526997,120.678346,,,,0.0,25.0,2.0,97.0,402.0,507.0,2.0,10.0,97.0,01Q350,新來義,,,,2025-07-31T23:00:00+08:00,,,,,,
93.0,24.797294,121.190033,2.7,-99.0,,0.0,0.0,0.0,0.0,0.0,23.5,0.0,0.0,0.0,CAD710,國三N077K,-99.0,25.7,2025-07-31T23:00:00+08:00,2025-07-31T23:00:00+08:00,,-99,7-10,晴,340.0,1.2
80.0,24.885,121.0889,3.9,-99.0,,0.0,0.0,0.0,0.0,0.0,37.5,0.0,0.0,0.0,CAD020,國一N077K,-99.0,27.7,2025-07-31T23:00:00+08:00,2025-07-31T23:00:00+08:00,,-99,-99,晴,150.0,1.0
,23.805589,120.837618,,,,0.0,86.5,0.0,322.0,731.0,750.5,6.0,6.5,308.0,81H930,玉峰國小,,,,2025-07-31T23:00:00+08:00,,,,,,
,23.173397,120.594092,,,,0.0,114.5,0.5,269.5,560.5,710.5,2.5,17.5,254.5,C1O880,關山,,,,2025-07-31T23:00:00+08:00,,,,,,
,25.061696,121.511708,,,,0.0,0.0,0.0,0.0,0.0,54.0,0.0,0.0,0.0,A1A9X0,太平國小,,,,2025-07-31T23:00:00+08:00,,,,,,
92.0,22.584861,120.543442,,999.9,36.0,0.0,23.5,0.0,36.0,153.5,239.5,1.0,2.0,36.0,C0R650,竹田,,28.7,,2025-07-31T23:00:00+08:00,2025-07-31T23:00:00+08:00,,,,115.0,0.3
,22.590969,120.933236,,,,0.0,16.0,0.0,31.5,144.0,165.5,4.5,6.0,30.0,C1S820,金峰,,,,2025-07-31T23:00:00+08:00,,,,,,
92.0,23.061614,120.298197,,1001.3,7.5,0.0,4.5,0.0,7.5,19.0,41.0,0.0,0.0,7.5,C0O980,新市,,28.2,,2025-07-31T23:00:00+08:00,2025-07-31T23:00:00+08:00,,,,0.0,0.2
,24.907093,121.580097,,,,0.0,0.0,0.0,0.0,0.0,29.5,0.0,0.0,0.0,L1A790,翡翠,,,,2025-07-31T23:00:00+08:00,,,,,,
,24.728728,121.226523,,,,0.0,0.0,0.0,0.0,0.0,15.5,0.0,0.0,0.0,81D630,尖石國小,,,,2025-07-31T23:00:00+08:00,,,,,,
,23.779975,120.871686,,,,0.0,81.0,0.0,257.0,622.0,649.0,4.0,7.0,236.0,O1H540,龍神橋,,,,2025-07-31T23:00:00+08:00,,,,,,
,22.419298,120.683098,,,,0.0,13.0,1.0,108.0,387.0,485.0,1.0,4.0,108.0,01R030,大漢山,,,,2025-07-31T23:00:00+08:00,,,,,,
100.0,23.223772,121.406639,,983.4,19.5,0.0,11.0,0.0,21.5,28.0,28.0,0.0,2.0,19.5,C0S940,石寧山,,23.9,,2025-07-31T23:00:00+08:00,2025-07-31T23:00:00+08:00,,,,18.0,1.7
88.0,24.718133,121.687664,,994.4,0.0,0.0,0.0,0.0,0.0,0.0,2.0,0.0,0.0,0.0,C0U900,內城,,27.8,,2025-07-31T23:00:00+08:00,2025-07-31T23:00:00+08:00,,,,0.0,0.0
-99.0,25.02955,121.53628,-99.0,-99.0,,,,,,,,,,-99.0,CAAH60,大安森林,-99.0,-99.0,2025-07-31T23:00:00+08:00,,,-99,-99,晴,-99.0,-99.0
95.0,24.494171,121.536209,,802.0,6.5,0.0,0.0,0.0,6.5,6.5,6.5,0.0,0.0,6.5,C0UB90,太平山莊,,17.6,,2025-07-31T23:00:00+08:00,2025-07-31T23:00:00+08:00,,,,352.0,3.1
96.0,23.504106,120.490742,3.9,-99.0,,0.0,65.5,0.0,77.5,162.0,240.5,0.0,30.0,77.5,CAM900,國三S290K,-99.0,26.5,2025-07-31T23:00:00+08:00,2025-07-31T23:00:00+08:00,,-99,7-10,陰,180.0,0.8
98.0,23.761225,120.688156,,984.0,248.5,0.0,141.0,0.0,255.5,486.0,486.0,38.5,53.0,248.5,C0I110,竹山,,24.4,,2025-07-31T23:00:00+08:00,2025-07-31T23:00:00+08:00,,,,0.0,0.0
,22.886245,120.664037,,,,0.0,77.5,0.0,158.0,425.0,647.0,12.0,41.5,150.0,81V960,茂林國小,,,,2025-07-31T23:00:00+08:00,,,,,,
,24.982222,121.690278,,,,0.0,0.0,0.0,0.0,0.0,36.0,0.0,0.0,0.0,81AJ30,華梵大學,,,,2025-07-31T23:00:00+08:00,,,,,,
,25.103294,121.555611,,,,0.0,0.0,0.0,0.0,0.0,61.0,0.0,0.0,0.0,A1AA30,至善國中,,,,2025-07-31T23:00:00+08:00,,,,,,
92.0,25.233153,121.595236,,975.6,-99.0,0.0,0.0,0.0,0.0,0.0,27.0,0.0,0.0,0.0,C0A931,三和,,27.3,,2025-07-31T23:00:00+08:00,2025-07-31T23:00:00+08:00,,,,315.0,0.8
91.0,22.894167,120.271178,7.5,-99.0,,0.0,3.0,0.0,3.0,3.5,78.0,0.0,0.0,3.0,CAV270,國一S336K,-99.0,28.1,2025-07-31T23:00:00+08:00,2025-07-31T23:00:00+08:00,,-99,21-30,陰,190.0,2.7
,23.417015,121.279375,,,,0.0,19.0,0.0,30.0,44.0,49.0,0.0,2.0,28.0,01T240,苗圃,,,,2025-07-31T23:00:00+08:00,,,,,,
,24.991596,121.657883,,,,0.0,0.0,0.0,0.0,0.0,40.0,0.0,0.0,0.0,01A130,石碇(2),,,,2025-07-31T23:00:00+08:00,,,,,,
94.0,22.0744,120.716247,,1001.6,61.0,0.0,7.0,0.0,61.0,81.5,330.5,1.5,5.5,61.0,C0R320,車城,,27.7,,2025-07-31T23:00:00+08:00,2025-07-31T23:00:00+08:00,,,,275.0,0.8
92.0,23.721453,120.378864,5.5,-99.0,,0.0,0.5,0.0,11.0,51.5,91.5,0.0,0.0,11.0,C2K620,馬光農場,-99.0,27.2,2025-07-31T23:00:00+08:00,2025-07-31T23:00:00+08:00,,-99,-99,陰,170.0,3.2
99.0,23.973672,120.68085,,988.7,220.0,0.0,106.0,0.0,226.0,404.0,404.0,19.0,33.5,220.0,C0H960,草屯,,24.3,,2025-07-31T23:00:00+08:00,2025-07-31T23:00:00+08:00,,,,198.0,2.4
92.0,22.598922,120.980044,6.5,-99.0,,0.0,8.0,0.0,13.5,65.5,76.5,3.5,5.5,13.0,E2S980,太麻里(1),-99.0,25.0,2025-07-31T23:00:00+08:00,2025-07-31T23:00:00+08:00,,-99,-99,陰,300.0,1.3
,23.154217,120.813603,,,,0.0,179.5,1.0,457.5,1334.0,1429.0,15.0,42.0,416.5,C1V220,小關山,,,,2025-07-31T23:00:00+08:00,,,,,,
97.0,22.779194,120.494589,,995.2,51.5,0.5,16.0,0.5,51.5,84.0,251.0,2.5,5.0,51.5,C0R590,里港,,27.5,,2025-07-31T23:00:00+08:00,2025-07-31T23:00:00+08:00,,,,155.0,1.8
,23.949895,120.854392,,,,0.0,75.5,0.0,322.5,532.0,580.5,3.5,32.0,301.0,81I520,九份二山,,,,2025-07-31T23:00:00+08:00,,,,,,
78.0,25.13605,121.53987,2.2,-99.0,,0.0,0.0,0.0,0.0,0.0,69.7,0.0,0.0,0.0,A0A460,文化大學,-99.0,26.5,2025-07-31T23:00:00+08:00,2025-07-31T23:00:00+08:00,,-99,-99,晴,350.0,0.3
93.0,23.987857,120.369607,6.9,-99.0,,0.0,0.5,0.0,2.5,12.5,13.0,0.0,0.0,2.5,CAG080,西濱S189K,-99.0,26.7,2025-07-31T23:00:00+08:00,2025-07-31T23:00:00+08:00,,-99,16-20,陰,150.0,4.4
,23.959722,120.686389,,,,0.0,123.5,0.0,249.0,451.5,451.5,26.5,38.5,240.5,81HA60,中興新村,,,,2025-07-31T23:00:00+08:00,,,,,,
99.0,23.411322,120.308333,,999.4,3.5,0.0,2.5,0.0,4.0,11.0,44.0,0.0,0.5,3.5,C0M780,鹿草,,27.7,,2025-07-31T23:00:00+08:00,2025-07-31T23:00:00+08:00,,,,161.0,1.9
98.0,24.711158,121.116933,,976.6,-99.0,0.0,0.0,0.0,0.0,0.0,7.0,0.0,0.0,0.0,C0D540,橫山,,25.2,,2025-07-31T23:00:00+08:00,2025-07-31T23:00:00+08:00,,,,248.0,0.5
,24.572486,120.734842,,,,0.0,0.0,0.0,9.0,9.5,13.5,0.0,0.0,9.0,C1E601,南勢,,,,2025-07-31T23:00:00+08:00,,,,,,
86.0,23.633639,120.551889,6.3,991.8,,0.0,79.5,0.0,111.0,217.5,219.5,0.0,45.5,107.5,467290,古坑,0.0,27.5,2025-07-31T23:00:00+08:00,2025-07-31T23:00:00+08:00,,0,>30,陰,190.0,3.3
89.0,23.873803,120.581286,5.0,997.0,,0.0,99.5,0.0,168.5,251.0,251.0,4.0,22.0,168.5,467270,田中,0.0,27.2,2025-07-31T23:00:00+08:00,2025-07-31T23:00:00+08:00,,0,>30,陰,160.0,2.6
,24.090736,121.032224,,,,0.0,15.0,0.0,127.0,222.0,344.0,1.0,9.0,116.0,00H810,惠蓀(2),,,,2025-07-31T23:00:00+08:00,,,,,,
87.0,22.079678,120.714425,7.8,-99.0,,0.0,4.5,0.0,51.0,68.0,305.0,0.5,3.0,51.0,12Q980,恆春工作站,-99.0,28.2,2025-07-31T23:00:00+08:00,2025-07-31T23:00:00+08:00,,-99,-99,陰,280.0,3.8
100.0,23.248397,120.986133,,768.9,106.0,0.0,39.5,0.5,115.0,228.5,238.5,1.0,4.5,106.0,C0S750,向陽,,14.8,,2025-07-31T23:00:00+08:00,2025-07-31T23:00:00+08:00,,,,269.0,0.4
,24.538278,121.002836,,,,0.0,0.0,0.0,8.0,8.5,18.0,0.0,0.0,8.0,C1E670,南礦,,,,2025-07-31T23:00:00+08:00,,,,,,
77.0,24.522345,120.725006,8.1,-99.0,,0.0,0.0,0.0,57.5,62.5,71.0,0.0,0.0,50.0,CAE080,國三S140K,-99.0,27.5,2025-07-31T23:00:00+08:00,2025-07-31T23:00:00+08:00,,-99,7-10,多雲,190.0,1.5
98.0,22.568,120.528,2.7,-99.0,,0.5,18.5,0.5,29.5,177.5,246.0,1.5,3.5,29.5,CAQ020,國三S415K,-99.0,27.2,2025-07-31T23:00:00+08:00,2025-07-31T23:00:00+08:00,,-99,11-15,陰有雨,130.0,1.2
,23.345833,121.303333,,,,0.0,6.0,0.0,6.5,13.0,14.0,0.0,0.5,6.5,81T900,卓溪國小,,,,2025-07-31T23:00:00+08:00,,,,,,
,23.0325,120.6625,,,,0.0,183.0,0.0,352.0,673.5,803.0,0.0,31.0,330.5,81V840,新發國小,,,,2025-07-31T23:00:00+08:00,,,,,,
83.0,24.982361,121.471042,4.5,-99.0,,0.0,0.0,0.0,0.0,0.0,45.0,0.0,0.0,0.0,CAA050,國三S037K,-99.0,28.8,2025-07-31T23:00:00+08:00,2025-07-31T23:00:00+08:00,,-99,-99,晴,210.0,2.2
,24.902389,121.649896,,,,0.0,0.0,0.0,0.5,0.5,28.5,0.0,0.0,0.5,L1A810,九芎根,,,,2025-07-31T23:00:00+08:00,,,,,,
95.0,23.097486,121.373428,4.2,995.4,,0.0,10.5,0.5,19.0,40.5,41.0,1.0,3.5,17.0,467610,成功,0.1,24.7,2025-07-31T23:00:00+08:00,2025-07-31T23:00:00+08:00,,0,21-30,陰,270.0,1.4
,24.449458,121.77722,,,,0.0,0.0,0.0,4.0,4.0,5.0,0.0,0.0,4.0,01U470,武塔,,,,2025-07-31T23:00:00+08:00,,,,,,
79.0,24.79778,121.0089,6.0,-99.0,,0.0,0.0,0.0,0.0,0.0,21.0,0.0,0.0,0.0,CAD050,國一N094K,-99.0,28.8,2025-07-31T23:00:00+08:00,2025-07-31T23:00:00+08:00,,-99,-99,晴,210.0,2.4
,24.780225,121.180437,,,,0.0,0.0,0.0,0.0,0.0,25.0,0.0,0.0,0.0,01D300,關西(3),,,,2025-07-31T23:00:00+08:00,,,,,,
91.0,24.183494,120.48713,,999.3,72.5,0.0,1.5,0.0,75.5,101.0,101.0,0.0,0.0,72.5,C0G950,防潮門,,26.0,,2025-07-31T23:00:00+08:00,2025-07-31T23:00:00+08:00,,,,144.0,4.7
,24.011505,120.822421,,,,0.0,65.5,0.0,362.0,567.5,580.5,7.5,24.0,341.0,81H950,福龜國小,,,,2025-07-31T23:00:00+08:00,,,,,,
,24.066314,120.953395,,,,0.0,31.0,2.0,217.0,361.0,512.0,3.0,18.0,211.0,01H720,清流(1),,,,2025-07-31T23:00:00+08:00,,,,,,
100.0,22.024633,120.69355,,984.4,39.0,0.0,9.0,0.0,39.0,50.5,322.0,2.5,7.0,39.0,C0R730,大坪頂,,26.2,,2025-07-31T23:00:00+08:00,2025-07-31T23:00:00+08:00,,,,31.0,1.5
-99.0,23.740011,119.604189,-99.0,-99.0,,,,,,,,,,-99.0,A0W080,吉貝,-99.0,-99.0,2025-07-31T23:00:00+08:00,,,-99,-99,陰,-99.0,-99.0
-99.0,23.682947,121.5274,,921.9,11.5,0.0,3.5,0.0,11.5,16.5,19.5,0.0,2.5,11.5,C0T9H0,加路蘭山,,24.2,,2025-07-31T23:00:00+08:00,2025-07-31T23:00:00+08:00,,,,297.0,2.7
73.0,25.01125,121.508111,,997.1,0.0,0.0,0.0,0.0,0.0,0.0,44.5,0.0,0.0,0.0,C0AH10,永和,,30.5,,2025-07-31T23:00:00+08:00,2025-07-31T23:00:00+08:00,,,,158.0,0.8
-99.0,24.388594,121.236339,,-99.0,-99.0,,,,,,,,,,C0F0A0,雪山圈谷A,,-99.0,,,2025-07-31T23:00:00+08:00,,,,-99.0,-99.0
,25.154997,121.503915,,,,0.0,0.0,0.0,0.0,0.0,78.0,0.0,0.0,0.0,A1A9T0,大屯國小,,,,2025-07-31T23:00:00+08:00,,,,,,
88.0,22.5434,120.461558,,1002.0,6.5,0.0,5.0,0.0,6.5,95.0,162.0,0.0,2.0,6.5,C0R560,新園,,29.3,,2025-07-31T23:00:00+08:00,2025-07-31T23:00:00+08:00,,,,181.0,0.7
,23.628333,120.870556,,,,0.0,48.0,0.0,181.0,311.0,322.5,5.0,9.0,166.0,81H990,羅娜國小,,,,2025-07-31T23:00:00+08:00,,,,,,
87.0,24.092464,120.701378,,993.6,370.5,0.0,81.5,0.0,421.5,622.5,624.0,19.0,54.5,370.5,C0F9N0,大里,,27.4,,2025-07-31T23:00:00+08:00,2025-07-31T23:00:00+08:00,,,,121.0,1.4
,25.096391,121.604109,,,,0.0,0.0,0.0,0.0,0.0,56.0,0.0,0.0,0.0,A1AG20,大湖里,,,,2025-07-31T23:00:00+08:00,,,,,,
100.0,23.676986,120.163433,5.5,-99.0,,0.0,0.0,0.0,0.5,1.0,10.0,0.0,0.0,0.5,E2K600,四湖植物園,-99.0,28.4,2025-07-31T23:00:00+08:00,2025-07-31T23:00:00+08:00,,-99,-99,陰,10.0,1.2
88.0,23.020333,121.323642,,990.4,15.5,0.0,8.0,0.5,16.5,39.5,40.0,2.5,4.0,15.5,C0SA30,都歷,,25.3,,2025-07-31T23:00:00+08:00,2025-07-31T23:00:00+08:00,,,,323.0,0.5
93.0,23.877586,120.514222,1.8,-99.0,,0.0,42.0,0.0,58.0,140.0,140.0,2.0,4.5,58.0,C2G840,北斗,-99.0,26.2,2025-07-31T23:00:00+08:00,2025-07-31T23:00:00+08:00,,-99,-99,陰,170.0,0.3
,24.655722,120.955306,,,,0.0,0.0,0.0,0.0,0.0,3.0,0.0,0.0,0.0,01E400,三灣,,,,2025-07-31T23:00:00+08:00,,,,,,
99.0,22.813889,121.071278,2.0,-99.0,,0.0,20.0,0.0,86.0,184.0,192.0,0.5,13.5,77.5,72S590,賓朗果園,-99.0,23.3,2025-07-31T23:00:00+08:00,2025-07-31T23:00:00+08:00,,-99,-99,陰,240.0,0.4
,24.42364,120.869835,,,,0.0,2.0,1.0,28.0,38.0,39.0,2.0,2.0,26.0,01E270,大湖(1),,,,2025-07-31T23:00:00+08:00,,,,,,
99.0,23.0605,120.342194,3.0,-99.0,,0.5,11.5,3.0,17.0,46.5,73.5,3.0,5.0,17.0,72N100,臺南農改,-99.0,26.8,2025-07-31T23:00:00+08:00,2025-07-31T23:00:00+08:00,,-99,-99,陰有雨,150.0,1.8
93.0,22.701083,120.347722,,998.5,3.0,0.0,2.0,1.0,3.0,3.5,51.0,1.0,1.0,3.0,C0V680,仁武,,28.6,,2025-07-31T23:00:00+08:00,2025-07-31T23:00:00+08:00,,,,202.0,1.6
87.0,23.458911,120.153831,,1000.6,0.0,0.0,0.0,0.0,0.0,0.0,50.5,0.0,0.0,0.0,C0M710,東石,,28.4,,2025-07-31T23:00:00+08:00,2025-07-31T23:00:00+08:00,,,,174.0,3.0
94.0,23.737734,120.256132,6.3,-99.0,,0.0,0.5,0.0,0.5,13.5,14.0,0.0,0.5,0.5,CAJ030,西濱N222K,-99.0,27.8,2025-07-31T23:00:00+08:00,2025-07-31T23:00:00+08:00,,-99,11-15,陰,170.0,4.0
,23.644646,120.657625,,,,0.0,106.0,0.0,156.0,363.0,363.0,17.0,44.0,144.0,01H110,桶頭(2),,,,2025-07-31T23:00:00+08:00,,,,,,
,24.7975,121.334444,,,,0.0,0.0,0.0,0.0,0.0,23.5,0.0,0.0,0.0,81C780,奎輝國小,,,,2025-07-31T23:00:00+08:00,,,,,,
96.0,24.78333,121.1211,2.4,-99.0,,0.0,0.0,0.0,0.0,0.0,31.5,0.0,0.0,0.0,CAD080,國三N085K,-99.0,25.3,2025-07-31T23:00:00+08:00,2025-07-31T23:00:00+08:00,,-99,>30,晴,10.0,1.0
,23.240423,120.696717,,,,0.0,194.5,1.5,388.5,913.5,966.5,7.0,61.5,348.5,81V830,那瑪夏國中,,,,2025-07-31T23:00:00+08:00,,,,,,
,24.575833,121.844167,,,,0.0,0.0,0.0,0.0,0.0,0.0,0.0,0.0,0.0,81U910,永樂國小,,,,2025-07-31T23:00:00+08:00,,,,,,
,23.529649,120.739968,,,,0.0,135.0,4.0,318.0,811.0,850.0,18.0,28.0,277.0,O1M650,外來吉,,,,2025-07-31T23:00:00+08:00,,,,,,
91.0,25.14583,121.7217,1.3,-99.0,,0.0,0.0,0.0,0.0,0.0,17.0,0.0,0.0,0.0,CAB050,國三N002K,-99.0,27.2,2025-07-31T23:00:00+08:00,2025-07-31T23:00:00+08:00,,-99,-99,晴,210.0,0.6
88.0,23.023541,120.111633,,1001.8,0.0,0.0,0.0,0.0,0.0,14.0,57.5,0.0,0.0,0.0,C0N030,四草,,28.6,,2025-07-31T23:00:00+08:00,2025-07-31T23:00:00+08:00,,,,111.0,6.3
89.0,23.701544,120.197547,,1000.6,0.5,0.0,0.5,0.0,0.5,7.0,12.5,0.0,0.0,0.5,C0K530,臺西,,28.4,,2025-07-31T23:00:00+08:00,2025-07-31T23:00:00+08:00,,,,189.0,3.4
87.0,23.158558,121.400431,,997.4,19.5,0.0,11.5,0.0,21.5,37.0,37.5,0.5,2.5,19.5,C0SB70,小港漁港,,25.6,,2025-07-31T23:00:00+08:00,2025-07-31T23:00:00+08:00,,,,349.0,2.2
97.0,24.179597,121.495639,,944.6,24.0,0.0,2.0,0.0,24.0,26.0,27.5,0.0,0.0,24.0,C0T820,天祥,,22.0,,2025-07-31T23:00:00+08:00,2025-07-31T23:00:00+08:00,,,,0.0,0.1
,25.123897,121.503113,,,,0.0,0.0,0.0,0.0,0.0,77.5,0.0,0.0,0.0,A1AB70,奇岩,,,,2025-07-31T23:00:00+08:00,,,,,,
,22.690878,120.99909,,,,0.0,3.0,0.0,38.0,106.0,119.0,0.0,2.0,31.0,01S210,知本(5),,,,2025-07-31T23:00:00+08:00,,,,,,
,24.876212,121.562992,,,,0.0,0.0,0.0,0.0,0.0,14.0,0.0,0.0,0.0,01A440,大桶山,,,,2025-07-31T23:00:00+08:00,,,,,,
90.0,23.183289,120.248611,,999.6,-99.0,0.5,6.5,0.5,10.5,37.0,59.0,0.5,0.5,10.5,C0X120,麻豆,,29.1,,2025-07-31T23:00:00+08:00,2025-07-31T23:00:00+08:00,,,,168.0,3.6
94.0,25.08694,121.6869,2.5,-99.0,,0.0,0.0,0.0,0.0,0.0,32.0,0.0,0.0,0.0,CAB020,國一S006K,-99.0,27.0,2025-07-31T23:00:00+08:00,2025-07-31T23:00:00+08:00,,-99,-99,晴,350.0,1.8
74.0,24.798681,120.986942,,993.2,-99.0,0.0,0.0,0.0,0.0,0.0,25.5,0.0,0.0,0.0,C0D660,新竹市東區,,28.4,,2025-07-31T23:00:00+08:00,2025-07-31T23:00:00+08:00,,,,237.0,2.7
,25.092496,121.51671,,,,0.0,0.0,0.0,0.0,0.0,64.5,0.0,0.0,0.0,A1A9W0,陽明高中,,,,2025-07-31T23:00:00+08:00,,,,,,
88.0,23.623426,120.172646,8.9,-99.0,,0.0,0.0,0.0,0.5,4.5,25.5,0.0,0.0,0.5,CAJ040,西濱S241K,-99.0,28.5,2025-07-31T23:00:00+08:00,2025-07-31T23:00:00+08:00,,-99,21-30,陰,190.0,5.5
86.0,25.166678,121.706994,,999.4,0.0,0.0,0.0,0.0,0.0,0.0,12.5,0.0,0.0,0.0,C0B040,大武崙,,27.6,,2025-07-31T23:00:00+08:00,2025-07-31T23:00:00+08:00,,,,266.0,1.6
,25.002193,121.575304,,,,0.0,0.0,0.0,0.0,0.0,42.0,0.0,0.0,0.0,A1AA90,博嘉國小,,,,2025-07-31T23:00:00+08:00,,,,,,
99.0,22.709333,120.525889,2.6,-99.0,,0.5,35.5,1.0,55.5,98.0,201.5,2.0,3.0,51.0,72Q010,高雄農改,-99.0,26.1,2025-07-31T23:00:00+08:00,2025-07-31T23:00:00+08:00,,-99,-99,陰有雨,140.0,0.4
99.0,24.085272,121.173572,,784.6,67.0,0.0,14.5,1.0,69.5,119.5,222.0,1.0,7.0,67.0,C0I480,梅峰,,15.3,,2025-07-31T23:00:00+08:00,2025-07-31T23:00:00+08:00,,,,0.0,0.0
